,raw_series,harmonic_1,harmonic_2,harmonic_3,harmonic_4,harmonic_5,harmonic_6,harmonic_7,harmonic_9,harmonic_10,harmonic_13,harmonic_15,harmonic_18,harmonic_22,harmonic_23,harmonic_24,harmonic_29,harmonic_32,harmonic_38,harmonic_42,harmonic_53,harmonic_57,harmonic_63,harmonic_66,harmonic_71,harmonic_72,harmonic_73,harmonic_74,harmonic_77,harmonic_80,harmonic_82,harmonic_85,harmonic_86,harmonic_88,harmonic_89,harmonic_90,harmonic_91,harmonic_92,harmonic_93,all_38_harmonics
0,0.839833698,-0.18603389109294258,0.0832957563084621,-0.23928390174954525,0.012848039542703887,-0.11252715691146765,-0.0021424739515701215,-0.04207348561927035,-0.06204594678727654,-0.0046748317584155005,-0.0035494685147046054,0.02508860500557368,-3.89335621554676e-05,-0.022391368067756882,-0.06718524494353414,0.007940907312053996,-0.005807297219044534,0.04549580845114462,-0.0066360810225027655,-0.016759108220471025,-0.0074462700048458005,-0.02805589492402506,-0.015761274998544773,0.00033760659966234594,-0.022391368067756885,-0.0416392271935797,-0.021796889317855866,-0.013174148299654444,-0.04185029887123496,-0.0035494685147046032,-0.04830646470532023,0.06779315614079297,-0.042073485619270365,-0.11252715691146765,0.012848039542703903,-0.23928390174954525,0.0832957563084621,-0.1860338910929426,0.0,1.0527318183612515
1,1.193907726,-0.1879848632346181,0.08003548073454404,-0.26988145537680475,0.03902785265509697,-0.1563622141246814,0.07388545162132316,-0.04995874076823242,-0.09510812151468197,-0.027732117821525962,0.01439932637109341,0.04531481005462729,-0.03840555505381749,0.052589567162696596,-0.04554039448793825,-0.04411903958648704,0.01836201702677729,-0.022932638346562957,0.009406101057936805,0.016904048455889952,0.02226811423925114,0.015973672888699043,0.04070269480978666,0.020766776913337448,0.05258956716269659,-0.03938049477347528,0.0423917479220502,-0.027532693416725536,-0.008629046727741844,0.014399326371093412,-0.04560507817806555,0.054400989255914675,-0.04995874076823242,-0.15636221412468143,0.03902785265509697,-0.2698814553768047,0.08003548073454404,-0.18798486323461813,0.0,1.401180297544036
2,1.936394446,-0.18907810356158886,0.07531613724279776,-0.28943003051121324,0.062374684202540054,-0.1825233934379306,0.13793769981657725,-0.046876898352424194,-0.09407659141502375,-0.03860528632506655,0.02193638716149685,0.02285120230182675,-0.02663796845506803,0.031263340173588415,0.065646937778473,-0.003471721942018333,-0.008102991474885713,-0.01993396774218623,-0.009158442244231279,-0.015498524227235447,-0.032864116489261505,0.0038155868169490225,-0.02008918249518587,-0.01074809704002228,0.03126334017358841,0.029712625592423783,0.04026388427082784,-0.002420672479170144,0.033730961639413554,0.02193638716149685,-0.018853917306482774,0.02549987675930886,-0.04687689835242418,-0.18252339343793053,0.06237468420254004,-0.28943003051121324,0.07531613724279776,-0.18907810356158894,0.0,2.212936344395442
3,2.134834379,-0.1893086238689887,0.06922376070949095,-0.29712930618990807,0.0811938177485842,-0.1880536537816076,0.17963240190541702,-0.03350449396769293,-0.05932113229900967,-0.03251720614098045,0.0136118844139256,-0.021139882833893314,0.019902542314697992,-0.04731537501927953,0.04775787977510884,0.04447071924809175,-0.012223532864838871,0.04515201408619076,0.005972558837652291,0.012671452307055188,0.037223462965539036,-0.02176388786909825,-0.02300837784887894,-0.015378701433249365,-0.047315375019279515,0.04837912848804795,-0.024851708077888363,0.026161597864774955,0.040367552885501465,0.013611884413925596,0.01783983054975772,-0.010670886660471633,-0.03350449396769291,-0.1880536537816076,0.08119381774858417,-0.29712930618990807,0.06922376070949095,-0.18930862386898872,0.0,1.8261744850764754
4,2.223668339,-0.1886753723455271,0.061869416765285054,-0.292664073161977,0.09411919662402361,-0.1723279007451715,0.19221149808559834,-0.012777079257409247,-0.003300641949070816,-0.012142677843546733,-0.004554976052514232,-0.04521567670514338,0.040462483436789876,-0.039245544819793775,-0.06403372626653414,-0.001033087993132848,0.017363023788421555,-0.030394676276779685,-0.0008705505278205348,-0.00868213593628919,-0.03451887619114738,0.029211466587157762,0.040354692578134885,0.018457517954211813,-0.03924554481979377,-0.015060737783316885,-0.05108996222569273,0.017238889636994697,0.0042521186986556455,-0.004554976052514237,0.04512576865754178,-0.043799532591034404,-0.012777079257409212,-0.17232790074517151,0.09411919662402358,-0.29266407316197696,0.061869416765285054,-0.18867537234552711,0.0,2.3426250388392953
5,2.08533492,-0.1871812383726629,0.053387177039502284,-0.276217138592226,0.10021258422133307,-0.1371236420251386,0.17363611339255816,0.01075519947974987,0.05390303981038476,0.013566741041252042,-0.019428265816586063,-0.026695048525306807,0.008203123766789326,0.04069456793330012,-0.04992087245510117,-0.044366069151712886,-0.0009299607379776029,-0.011272620810717783,-0.004510749052510022,0.0038964811453750378,0.025263608263631374,-0.022564987228451773,-0.012535563349754811,0.006125854204381382,0.0406945679333001,-0.05294035658826171,0.0025955351004432942,-0.016397300916204147,-0.036366602751215484,-0.01942826581658606,0.04861469562786422,-0.0644415568982673,0.010755199479749903,-0.1371236420251386,0.10021258422133303,-0.276217138592226,0.053387177039502284,-0.18718123837266296,0.0,2.1297339447590025
6,2.40168684,-0.18483303934101958,0.04393167499897051,-0.24846184191437357,0.09903166938176582,-0.086420072810447,0.12691702747733657,0.03192646350338387,0.09178393084167923,0.033315606577379066,-0.020253541638629444,0.016974236857505074,-0.03476450748890563,0.04611080519446373,0.06234745111131728,0.005527297047483064,-0.016658524804436064,0.04295969095941187,0.008444903644104773,0.001246564691039296,-0.011214040498656326,0.005031268108935977,-0.02931351500671039,-0.021528439691363664,0.04611080519446373,-0.0009725432936036028,0.052220647699862954,-0.02652650146538631,-0.03847058118113581,-0.020253541638629444,0.026466730691033707,-0.06671221306054298,0.03192646350338389,-0.086420072810447,0.09903166938176575,-0.24846184191437357,0.043931674998970514,-0.18483303934101958,0.0,2.363556701549076
7,2.40168684,-0.18164148954419523,0.03367528693914869,-0.21053448823551987,0.09066217319276765,-0.02594830081410394,0.05962667426327766,0.0460891313383338,0.09676275003990989,0.03842724643461887,-0.0064340705748225585,0.04465256932607804,-0.032350915893709364,-0.03291557678478775,0.05202690451402945,0.0438061631489535,0.013549755660658466,-0.03661235258900222,-0.009669752121203403,-0.0062752737601006175,-0.004963626783178443,0.014929956138251032,0.038354564490859215,0.004666461644057521,-0.032915576784787744,0.05264581644930698,0.02015319513091105,0.0013723983401769308,0.00016844182231470864,-0.006434070574822555,-0.009638427746620722,-0.04996416941339467,0.04608913133833381,-0.025948300814103924,0.09066217319276759,-0.21053448823551982,0.03367528693914869,-0.18164148954419523,0.0,2.2281408302556582
8,2.134834379,-0.17762115129189843,0.022804989518807918,-0.16398782787155192,0.07571162660462916,0.037456450245418306,-0.017328231286988644,0.050134170260098,0.06705472456519264,0.026655859504537898,0.01203768978708211,0.030264967426744838,0.012293221440453143,-0.05166373317690082,-0.06059003638336448,-0.009964788554498148,0.006393802105556448,-0.00214977145878185,0.007792336836426343,0.01072840538729899,0.02019934171871842,-0.027687719091626106,-0.0044687367679186385,0.01918911883582124,-0.0516637331769008,0.016916621253268482,-0.043441369396615415,0.02730384299998583,0.0386290733069136,0.012037689787082109,-0.04066077476061602,-0.018972054168169154,0.050134170260098,0.0374564502454183,0.07571162660462911,-0.16398782787155194,0.022804989518807918,-0.1776211512918985,0.0,1.7047175087455502
9,2.34548169,-0.17279036846546914,0.01151895112623932,-0.11072748656677103,0.05526527054117018,0.09662743720848338,-0.09147450126875827,0.043173600791489734,0.013309382926757317,0.0031732095564348615,0.021805346779432504,-0.01263441224114637,0.040889916655017254,0.024199794846317735,-0.05407357293110983,-0.04279674663307581,-0.018393430133372916,0.03900859303720528,-0.0034149728575181178,-0.014197511717090851,-0.03160180766985893,0.027086607380964106,-0.034418553415975356,-0.01428606410008173,0.024199794846317728,-0.0475225237307687,-0.03907743366131156,0.014092799042193203,0.03617884925483766,0.021805346779432504,-0.05024071893867686,0.017428722946286865,0.043173600791489714,0.09662743720848338,0.055265270541170135,-0.11072748656677103,0.01151895112623933,-0.1727903684654692,0.0,2.4678048104556303
10,2.4873967219999997,-0.16717118281895524,2.291921728177081e-05,-0.052933948952019284,0.030807279658631236,0.14487646622557393,-0.15079418372299155,0.026735428708770093,-0.04520701470257123,-0.02170359133699347,0.015806191722777294,-0.043631266161146535,0.016109344244895654,0.05574629016352058,0.05876348732476082,0.01430002784643068,0.007540283831393518,-0.04133111488446224,-0.00205798761764746,0.016364401157653103,0.03700716743592915,-0.013416647641367935,0.0347841960268578,-0.012027442550429472,0.055746290163520576,-0.0313090815531861,0.026418179611530562,-0.019321526413353395,-0.00458727390224991,0.01580619172277729,-0.03332629008542191,0.04886081989604455,0.02673542870877006,0.14487646622557396,0.030807279658631198,-0.05293394895201926,2.2919217281766037e-05,-0.16717118281895524,0.0,2.4267205019889015
11,2.4873967219999997,-0.16078923340764456,-0.011473530515050238,0.007026710752303057,0.004113028018667193,0.17674987029399622,-0.1856724848895204,0.004428212479295497,-0.0875179128347379,-0.037044910302332985,-0.001621960846480818,-0.03352432680733996,-0.029700196902741786,-0.014795276839842001,0.056058542420550715,0.04134817758349149,0.012681229519687556,0.007061089789264039,0.006870701549924194,-0.01703032338689961,-0.03538964056714335,-0.006726626626574117,0.003781040422250401,0.02031548196380459,-0.014795276839841982,0.03804039446015168,0.05058590909501921,-0.025036724397731736,-0.04049515729699463,-0.0016219608464808162,0.0011627113441279385,0.0663633944478289,0.004428212479295464,0.1767498702939962,0.0041130280186671645,0.007026710752303038,-0.011473530515050238,-0.16078923340764462,0.0,2.750184241799757
12,2.211019261,-0.15367363960293612,-0.022760814760711953,0.06669969609282271,-0.022879783028497153,0.18864494619727926,-0.19045617706133644,-0.018851098673933635,-0.09845599190846464,-0.03611053243802048,-0.017877320702282498,0.008164941458102062,-0.036739413034591016,-0.058242284911205866,-0.05686988806111681,-0.018488529501629353,-0.0171470478026719,0.03346047873274045,-0.009479147144209617,0.016134199027604407,0.027056186731462723,0.023624412823837378,-0.038114492204381976,0.0018431885538614987,-0.05824228491120586,0.04282982633018245,-0.004381585846466493,0.005140449975903754,-0.03351587337737961,-0.017877320702282498,0.03503855856868584,0.06494671239824372,-0.01885109867393366,0.18864494619727926,-0.022879783028497164,0.06669969609282271,-0.022760814760711942,-0.15367363960293615,0.0,2.3643410794060293
13,1.9346418,-0.1458568682273272,-0.03363316335163408,0.12364198803842062,-0.04821178008974718,0.17921717396746054,-0.16436989847416142,-0.03799215823833158,-0.07410024461779649,-0.01931097704940114,-0.0212061099190631,0.04216224716286504,0.004180614636043942,0.00496967919775607,-0.05797954809615618,-0.03947532027887639,0.0003086497967271247,-0.04435777648035258,0.009046479139058818,-0.013758221938718108,-0.013588253675897766,-0.02912380362129456,0.02978975849054732,-0.02123948172071594,0.004969679197756065,-0.025069143635978623,-0.05249464670738414,0.02794833187773346,0.008959034344374624,-0.021206109919063094,0.05043687082143194,0.04501464958036928,-0.0379921582383316,0.1792171739674606,-0.04821178008974717,0.12364198803842061,-0.033633163351634084,-0.14585686822732724,0.0,2.1063567828374206
14,3.040151354,-0.13737458541574893,-0.043892370506144925,0.17552236246640882,-0.07004414612044292,0.14953219018554711,-0.11164182733477326,-0.04879306151198251,-0.023181551625142564,0.005972864179711304,-0.0092013778318031,0.03643968122922931,0.03964331188102701,0.059080680387651206,0.054911399223543246,0.02248731382516349,0.016913227750575438,0.015982869191694636,-0.005711506705221804,0.010120320272386267,-0.002458335670957572,0.02057143229889656,0.011876021373279122,0.008804271200459016,0.05908068038765119,-0.05042215573966093,-0.018486505782731557,0.010689793004813637,0.041945706174505215,-0.009201377831803102,0.03923736962118253,0.012249552627972803,-0.04879306151198251,0.14953219018554706,-0.07004414612044291,0.17552236246640882,-0.043892370506144925,-0.13737458541574896,0.0,2.587998064475074
15,3.044357777,-0.12826549387917294,-0.05335140817263392,0.22021683075202036,-0.08679209778569794,0.10294533732837038,-0.04081836019153237,-0.04888276074291622,0.036047104449044215,0.028632525034238056,0.009456602944111867,-0.0036116873267664938,0.02335604627684837,0.004997357548737513,0.059834398055602235,0.03719739276955674,-0.013121396915608794,0.026542488497517898,0.0005441604881450837,-0.005554167779731832,0.01803840423484708,-0.0020936790831306345,-0.0402500192036785,0.01682585597854079,0.004997357548737521,0.009798513674685648,0.04444142348064818,-0.021893515389219072,0.03050897928484651,0.00945660294411187,0.007346096299198312,-0.02400771694984279,-0.04888276074291621,0.1029453373283704,-0.0867920977856979,0.22021683075202036,-0.05335140817263391,-0.12826549387917294,0.0,2.9682840461730837
16,2.494848884,-0.1185711563130181,-0.06183783560024856,0.25589559611226526,-0.09723992284180653,0.044722403897011744,0.03662112542369942,-0.03824156487803558,0.08235384261145387,0.0387124740438334,0.021276789175868466,-0.04026058645405626,-0.023419956765754726,-0.05823761551438268,-0.052890255483331865,-0.02625534787865387,-0.0069730115478787436,-0.04556842549531985,0.004797764078185845,0.0004785787581626153,-0.03019530705025386,-0.017394240277621834,0.02357572474148584,-0.01723915801734258,-0.058237615514382675,0.05338969003687264,0.037846394991101054,-0.023090521242534853,-0.013238862970615555,0.021276789175868466,-0.02841913065614238,-0.05342072906966778,-0.03824156487803555,0.04472240389701173,-0.09723992284180649,0.2558955961122652,-0.06183783560024857,-0.1185711563130181,0.0,2.856320088191968
17,2.43548913,-0.1083358057561041,-0.06919694297925236,0.2810979657012181,-0.10062922712244475,-0.018555576306954154,0.108124898748398,-0.019205462204102713,0.09913894206779438,0.03178408139674709,0.01771234798869045,-0.038981115210939464,-0.03962379428913878,-0.014822167453623813,-0.061620975881437105,-0.03453776967430659,0.01840385600251917,0.024250308051509857,-0.008600463083072642,0.004640906218847559,0.03662201668927826,0.028489721280561972,0.019484796613912534,-0.008183778756430504,-0.014822167453623818,0.006370850533198081,-0.02795450752299531,0.008814789853117892,-0.04296583534505586,0.01771234798869045,-0.04919756871324744,-0.0676042537663347,-0.019205462204102682,-0.018555576306954143,-0.1006292271224447,0.2810979657012181,-0.06919694297925236,-0.10833580575610414,0.0,2.4958008353709937
18,2.807421375,-0.0976061437654408,-0.07529457184165075,0.2947921515467545,-0.09671398539455887,-0.07973618924192573,0.16210331524727423,0.00404668303875809,0.0803853958869696,0.01089133929920849,0.001340623133468291,-0.0009786276039355356,-0.004103147022766251,0.05573708426281929,0.05080876300215494,0.02975396653374693,-0.006968972587264701,0.018537845664596996,0.009643949170860847,-0.009334720375509756,-0.03609893013020442,-0.025839374592138288,-0.0407377056876,0.021341727754831435,0.05573708426281929,-0.05146024256276057,-0.05002413652441136,0.02808331529583543,-0.027189021779605575,0.0013406231334682887,-0.044031737554906906,-0.06251477057979449,0.004046683038758119,-0.07973618924192571,-0.09671398539455882,0.2947921515467545,-0.07529457184165074,-0.0976061437654408,0.0,3.1065333794899734
19,3.51429828,-0.08643112732773471,-0.08001956080543794,0.2964175120713597,-0.08577840001320666,-0.13190408973380952,0.189807316923641,0.02641048788277557,0.032815846234202424,-0.014786517273060755,-0.016000467317621433,0.037945797646950656,0.03677370526073617,0.024225132405023463,0.06333724305595204,0.03152374232512828,-0.01312445666160962,-0.04491349781644607,-0.007593449636356865,0.01317234009673497,0.028725314024849218,0.01072194943361132,0.01639649805147789,-0.0025149374526189337,0.024225132405023463,-0.021955870855448593,0.006162637123554429,0.007091909222234049,0.017382842947734005,-0.016000467317621433,-0.01564583103457506,-0.03960321852809582,0.0264104878827756,-0.13190408973380957,-0.08577840001320661,0.29641751207135963,-0.08001956080543794,-0.0864311273277347,0.0,3.255860163535289
20,2.922909958,-0.07486174547988773,-0.08328577207590233,0.28590750482418453,-0.0686162710385936,-0.16916265430005595,0.1867465179320392,0.042976580596951655,-0.026517302124343944,-0.03396791129922975,-0.02177208522397047,0.041122550200708395,0.029646549030007997,-0.05165025277602401,-0.04866929680069295,-0.03294726922865393,0.016911506724322282,0.031524936450406056,0.003106808684862103,-0.015801773194384753,-0.01590046676821987,0.009568642144430373,0.02629586199180597,-0.02008097687288897,-0.05165025277602398,0.04481078510912439,0.052708748370729704,-0.024066379806580024,0.043545076902901374,-0.02177208522397047,0.02099088265117443,-0.0054013541015202745,0.042976580596951676,-0.1691626543000559,-0.06861627103859355,0.28590750482418453,-0.08328577207590233,-0.07486174547988773,0.0,2.62631809328093
21,2.51470668,-0.06295078665771658,-0.0850336617603373,0.2636924107368019,-0.04647337531194244,-0.18730048618756762,0.1534170259694088,0.050108321180565414,-0.07634471052042155,-0.038225489294240536,-0.011800941544658158,0.0055589004911264445,-0.016180900847049585,-0.03293864017112418,-0.0649812412871668,-0.02818623872125504,0.0003130133195405022,0.009774261252063106,0.0023765630904760433,0.016981844154250008,5.817226308564557e-05,-0.02524251933406554,-0.03955758571419397,0.012581632859455781,-0.03293864017112419,0.035527066050068355,0.016798722996098314,-0.020723371796496585,0.02359006811828089,-0.011800941544658156,0.04655808365945593,0.03034035928986159,0.05010832118056543,-0.18730048618756767,-0.04647337531194239,0.2636924107368019,-0.0850336617603373,-0.06295078665771656,0.0,2.5445831384873494
22,2.9311702060000004,-0.05075259783442759,-0.08523136536890588,0.23068171837131185,-0.020957037118875133,-0.18426743646525856,0.09522103096822476,0.04624012784383609,-0.09880459252508514,-0.0256886825859096,0.006703119735920087,-0.035241633607118864,-0.040885972749891045,0.046093433951138844,0.04647429804869285,0.03580248835649613,-0.017148632397035922,-0.04241980625985506,-0.007097482482238757,-0.01660431511289049,0.015795161649743067,0.028737291019473723,0.008545996804735717,0.013773740600544733,0.04609343395113883,-0.034051215802684096,-0.04539076909429704,0.012328433786994858,-0.021348451433463846,0.006703119735920091,0.04757294421252895,0.057432469273239695,0.04624012784383607,-0.18426743646525856,-0.020957037118875105,0.23068171837131182,-0.0852313653689059,-0.050752597834427565,0.0,2.9696485766137153
23,2.209342754,-0.038322836547843124,-0.08387527871269268,0.18822688935174925,0.0060805454106005515,-0.16040633572526822,0.02159119450815527,0.03222115837318812,-0.08584568421552165,-0.0018655424431285597,0.02036035009528963,-0.04284201217771654,-0.012218925360365087,0.04071470075385067,0.06655109474327654,0.024559506166026607,0.01267806641864887,0.037508930246999875,0.009541377351633813,0.014703813595440842,-0.028651032170178375,-0.018366786636359024,0.03203037169012228,-0.019486478779858356,0.04071470075385066,-0.04583966591072671,-0.03657217289765076,0.027706332470986812,-0.043677487045819204,0.02036035009528963,0.02350027901376781,0.06815140195802584,0.0322211583731881,-0.1604063357252682,0.006080545410600561,0.18822688935174925,-0.08387527871269268,-0.0383228365478431,0.0,2.142534772842806
24,2.4970284019999998,-0.025718216947822062,-0.08099012360901818,0.13806602936640563,0.032676748979124766,-0.11841424337800552,-0.05553823725726249,0.011128900382958965,-0.042113405853964316,0.022777224552016504,0.01929560348031547,-0.010082131536884151,0.03239857882634387,-0.039224777126717104,-0.044226271279549256,-0.038290325505293106,0.007544264657530548,0.0006105174354428211,-0.008924193837080457,-0.011454656427507212,0.03606976808010514,-0.0008653939232681028,-0.03675797353382987,-0.004005070098590096,-0.0392247771267171,0.02016841834185679,0.02945893883426581,0.003364738064513531,-0.019749048435600068,0.01929560348031547,-0.0129652255329082,0.05944134261919569,0.011128900382958938,-0.11841424337800555,0.03267674897912477,0.13806602936640563,-0.08099012360901818,-0.02571821694782205,0.0,2.3922755687225843
25,2.724058438,-0.012996251022601973,-0.0766284971961902,0.08225272991673173,0.056900989419714255,-0.06303759459685432,-0.12366578845051349,-0.012406408300936386,0.016715396396204858,0.037412808417170824,0.004278767200194044,0.03217584271692818,0.0347233185825575,-0.04733200428572953,-0.06804501219300985,-0.020680759843212885,-0.018393282738110226,-0.03818944285086998,0.0054439376400307014,0.007154861136678706,-0.036643508554737074,0.019680035973576333,0.0003456214446956754,0.021494240704028937,-0.04733200428572953,0.05194778344130654,0.04940528550656311,-0.025800507774159237,0.025094995918415828,0.00427876720019404,-0.04259353648521531,0.033785404862006825,-0.01240640830093642,-0.0630375945968543,0.05690098941971425,0.0822527299167317,-0.0766284971961902,-0.012996251022601941,0.0,2.7531511201796364
26,2.631429794,-0.00021498618478771268,-0.07086991307380362,0.023071994039981374,0.07699486031427613,-0.0005357029541260028,-0.17174904739628605,-0.03321822379480194,0.0695521783885499,0.035611059262102465,-0.013831921194700544,0.044121857135275985,-0.008279396946491123,0.0312397670878066,0.04192778153258619,0.04038525209931663,0.006389709618992721,0.041957304032169344,-0.00021714955148127954,-0.002198811341685245,0.030263374298782425,-0.028999380376406633,0.03645355420803611,-0.006770101624296539,0.031239767087806576,-0.00443574355624459,-0.007936656719890668,-0.01797842981819651,0.04336170706656346,-0.013831921194700544,-0.049760205402907556,-0.0015022696272137817,-0.033218223794801965,-0.0005357029541260123,0.0769948603142761,0.02307199403998139,-0.07086991307380362,-0.00021498618478768043,0.0,2.4340015497614553
27,2.515285709,0.012567259585678467,-0.06381935174885332,-0.03705331198360996,0.0914997734510568,0.06202674007344214,-0.19199446903578707,-0.046737871878442805,0.09745637415909231,0.018163576331394492,-0.021941149674304744,0.014501906269769601,-0.040474274682364954,0.05260221959931536,0.069461289049456,0.01658980093886836,0.01355270856039574,-0.008578221036717248,-0.005079304768014311,-0.0029589166996395987,-0.01814012967761189,0.024326994853736583,-0.032453485598112265,-0.01810035447247133,0.05260221959931535,-0.05329117301791127,-0.05286270839601786,0.015617327122130063,0.015705376791237534,-0.021941149674304744,-0.030685899431910277,-0.036361668486500416,-0.04673787187844282,0.06202674007344213,0.09149977345105677,-0.03705331198360996,-0.06381935174885332,0.012567259585678489,0.0,2.730165011030752
28,1.97178168,0.025292163833083626,-0.05560534681340996,-0.09566165106101306,0.09936283586459266,0.11757819878662393,-0.18112058682034402,-0.049997477515486353,0.09042507965625107,-0.0072640814546269285,-0.014185370981440269,-0.028779884139589897,-0.01983445945804782,-0.022365660488941404,-0.03958145142630083,-0.042065771356823385,-0.016656669310015946,-0.032395599164501285,0.008746209237645476,0.007845248500772872,0.0025744147704348055,-0.007917229515550078,-0.007868903697899004,0.01584390099090733,-0.0223656604889414,-0.011703784225183743,-0.015091772561788206,0.02682425589948878,-0.028584031786289602,-0.014185370981440263,0.004570572788395932,-0.060854874623519795,-0.04999747751548635,0.11757819878662397,0.09936283586459262,-0.09566165106101306,-0.05560534681340996,0.025292163833083664,0.0,2.349812911745924
29,2.629037206,0.03790166573793271,-0.04637764174334442,-0.1503535909042115,0.1000132779801788,0.15983960055935126,-0.1408898871718036,-0.04228148197698112,0.05097882494112108,-0.029500262016475945,0.003827436887440263,-0.04494895213221523,0.02669705076812969,-0.05637535420931339,-0.07079830931502978,-0.012328608227303493,-0.0009343192819322966,0.044687940860487906,-0.009607142299567663,-0.012012002441962457,0.01347984936481179,-0.012312470445443119,0.03938432393356218,0.01015772666401658,-0.05637535420931337,0.04974661695068588,0.046288323016995134,-0.0004237731553490551,-0.042600977295039893,0.0038274368874402606,0.03741675982607269,-0.0679992245420458,-0.0422814819769811,0.1598396005593512,0.10001327798017874,-0.15035359090421146,-0.04637764174334442,0.03790166573793275,0.0,2.6834772749598197
30,2.629037206,0.05033823103515101,-0.036304460035277805,-0.19889003706999472,0.09340388504227103,0.18403406973151762,-0.07782313796929961,-0.02528372451065146,-0.006741968081495331,-0.038775490127450116,0.01907273646378484,-0.01877287182011257,0.03837851139252039,0.012855018036721717,0.037189958165908206,0.043314638876125466,0.017364470142845524,-0.017415766131735934,0.007385898172502844,0.015076997654926384,-0.026976029201715167,0.026601603437339867,-0.0268203481488853,-0.0209360208115627,0.012855018036721707,0.026769823511611463,0.03525622129148439,-0.027064285681846757,-0.011500546728226436,0.01907273646378484,0.05053127077716462,-0.055757966046335566,-0.025283724510651435,0.18403406973151767,0.09340388504227097,-0.19889003706999472,-0.03630446003527781,0.05033823103515104,0.0,2.625161526263456
31,3.087181918,0.06254511452973972,-0.02556943844788016,-0.23928390174954525,0.08001442437278884,0.1874268657112411,-0.002142473951570112,-0.002735605501073896,-0.062045946787276554,-0.031014690439058884,0.020527095032561653,0.02508860500557368,-3.89335621554676e-05,0.05854402316011348,0.07205454742535386,0.007940907312053994,-0.012220270017918002,-0.02527547584201662,-0.002795099587137398,-0.01675910822047102,0.03535294139214961,-0.02805589492402506,-0.01576127499854477,0.0003376065996623483,0.05854402316011348,-0.0416392271935797,-0.030929756961924654,-0.014905736323695018,0.03177975680766089,0.020527095032561646,0.036998186590321905,-0.02762090722307613,-0.002735605501073861,0.18742686571124112,0.08001442437278879,-0.23928390174954525,-0.025569438447880156,0.06254511452973975,0.0,3.0105174666682704
32,2.800075604,0.07446661901208554,-0.014368279255338082,-0.2698814553768047,0.06081681967905186,0.16963449519599444,0.07388545162132316,0.020413042104053807,-0.09510812151468194,-0.00962757353915481,0.007138908212619853,0.04531481005462729,-0.03840555505381749,-0.0029785165087131563,-0.034756030488601486,-0.04411903958648704,-0.008106909624350898,0.04558904813936798,-0.0026924268617061994,0.016904048455889956,-0.037020891054294784,0.015973672888699043,0.04070269480978665,0.020766776913337448,-0.002978516508713142,-0.03938049477347528,-0.048730062161712134,0.018621512465797012,0.04140310384813618,0.007138908212619854,0.003954160328731265,0.008390478036677014,0.020413042104053838,0.1696344951959944,0.060816819679051816,-0.2698814553768047,-0.014368279255338082,0.07446661901208558,0.0,2.581594613404839
33,1.9690689140000002,0.08604834939155348,-0.002905182543292692,-0.28943003051121324,0.03720460036348936,0.1326680590505087,0.13793769981657725,0.03908055545907092,-0.09407659141502375,0.015989421820425145,-0.011411215501150568,0.02285120230182675,-0.02663796845506803,-0.05904650524558701,-0.0732285699899555,-0.003471721942018333,0.018361722404432568,-0.025540307715055725,0.007316165058288751,-0.015498524227235447,0.031663349737002085,0.0038155868169490246,-0.02008918249518587,-0.010748097040022282,-0.059046505245586994,0.029712625592423783,0.009701620446934097,0.025453166069828788,0.00717770549305749,-0.01141121550115057,-0.031175086864966433,0.042009857759268535,0.039080555459070944,0.13266805905050874,0.03720460036348932,-0.28943003051121324,-0.0029051825432927017,0.08604834939155351,0.0,2.0203656709315423
34,3.1473648610000002,0.09723746088880936,0.008610876412565685,-0.2971293061899081,0.010891747018877025,0.08070593427263835,0.17963240190541702,0.049168984193172525,-0.059321132299009684,0.03458145801809094,-0.021710221180556814,-0.021139882833893314,0.019902542314697996,-0.006982754818449853,0.032282445550013264,0.044470719248091733,-0.005803155876132536,-0.017120571568817484,-0.009592720674413828,0.012671452307055188,-0.02029702333590768,-0.02176388786909825,-0.02300837784887894,-0.01537870143324936,-0.0069827548184498555,0.04837912848804796,0.05295635111206682,-0.004204558878847627,-0.034649378519303525,-0.021710221180556814,-0.04986419549909744,0.0636528266103598,0.049168984193172525,0.08070593427263835,0.010891747018876997,-0.297129306189908,0.008610876412565688,0.0972374608888094,0.0,3.145647314699616
35,3.263295587,0.10798290015442738,0.019969956820876756,-0.2926640731619769,-0.01621172421566292,0.0196214851779749,0.19221149808559834,0.048463685172829556,-0.003300641949070816,0.03798011617714556,-0.016311197364782135,-0.04521567670514338,0.040462483436789876,0.057868499619880095,0.07431903742779103,-0.0010330879931328473,-0.013965496572860676,0.04462373443093664,0.00879172586804408,-0.008682135936289194,0.005078910813654617,0.029211466587157762,0.040354692578134885,0.018457517954211813,0.05786849961988007,-0.01506073778331688,0.013367602141211861,-0.02783467452514803,-0.03978037852839935,-0.016311197364782138,-0.042257490212410785,0.06714928306461146,0.04846368517282955,0.019621485177974903,-0.016211724215662922,-0.29266407316197696,0.019969956820876756,0.10798290015442744,0.0,3.1171605956004536
36,2.795153221,0.11823563821361399,0.0309649796505947,-0.27621713859222596,-0.04213840726652017,-0.043680812616214926,0.1736361133925582,0.037119487824274384,0.05390303981038477,0.0246921944144436,0.0008819788552703637,-0.0266950485253068,0.008203123766789328,0.016745294084946696,-0.02977202575543072,-0.04436606915171287,0.016382826333865508,-0.0326192260996624,-0.005170156943236229,0.003896481145375037,0.011103031618969035,-0.022564987228451773,-0.012535563349754806,0.00612585420438138,0.016745294084946703,-0.05294035658826171,-0.047133061123434565,-0.011561307325615514,-0.002781211286542352,0.0008819788552703661,-0.012366356424186596,0.05150243728925657,0.037119487824274364,-0.043680812616214926,-0.042138407266520156,-0.27621713859222596,0.03096497965059469,0.11823563821361402,0.0,2.972517883224785
37,2.6254252190000003,0.1279488941741746,0.0413955027363274,-0.24846184191437357,-0.06500631759889385,-0.10204579641116304,0.12691702747733663,0.017626705498133447,0.09178393084167927,0.0005557467120526586,0.01743742181737892,0.016974236857505078,-0.03476450748890563,-0.05504353280534101,-0.07532470549573222,0.0055272970474830665,0.0015545591690743245,-0.008264749084009211,-0.00011010915675998146,0.0012465646910392962,-0.0251779407992304,0.005031268108935979,-0.029313515006710394,-0.02152843969136366,-0.055043532805341,-0.0009725432936036028,-0.033900041697256696,0.021286222727026485,0.037163450719237434,0.01743742181737892,0.024046158169525666,0.02117298169897729,0.017626705498133412,-0.10204579641116307,-0.06500631759889383,-0.24846184191437354,0.0413955027363274,0.12794889417417465,0.0,2.6504695559204627
38,3.225652817,0.1370783486769949,0.051071374891864876,-0.21053448823551982,-0.08315550305059181,-0.1488763762193691,0.059626674263277675,-0.005735545833247638,0.09676275003990985,-0.023824868540634,0.021384372229707512,0.04465256932607804,-0.03235091589370936,-0.026031255426758354,0.02722763553937989,0.043806163148953504,-0.017560494713220857,0.04183151979183656,0.005355049878961019,-0.006275273760100618,0.034474807341177326,0.01492995613825103,0.03835456449085921,0.004666461644057519,-0.026031255426758354,0.05264581644930696,0.03236528367580668,0.023618058311135337,0.03774945269350807,0.021384372229707512,0.047777964804200636,-0.015192588787353047,-0.0057355458332476695,-0.14887637621936908,-0.08315550305059179,-0.21053448823551987,0.051071374891864876,0.13707834867699498,0.0,2.5970166688747374
39,2.33844084,0.1455823461151115,0.05981620241644365,-0.16398782787155194,-0.09526853762183121,-0.17887921468213594,-0.017328231286988627,-0.027838712372394797,0.06705472456519264,-0.03773801783891524,0.009868905045917137,0.03026496742674483,0.01229322144045314,0.05065200451396928,0.07624442670827014,-0.009964788554498148,0.011748530067414093,-0.03836270953515255,-0.008881975808816986,0.01072840538729899,-0.03722935571908855,-0.02768771909162611,-0.004468736767918634,0.019189118835821247,0.05065200451396926,0.016916621253268475,0.04799923693194384,-0.007908694385311917,-0.0016438219113529085,0.009868905045917135,0.0463141283640891,-0.047226969043006085,-0.027838712372394825,-0.17887921468213597,-0.09526853762183116,-0.16398782787155194,0.05981620241644364,0.14558234611511156,0.0,2.3570186736244643
40,1.102074519,0.15342208469869237,0.06747056479842371,-0.11072748656677103,-0.10046615173200797,-0.18866304168595346,-0.09147450126875827,-0.043830638516552424,0.013309382926757317,-0.035070953221561695,-0.008782480340065119,-0.012634412241146375,0.040889916655017254,0.034576356582699204,-0.02465217809725396,-0.0427967466330758,0.008660304460225947,0.0009294331993651784,0.009559373504631694,-0.014197511717090851,0.032918852572682185,0.02708660738096411,-0.03441855341597535,-0.014286064100081732,0.034576356582699204,-0.0475225237307687,-0.011455514449054714,-0.028097629912310844,-0.03929617562460805,-0.008782480340065122,0.02042660095338941,-0.06579761446014076,-0.04383063851655243,-0.1886630416859535,-0.10046615173200793,-0.11072748656677099,0.06747056479842371,0.15342208469869242,0.0,1.5139866815865108
41,1.21800363,0.16056179349870414,0.07389492099325232,-0.05293394895201927,-0.09837105726624729,-0.1771219751938612,-0.15079418372299155,-0.05020072708943821,-0.04520701470257122,-0.016995450643296203,-0.02108350963005974,-0.043631266161146535,0.016109344244895647,-0.04481889943869902,-0.07707715164681701,0.01430002784643068,-0.018309211012399462,0.03732671781746382,-0.007169919264849641,0.016364401157653103,-0.022361306332049868,-0.013416647641367935,0.03478419602685779,-0.012027442550429472,-0.04481889943869899,-0.03130908155318609,-0.052989569670838836,-0.008006112646463793,-0.035331166390810125,-0.02108350963005974,-0.016232865968794974,-0.06561029907543592,-0.05020072708943821,-0.1771219751938611,-0.09837105726624724,-0.05293394895201929,0.07389492099325232,0.16056179349870423,0.0,1.4795194446043367
42,2.23034352,0.166968895661457,0.07897215329350092,0.0070267107523030664,-0.0891353344337982,-0.14556052090858565,-0.18567248488952035,-0.045550596510556186,-0.0875179128347379,0.008547010280828288,-0.018139666319170047,-0.03352432680733996,-0.029700196902741786,-0.042137400475759784,0.02204859207271466,0.04134817758349148,0.0052099806271451625,-0.04253561913484658,0.0024802012300790877,-0.01703032338689961,0.007560232951731413,-0.006726626626574119,0.0037810404222504037,0.020315481963804595,-0.042137400475759784,0.03804039446015168,-0.011628179044096526,0.02356287953511608,0.006051987271991231,-0.018139666319170043,-0.04433195367209209,-0.04671842383165683,-0.04555059651055618,-0.14556052090858568,-0.08913533443379813,0.0070267107523030664,0.07897215329350092,0.16696889566145703,0.0,2.485549346367442
43,3.112983238,0.17261415704931618,0.08260970241555346,0.06669969609282268,-0.07342939246149012,-0.09754612185020663,-0.19045617706133644,-0.0309010578524695,-0.09845599190846466,0.03033433866460163,-0.002079557883994409,0.008164941458102065,-0.036739413034591016,0.037710230137872926,0.07782193015711188,-0.018488529501629346,0.014362349700393994,0.010085564378353796,0.0030052185250450084,0.016134199027604407,0.008675553286441824,0.023624412823837367,-0.03811449220438196,0.0018431885538614965,0.03771023013787292,0.04282982633018246,0.04792401955211187,0.021352387121737083,0.04102566859184835,-0.002079557883994403,-0.04905264746289256,-0.014507792731024911,-0.03090105785246947,-0.09754612185020663,-0.07342939246149006,0.06669969609282268,0.08260970241555346,0.1726141570493162,0.0,3.0176274781147
44,2.8299917999999997,0.17747181962936678,0.08474125487975313,0.12364198803842061,-0.05239330545129683,-0.03850592441178598,-0.16436989847416142,-0.009468023231287205,-0.07410024461779649,0.03879426267342216,0.015484218373281376,0.04216224716286504,0.004180614636043948,0.04849919670147607,-0.0194198482046465,-0.039475320278876395,-0.01609029025567442,0.03129375562994099,-0.007526499757287878,-0.013758221938718111,-0.023264971227694803,-0.029123803621294558,0.02978975849054732,-0.02123948172071594,0.04849919670147605,-0.025069143635978623,0.03250518154048659,-0.011468652307739571,0.03255033451023539,0.015484218373281374,-0.02790549605741309,0.02183880301821342,-0.009468023231287176,-0.03850592441178598,-0.052393305451296786,0.12364198803842057,0.08474125487975313,0.17747181962936687,0.0,2.934838109968696
45,3.678981842,0.18151971900141023,0.08532795192262234,0.1755223624664088,-0.02755405586943859,0.02488666091196166,-0.11164182733477326,0.014043461185192306,-0.023181551625142564,0.030209911156955732,0.02185180668239922,0.03643968122922931,0.039643311881027016,-0.029528312249871274,-0.07847791243336377,0.022487313825163488,-0.0021730252760038607,-0.044967115489436965,0.009633118528886974,0.010120320272386265,0.033439372651453955,0.02057143229889656,0.011876021373279127,0.008804271200459016,-0.02952831224987126,-0.05042215573966093,-0.03376388101389015,-0.027848358097290207,-0.010398051053571646,0.02185180668239922,0.007957579757337688,0.05195946771606233,0.014043461185192329,0.02488666091196165,-0.02755405586943856,0.1755223624664088,0.08532795192262234,0.18151971900141028,0.0,3.242069985562556
46,3.587648461,0.1847393855290387,0.08435909790236724,0.22021683075202036,-0.000714692855576621,0.08546626607449778,-0.04081836019153237,0.03447208149027282,0.03604710444904422,0.008352822543043342,0.012418989137959715,-0.003611687326766496,0.02335604627684837,-0.05348068593493315,0.016768945937489826,0.03719739276955674,0.01773648244057113,0.018828791366689107,-0.008649226380305398,-0.00555416777973183,-0.037267951372666405,-0.0020936790831306345,-0.04025001920367851,0.016825855978540784,-0.05348068593493315,0.009798513674685648,-0.047213643702102966,-0.00430496442268706,-0.04233418268273654,0.012418989137959708,0.03962423699028654,0.0672672297471622,0.034472081490272845,0.08546626607449781,-0.0007146928555766019,0.22021683075202036,0.08435909790236724,0.18473938552903874,0.0,3.498202763909193
47,4.527971579,0.18711612861234972,0.0818523552832479,0.2558955961122652,0.026176548792304584,0.13638547879745078,0.03662112542369942,0.047333283658887164,0.08235384261145387,-0.017174082147435304,-0.005993638246584934,-0.040260586454056245,-0.023419956765754726,0.020506006507221494,0.07904434998789563,-0.02625534787865388,-0.011263384830978303,0.023979623410068217,0.004890477003579964,0.0004785787581626147,0.03402415423434583,-0.01739424027762183,0.02357572474148584,-0.017239158017342573,0.020506006507221473,0.053389690036872633,0.013196337501379442,0.02540997883613744,-0.029435492149945345,-0.005993638246584932,0.05039510813420052,0.06339806463282616,0.04733328365888717,0.13638547879745072,0.026176548792304584,0.2558955961122652,0.0818523552832479,0.1871161286123498,0.0,4.520545799756309
48,4.639406642,0.1886391037177843,0.07785342264419763,0.2810979657012181,0.051167668472985296,0.1718888168278627,0.108124898748398,0.04980373674204711,0.0991389420677944,-0.03515554666602635,-0.0200724401396326,-0.03898111521093946,-0.03962379428913877,0.056940092953272646,-0.01409890999882034,-0.034537769674306586,-0.009203817731609073,-0.04555765285247806,0.000437242228455936,0.0046409062188475575,-0.024323559816191293,0.028489721280561976,0.01948479661391254,-0.008183778756430504,0.056940092953272646,0.0063708505331980855,0.05296232616935574,0.018697456284836912,0.01463741676053118,-0.0200724401396326,0.03459018931995893,0.041455016125415856,0.0498037367420471,0.1718888168278627,0.051167668472985296,0.2810979657012181,0.07785342264419763,0.18863910371778433,0.0,4.786247608066427
49,4.968026411,0.1893013618592462,0.07243520158167892,0.2947921515467545,0.07244459299190606,0.18796327955108177,0.16210331524727425,0.041341119224526844,0.08038539588696962,-0.03769140705851173,-0.019637444373428386,-0.000978627603935532,-0.004103147022766253,-0.010900091424824267,-0.07952059650518221,0.02975396653374693,0.018235808478461794,0.026801165424183124,-0.0056246847808522115,-0.009334720375509756,0.010007059480865563,-0.025839374592138288,-0.0407377056876,0.021341727754831435,-0.010900091424824258,-0.05146024256276058,0.009875487983750158,-0.014819533674502502,0.043208290771997615,-0.019637444373428382,0.0005441824316109812,0.0076937341774719024,0.041341119224526816,0.18796327955108177,0.07244459299190605,0.2947921515467545,0.07243520158167892,0.18930136185924623,0.0,4.811739786723504
50,4.70655399,0.18909988130473146,0.06569646769435711,0.2964175120713597,0.08846285779823378,0.18279194404191088,0.18980731692364103,0.02380317112420517,0.03281584623420244,-0.023667532001220386,-0.005003183734688809,0.03794579764695064,0.036773705260736166,-0.05877896161657382,0.011412786948080041,0.03152374232512828,-0.00461086069575023,0.015683762590301135,0.009007607884466591,0.013172340096734975,0.006208490394094705,0.010721949433611318,0.016396498051477894,-0.0025149374526189307,-0.05877896161657378,-0.0219558708554486,-0.04866029580511145,-0.027091403371002805,0.026018601807611747,-0.005003183734688811,-0.03378879830274796,-0.028260921577484693,0.023803171124205144,0.18279194404191085,0.08846285779823373,0.2964175120713597,0.06569646769435711,0.18909988130473154,0.0,4.499323991228562
51,4.445081295,0.18803558136379878,0.057760069877891194,0.2859075048241846,0.09805971767767624,0.15695933484728417,0.1867465179320392,0.0010398771473501397,-0.026517302124343948,0.0007546831361032556,0.013248733545305678,0.041122550200708395,0.029646549030007997,0.0009839552783018303,0.07990610857930792,-0.032947269228653916,-0.014742815126378038,-0.04428305455494178,-0.009500697291114512,-0.01580177319438475,-0.021245848928504334,0.009568642144430374,0.026295861991805978,-0.02008097687288897,0.0009839552783018207,0.0448107851091244,-0.031073232381916435,-0.0005253355623365568,-0.018726582763938036,0.01324873354530568,-0.05030330339774396,-0.05615879193795782,0.0010398771473501156,0.15695933484728417,0.0980597176776762,0.2859075048241846,0.057760069877891194,0.1880355813637988,0.0,4.776243599527181
52,4.968026411,0.1861133181929706,0.04877069075717262,0.26369241073680194,0.10053854893022782,0.11338535421659848,0.15341702596940873,-0.02195169388282916,-0.07634471052042156,0.024845327922050076,0.02192087693730943,0.005558900491126444,-0.016180900847049585,0.05894495696990067,-0.008713641700397571,-0.028186238721255037,0.015779394864414667,0.03367629662020785,0.006945759349248864,0.016981844154250008,0.03225136177398122,-0.02524251933406554,-0.03955758571419397,0.012581632859455781,0.058944956969900666,0.03552706605006837,0.035123953151240915,0.026793847522783295,-0.043639023327778526,0.02192087693730943,-0.040290431634259376,-0.06804659222987211,-0.021951693882829186,0.11338535421659848,0.10053854893022776,0.2636924107368019,0.04877069075717262,0.18611331819297067,0.0,4.9096639709633045
53,3.073176373,0.18334186263820487,0.03889220908392329,0.23068171837131185,0.0957194163874548,0.05699524075429104,0.09522103096822473,-0.04012436105708815,-0.09880459252508512,0.03802016749771653,0.014742671783334478,-0.035241633607118864,-0.04088597274989104,0.008960184638243234,-0.08020044633400275,0.03580248835649614,0.002789011921673573,0.006745806687323262,-0.0021624729184250083,-0.01660431511289049,-0.03713650191191339,0.02873729101947372,0.00854599680473572,0.013773740600544737,0.00896018463824324,-0.03405121580268409,0.04637417884831587,0.015701665889653035,-0.022334725401938336,0.014742671783334481,-0.009030456965783836,-0.06053528025579487,-0.04012436105708817,0.05699524075429104,0.09571941638745475,0.2306817183713119,0.03889220908392329,0.18334186263820493,0.0,3.070512744069356
54,3.073176373,0.1797338602155366,0.028304712183839332,0.18822688935174925,0.08395213467465518,-0.005837138389718716,0.021591194508155283,-0.04948880417144505,-0.08584568421552165,0.034490830587188256,-0.003095530547445861,-0.04284201217771654,-0.012218925360365092,-0.05743335471754402,0.006004554029464594,0.0245595061660266,-0.017892232519706917,-0.04119550280088821,-0.0033145811795303806,0.014703813595440842,0.034974211484022966,-0.018366786636359024,0.03203037169012229,-0.019486478779858356,-0.057433354717544016,-0.0458396659107267,-0.014922103293226104,-0.017900251034712416,0.022623588687071542,-0.003095530547445863,0.02699171658337958,-0.035766223856128335,-0.04948880417144505,-0.005837138389718697,0.08395213467465512,0.18822688935174925,0.028304712183839335,0.17973386021553664,0.0,3.2017688572618557
55,3.073176373,0.1753057734124884,0.017201212917157798,0.13806602936640563,0.06609087561769239,-0.06800973619357155,-0.055538237257262514,-0.047989311658802096,-0.042113405853964316,0.015807932837706856,-0.01869544477268824,-0.010082131536884146,0.032398578826343866,-0.018649314031949586,0.0804032739245492,-0.038290325505293106,0.010765387868126218,0.039172716275804424,0.00772824658352899,-0.011454656427507212,-0.026174830475746553,-0.000865393923268104,-0.03675797353382987,-0.004005070098590093,-0.018649314031949586,0.02016841834185679,-0.05287465169294695,-0.02584056521770537,0.04362196045118269,-0.018695444772688242,0.048779846053904556,-0.0008007274999722523,-0.04798931165880209,-0.06800973619357159,0.06609087561769234,0.13806602936640558,0.01720121291715779,0.17530577341248846,0.0,3.198381534542467
56,3.073176373,0.170077806573516,0.005784131003320063,0.0822527299167317,0.04343216501014127,-0.12249508180402988,-0.12366578845051351,-0.035955056761537256,0.01671539639620485,-0.009820186813251643,-0.02077722663868862,0.03217584271692818,0.03472331858255749,0.0542871756784111,-0.003288615053458,-0.02068075984321289,0.00973682927999799,-0.0024683233340322516,-0.009662524820368458,0.0071548611366787085,0.012408226092809107,0.01968003597357633,0.0003456214446956784,0.021494240704028934,0.05428717567841107,0.05194778344130654,-0.00811152881246743,0.00326387030383767,0.01842166448992858,-0.02077722663868862,0.04484399177053896,0.03439304483823378,-0.03595505676153724,-0.12249508180402985,0.043432165010141244,0.08225272991673171,0.005784131003320063,0.1700778065735161,0.0,2.814938963742922
57,2.8170835660000004,0.16407381371221846,-0.00573839714388823,0.02307199403998139,0.01762076947557234,-0.16313460711020233,-0.17174904739628608,-0.016027836401432433,0.0695521783885499,-0.031133803282029002,-0.007835600226642727,0.044121857135275985,-0.008279396946491118,0.027807676313829653,-0.08051435992098697,0.04038525209931663,-0.01814159855624235,-0.03642140232190022,0.008496857968364944,-0.0021988113416852462,0.0037130995840595755,-0.028999380376406633,0.036453554208036115,-0.006770101624296539,0.027807676313829657,-0.004435743556244595,0.0493410497778722,0.02768925730399272,-0.026288445975668758,-0.007835600226642724,0.01725972099790876,0.05978185095958231,-0.016027836401432405,-0.16313460711020233,0.01762076947557231,0.02307199403998139,-0.00573839714388822,0.1640738137122185,0.0,2.8039660036737684
58,2.560975366,0.1573211896709452,-0.017156312798042667,-0.03705331198360996,-0.00946969502355595,-0.18533475981305925,-0.1919944690357871,0.007417864265895417,0.09745637415909231,-0.038768770261934024,0.010771720811326328,0.014501906269769596,-0.04047427468236496,-0.049595961395908175,0.000568923708018053,0.01658980093886836,0.004006479688657834,0.04306540032447085,-0.004605216940946599,-0.0029589166996395982,-0.019129786693604014,0.024326994853736583,-0.032453485598112265,-0.018100354472471325,-0.04959596139590817,-0.05329117301791127,0.029605828101512556,0.012419629985030224,-0.04315727723041374,0.010771720811326331,-0.019426439560438595,0.0681277045945519,0.00741786426589545,-0.18533475981305927,-0.00946969502355597,-0.037053311983609984,-0.01715631279804267,0.15732118967094522,0.0,2.6329322007262492
59,2.042236246,0.14985074512441365,-0.028261464346051802,-0.09566165106101304,-0.035872766555807074,-0.18658622018706894,-0.18112058682034402,0.029235172386187176,0.09042507965625106,-0.02937066181819768,0.021590323825478448,-0.028779884139589887,-0.019834459458047814,-0.036174620744178765,0.08053357757217902,-0.042065771356823385,0.01510645873285991,-0.011581399908076809,-0.0007638763988374001,0.007845248500772874,0.030916195329910714,-0.00791722951555008,-0.007868903697898999,0.01584390099090733,-0.03617462074417876,-0.011703784225183742,-0.03644394822087778,-0.02065464209855828,-0.014319572371757159,0.021590323825478448,-0.04586809432234628,0.05705132198601663,0.0292351723861872,-0.1865862201870689,-0.03587276655580707,-0.09566165106101301,-0.028261464346051802,0.1498507451244137,0.0,2.513829694554908
60,1.941332236,0.14169656599766758,-0.03885140194694996,-0.1503535909042115,-0.05967188015999921,-0.16674753361053332,-0.1408898871718036,0.044634684882493315,0.05097882494112108,-0.007068540824885347,0.016797591634699436,-0.04494895213221522,0.02669705076812968,0.04349322574895952,0.002151416789693315,-0.012328608227303493,-0.015450494897367493,-0.030156205352520567,0.005887901815373494,-0.012012002441962457,-0.03683560711056963,-0.012312470445443119,0.03938432393356219,0.01015772666401658,0.043493225748959516,0.04974661695068587,-0.0454818002152091,-0.024118646746757913,0.02968354823460439,0.016797591634699436,-0.04812127354322652,0.029710421730643036,0.044634684882493336,-0.16674753361053335,-0.0596718801599992,-0.1503535909042115,-0.03885140194694994,0.14169656599766758,0.0,1.8104397668413603
61,2.042236246,0.13289585793981853,-0.04873306824588069,-0.19889003706999472,-0.07913948882762378,-0.12806109941382882,-0.07782313796929963,0.05023585305803242,-0.006741968081495341,0.018339146535167702,-0.00014099051018645495,-0.018772871820112568,0.03837851139252039,0.04351202065932985,-0.08046090495043669,0.04331463887612546,-0.003401816254146405,0.04519498182388375,-0.009122962116116927,0.015076997654926384,0.0357646894283886,0.026601603437339864,-0.0268203481488853,-0.020936020811562695,0.04351202065932985,0.026769823511611463,0.016630842694519844,0.006993574953744119,0.042249741944133626,-0.00014099051018645733,-0.024997766304814456,-0.006100495725234553,0.05023585305803242,-0.12806109941382882,-0.07913948882762377,-0.19889003706999472,-0.048733068245880695,0.13289585793981853,0.0,1.825379898047368
62,1.78695096,0.12348877656320285,-0.05772631786058194,-0.23928390174954525,-0.09286246391549273,-0.07489970879977341,-0.0021424739515701215,0.04480909112034425,-0.062045946787276526,0.035689522197474385,-0.016977626517857048,0.02508860500557368,-3.8933562155465205e-05,-0.0361526550923566,-0.004869302481819731,0.007940907312053996,0.018027567236962534,-0.020220332609128,0.009431180609640164,-0.01675910822047103,-0.027906671387303808,-0.02805589492402506,-0.01576127499854477,0.00033760659966234594,-0.03615265509235657,-0.041639227193579695,0.05272664627978051,0.02807988462334946,0.010070542063574068,-0.016977626517857045,0.01130827811499833,-0.04017224891771682,0.04480909112034424,-0.07489970879977341,-0.09286246391549267,-0.2392839017495452,-0.05772631786058194,0.12348877656320288,0.0,1.5386798650210354
63,1.911888526,0.11351824422253254,-0.06566720147920597,-0.26988145537680475,-0.09984467233414883,-0.013272281071313003,0.07388545162132316,0.02954569866417861,-0.09510812151468197,0.03735969136068077,-0.021538234583713265,0.04531481005462729,-0.03840555505381749,-0.049611050653983434,0.08029642497653973,-0.04411903958648704,-0.010255107402426395,-0.02265640979280503,-0.006713674196230604,0.016904048455889952,0.014752776815043648,0.015973672888699046,0.04070269480978666,0.02076677691333745,-0.049611050653983434,-0.03938049477347527,0.006338314239661941,0.008911180950928528,-0.03277405712039434,-0.021538234583713258,0.04165091784933428,-0.06279146729259169,0.029545698664178586,-0.013272281071313022,-0.09984467233414877,-0.26988145537680475,-0.06566720147920596,0.11351824422253255,0.0,1.7011784822882288
64,2.35866432,0.10302975417003539,-0.07241095469950509,-0.28943003051121324,-0.09957928456602942,0.04985533438742183,0.13793769981657722,0.007796342893353264,-0.09407659141502378,0.022615864504641404,-0.010525171660346281,0.022851202301826738,-0.026637968455068033,0.027783165071998597,0.007581632211482509,-0.00347172194201833,-0.010258730929546859,0.04547427545724195,0.0018422771859425268,-0.015498524227235444,0.0012007667522594234,0.0038155868169490233,-0.02008918249518587,-0.010748097040022282,0.027783165071998597,0.029712625592423787,-0.049965504717761934,-0.02303249359065864,-0.040908667132471044,-0.010525171660346276,0.050029004171449204,-0.06750973451857739,0.0077963428933532294,0.049855334387421874,-0.09957928456602935,-0.2894300305112132,-0.07241095469950509,0.10302975417003539,0.0,2.3913951008546563
65,2.35866432,0.09207116298017935,-0.07783463712205663,-0.29712930618990807,-0.09208556476746121,0.10734771950896933,0.17963240190541702,-0.015664490225479593,-0.059321132299009684,-0.002064251877110499,0.008098336766631213,-0.021139882833893304,0.019902542314697996,0.054298129837729386,-0.08004032532512212,0.04447071924809175,0.018026688740971412,-0.02803144251737328,0.003620161836761537,0.012671452307055187,-0.016926439629631355,-0.021763887869098244,-0.023008377848878932,-0.01537870143324936,0.054298129837729366,0.04837912848804796,-0.028104643034178464,-0.021957038985927328,-0.005718174366197937,0.008098336766631211,0.032024364949339704,-0.05298193994988816,-0.015664490225479628,0.1073477195089693,-0.09208556476746116,-0.29712930618990807,-0.07783463712205663,0.09207116298017935,0.0,2.531698115667919
66,2.620731314,0.08069247219109972,-0.0818393735861618,-0.29266407316197696,-0.07790747240836071,0.15270641556719658,0.19221149808559834,-0.035686605915420305,-0.0033006419490708063,-0.025837438333598833,0.020866173417296366,-0.045215676705143384,0.040462483436789876,-0.01862295480008632,-0.010285311161256895,-0.001033087993132848,-0.0033975272155608786,-0.014229058154156949,-0.007921175340223543,-0.00868213593628919,0.029439965377492768,0.029211466587157762,0.040354692578134885,0.01845751795421182,-0.018622954800086307,-0.015060737783316885,0.03772236008448088,0.01059578488815334,0.03552825982974371,0.020866173417296366,-0.002868278445130981,-0.02334975047357707,-0.03568660591542032,0.1527064155671966,-0.07790747240836066,-0.29266407316197696,-0.0818393735861618,0.0806924721910997,0.0,2.336737626485604
67,2.464582411,0.06894560015904894,-0.08435215669009698,-0.276217138592226,-0.0580741769548129,0.18080445464135353,0.17363611339255816,-0.047874687304024256,0.05390303981038478,-0.03825893545569565,0.0185462869613157,-0.026695048525306807,0.00820312376678933,-0.05743986201824682,0.0796928982105319,-0.04436606915171287,-0.015452865595887901,0.043891846910380165,0.009680905995746253,0.0038964811453750356,-0.03636663988260041,-0.022564987228451773,-0.01253556334975481,0.0061258542043813756,-0.05743986201824682,-0.05294035658826172,0.04453752602299127,0.027958608241819664,0.039147814037757835,0.018546286961315696,-0.036248339203677635,0.012939119609010752,-0.04787468730402426,0.18080445464135356,-0.05807417695481285,-0.27621713859222596,-0.08435215669009698,0.06894560015904891,0.0,2.7672905726814174
68,2.77265895,0.05688414516684499,-0.0853271777352979,-0.24846184191437357,-0.034025351782871964,0.18846586922161004,0.1269170274773366,-0.04955316900151732,0.09178393084167923,-0.03387135328943172,0.0028161198212505296,0.01697423685750507,-0.03476450748890563,0.008932727610877276,0.012977254384414934,0.005527297047483066,0.015103965635361738,-0.03469494187540265,-0.008334794487344793,0.001246564691039297,0.036391981297886726,0.005031268108935979,-0.029313515006710384,-0.021528439691363657,0.008932727610877256,-0.0009725432936036028,-0.018320606002606238,0.0052402787383598205,0.0013071304618983714,0.0028161198212505313,-0.050512888860559366,0.04553923136156568,-0.04955316900151732,0.18846586922161002,-0.03402535178287193,-0.24846184191437362,-0.0853271777352979,0.05688414516684499,0.0,3.004021050718844
69,2.692146137,0.04456314086720034,-0.08474666183101358,-0.21053448823551987,-0.007506670142175836,0.17482467703347304,0.059626674263277675,-0.04035358550508616,0.09676275003990986,-0.014602377893984865,-0.01495030165488496,0.04465256932607804,-0.03235091589370937,0.0589468322115461,-0.07925454005340934,0.0438061631489535,0.004010739052562392,-0.005219167202834335,0.004314702242242385,-0.0062752737601006175,-0.02951118055799889,0.01492995613825103,0.038354564490859215,0.004666461644057519,0.05894683221154609,0.05264581644930696,-0.05251847880671775,-0.024990456651312273,-0.037917894515822795,-0.01495030165488496,-0.038139537057579914,0.06515675820074773,-0.040353585505086144,0.17482467703347304,-0.00750667014217581,-0.21053448823551987,-0.08474666183101358,0.04456314086720033,0.0,3.0170310212585383
70,2.901330179,0.03203880517678696,-0.08262119193525158,-0.16398782787155197,0.019556911017202038,0.14142276443671764,-0.017328231286988637,-0.022295457887703197,0.06705472456519264,0.011082158334377345,-0.021906594832999254,0.030264967426744827,0.01229322144045314,0.001011728662931541,-0.015654390324905666,-0.009964788554498148,-0.018142332172970538,0.04051248099393439,0.0010896389723906452,0.010728405387298986,0.01703001400037012,-0.02768771909162611,-0.004468736767918635,0.01918911883582124,0.0010117286629315457,0.01691662125326848,-0.004557867535328408,-0.019395148614673913,-0.0369852513955607,-0.021906594832999254,-0.0056533536034730795,0.06619902321117523,-0.022295457887703162,0.14142276443671767,0.01955691101720205,-0.16398782787155192,-0.08262119193525158,0.03203880517678693,0.0,2.998165761235605
71,2.464582411,0.019368283766776757,-0.07898951592466302,-0.11072748656677103,0.045200881190837795,0.09203560447747007,-0.09147450126875827,0.0006570377250626899,0.013309382926757311,0.031897743665126835,-0.013022866439367387,-0.012634412241146366,0.040889916655017254,-0.05877615142901695,0.0787257510283638,-0.04279674663307581,0.00973312567314697,-0.03993802623657046,-0.006144400647113576,-0.014197511717090851,-0.0013170449028232646,0.027086607380964106,-0.03441855341597534,-0.01428606410008173,-0.05877615142901692,-0.0475225237307687,0.050532948110366266,0.014004830870117639,0.003117326369770393,-0.013022866439367387,0.02981411798528746,0.048368891513853866,0.0006570377250627233,0.09203560447747007,0.04520088119083779,-0.11072748656677105,-0.07898951592466302,0.019368283766776732,0.0,2.30942494254735
72,2.77265895,0.006609389320251073,-0.0739178402105341,-0.05293394895201929,0.06756377760761606,0.032245508968287206,-0.15079418372299155,0.023465298380668107,-0.04520701470257123,0.038699041980289665,0.005277317907282449,-0.043631266161146535,0.01610934424489565,-0.010927390724821568,0.018313664322056188,0.014300027846430679,0.010768927181005942,0.004004397066998425,0.009227906882497099,0.016364401157653103,-0.014645861103879283,-0.01341664764136793,0.0347841960268578,-0.012027442550429472,-0.010927390724821576,-0.03130908155318609,0.026571390059308274,0.027327639059817194,0.03991844029306004,0.0052773179072824515,0.04955915605421688,0.01674947917939137,0.02346529838066813,0.03224550896828723,0.06756377760761603,-0.05293394895201929,-0.0739178402105341,0.006609389320251054,0.0,2.4197968808812935
73,1.98464427,-0.00617966225381245,-0.06749862277845067,0.0070267107523030664,0.08502230641513099,-0.031189349385410518,-0.1856724848895204,0.04112238403126069,-0.08751791283473792,0.028497900021504687,0.019761627165650865,-0.03352432680733996,-0.029700196902741782,0.05693267731560178,-0.07810713449326537,0.04134817758349148,-0.017891210146832717,0.03547452934558254,-0.00935090278000328,-0.017030323386899606,0.027829407615411937,-0.006726626626574121,0.0037810404222504037,0.020315481963804595,0.056932677315601775,0.03804039446015168,-0.03895773005092269,0.0014738448626156625,0.0344431700250034,0.019761627165650865,0.04316924232796415,-0.019644970616172104,0.04112238403126071,-0.03118934938541054,0.08502230641513096,0.0070267107523030664,-0.06749862277845067,-0.006179662253812484,0.0,1.7476336749765797
74,2.111395244,-0.018940517446380038,-0.05984888765484148,0.06669969609282264,0.09630917548998728,-0.09109882434707262,-0.19045617706133644,0.049752156526403135,-0.09845599190846464,0.005776193773418846,0.019956878586276903,0.008164941458102051,-0.036739413034591016,0.02053205477333295,-0.020952042095995053,-0.018488529501629353,0.0027846981022779074,-0.043546043111094244,0.00647392861916461,0.016134199027604407,-0.035731740017904544,0.023624412823837367,-0.03811449220438196,0.0018431885538614978,0.02053205477333295,0.04282982633018245,-0.04354243370564538,-0.02649283709764083,-0.007509795214468747,0.019956878586276903,0.014014088894206713,-0.0504389196672188,0.04975215652640315,-0.09109882434707259,0.09630917548998723,0.06669969609282263,-0.05984888765484148,-0.018940517446380076,0.0,2.070890225129164
75,2.394813554,-0.031614951402039564,-0.05110809152811905,0.12364198803842057,0.10060508554104401,-0.14071124955567454,-0.1643698984741614,0.0474601814696188,-0.07410024461779649,-0.019483285624021015,0.005721891545781721,0.04216224716286504,0.004180614636043944,-0.053468875899232146,0.07739939630080267,-0.039475320278876395,0.015781640458947293,0.01306402085041159,-0.0015199793817709392,-0.013758221938718108,0.03685322490359257,-0.02912380362129456,0.02978975849054732,-0.021239481720715943,-0.053468875899232125,-0.025069143635978623,0.019989465166897563,-0.01647967956999389,-0.04150936885461002,0.005721891545781718,-0.02253137476401884,-0.06685345259858273,0.04746018146961878,-0.14071124955567457,0.10060508554104394,0.12364198803842057,-0.051108091528119064,-0.031614951402039584,0.0,2.547931099073336
76,2.401168695,-0.04414513358566129,-0.04143558141647741,0.17552236246640882,0.0975982019898815,-0.17441885109750874,-0.11164182733477326,0.0347496003267902,-0.023181551625142564,-0.03618277533666703,-0.012650428850596116,0.03643968122922932,0.039643311881027016,-0.02955236813777995,0.023566513209820544,0.0224873138251635,-0.01474020247457158,0.028984246297742326,-0.0039216118236651745,0.010120320272386263,-0.030981036980496368,0.02057143229889656,0.011876021373279123,0.008804271200459018,-0.02955236813777995,-0.05042215573966095,0.052250386796621695,0.017158565092476565,-0.03154765512093357,-0.012650428850596121,-0.04719494937852023,-0.06420902034403513,0.03474960032679017,-0.17441885109750876,0.09759820198988145,0.17552236246640882,-0.04143558141647741,-0.04414513358566133,0.0,2.2243730739493626
77,2.667975238,-0.056473891649865736,-0.031007689729733317,0.22021683075202036,0.08750679064127455,-0.18841160340286817,-0.040818360191532385,0.0144106792526434,0.03604710444904421,-0.036985347577281405,-0.02187559208207158,-0.0036116873267664864,0.023356046276848366,0.04848332838619564,-0.07660334399309206,0.03719739276955675,-0.004615085524962337,-0.04537127986420701,0.008105065892160316,-0.00555416777973183,0.01922954713781933,-0.0020936790831306354,-0.0402500192036785,0.016825855978540784,0.04848332838619561,0.00979851367468564,0.0027722202214547965,0.02619847981190613,0.011825203397890033,-0.02187559208207158,-0.04697033328948484,-0.04325951279731941,0.01441067925264337,-0.1884116034028681,0.08750679064127448,0.2202168307520203,-0.031007689729733317,-0.05647389164986579,0.0,2.663348221082019
78,2.401168695,-0.06854497229933161,-0.020014519682999346,0.25589559611226526,0.07106337404950196,-0.18110788269446246,0.03662112542369941,-0.009091718780851573,0.08235384261145386,-0.021538391896398088,-0.015283150929283531,-0.04026058645405625,-0.023419956765754726,0.03773160900716118,-0.026154094504563765,-0.02625534787865388,0.01823639637885705,0.02158880208525163,-0.009688241081765808,0.00047857875816261587,-0.003828847184091959,-0.01739424027762183,0.023575724741485848,-0.01723915801734258,0.03773160900716118,0.053389690036872633,-0.051042732492480494,-0.0023194575936025877,0.04267435512056091,-0.01528315092928353,-0.021975977478058146,-0.009977335563158385,-0.009091718780851602,-0.18110788269446249,0.0710633740495019,0.25589559611226526,-0.020014519682999353,-0.06854497229933165,0.0,2.8260013788335776
79,3.468365042,-0.0803032979616802,-0.00865647966494525,0.2810979657012181,0.04946155864945943,-0.15333324052090855,0.108124898748398,-0.030598274537944392,0.0991389420677944,0.00337146526927927,0.0023600921509421544,-0.03898111521093946,-0.03962379428913878,-0.04211792549964884,0.07571988588025746,-0.034537769674306586,-0.009200038270910097,0.021307344800968204,0.008163220854616706,0.0046409062188475575,-0.012298456873086977,0.028489721280561976,0.019484796613912534,-0.008183778756430504,-0.04211792549964883,0.006370850533198091,-0.025007818646360414,-0.0275122461379548,0.028328418584524676,0.0023600921509421566,0.014607379393288517,0.026149237640918855,-0.030598274537944423,-0.15333324052090858,0.04946155864945939,0.2810979657012181,-0.008656479664945245,-0.08030329796168023,0.0,3.4541732609482607
80,2.9347668,-0.09169521809380539,0.0028593702599718366,0.29479215154675453,0.024269392402652804,-0.10822709030915602,0.16210331524727423,-0.045387802263284927,0.0803853958869696,0.026800067759303256,0.018296821239960095,-0.0009786276039355428,-0.0041031470227662495,-0.044836992837995034,0.028711833503027268,0.029753966533746932,-0.011266835891197095,-0.045339011088780114,-0.004019264390008639,-0.00933472037550976,0.02609187064933885,-0.025839374592138288,-0.04073770568759999,0.021341727754831435,-0.04483699283799502,-0.05146024256276057,0.0401486485406612,-0.013263781621332918,-0.016019268992392043,0.018296821239960095,0.04348755512329592,0.05482103640232257,-0.04538780226328495,-0.10822709030915602,0.024269392402652776,0.29479215154675453,0.0028593702599718366,-0.09169521809380547,0.0,3.0949007619869926
81,4.001947876,-0.10266875397699678,0.01432309311108082,0.2964175120713597,-0.0026844577850271088,-0.050887854308101346,0.189807316923641,-0.05021365900698074,0.03281584623420243,0.038454049274281144,0.02100365105231024,0.03794579764695064,0.036773705260736166,0.03455382921155034,-0.07475003000403208,0.03152374232512828,0.017735317357359847,0.029229735226144936,-0.0014141582481097246,0.013172340096734974,-0.034933804418943934,0.01072194943361132,0.016396498051477897,-0.0025149374526189316,0.03455382921155033,-0.02195587085544859,0.04249765868155702,0.01999949414876876,-0.043401444755345756,0.021003651052310238,0.049434629337323024,0.06786414010558053,-0.050213659006980736,-0.050887854308101346,-0.002684457785027129,0.2964175120713597,0.01432309311108081,-0.1026687539769968,0.0,3.6463578828452787
82,4.506467954,-0.11317383588391103,0.025525702198011157,0.2859075048241846,-0.029443446639082632,0.01220331945277177,0.1867465179320392,-0.04401645774430179,-0.02651730212434396,0.03321322816312649,0.008523351678664798,0.041122550200708395,0.029646549030007997,0.050666297497722175,-0.03123681177861498,-0.032947269228653916,-0.002168691597944246,0.012758118104535731,0.0063938886062524115,-0.01580177319438475,0.0371463156967242,0.009568642144430378,0.02629586199180597,-0.02008097687288897,0.050666297497722175,0.0448107851091244,-0.021635515988813286,0.024591715368916585,-0.024818494138963334,0.008523351678664793,0.02931242074656953,0.061560146039478084,-0.04401645774430177,0.01220331945277179,-0.029443446639082643,0.28590750482418453,0.025525702198011164,-0.11317383588391108,0.0,4.0737498633394775
83,2.503596598,-0.12316253153525403,0.03626297100316469,0.2636924107368019,-0.05406517361828539,0.0739151319709692,0.15341702596940876,-0.02815662729773627,-0.07634471052042154,0.013380161372190471,-0.01011993539265127,0.005558900491126454,-0.01618090084704959,-0.026006316798776494,0.07369488298756438,-0.028186238721255048,-0.01609240818395517,-0.04345055787227096,-0.009322322439724908,0.016981844154250008,-0.032309534037066864,-0.02524251933406554,-0.03955758571419396,0.01258163285945578,-0.02600631679877647,0.03552706605006836,-0.05192267614733922,-0.006070475726286708,0.02004895520949764,-0.010119935392651267,-0.006267652025196548,0.037706232940010506,-0.028156627297736242,0.07391513197096916,-0.05406517361828537,0.2636924107368019,0.03626297100316469,-0.12316253153525408,0.0,3.1671153602123674
84,3.254669655,-0.1325892648037773,0.046339156284982606,0.23068171837131182,-0.07476237926857968,0.1272721957109675,0.09522103096822473,-0.006115766786747946,-0.09880459252508514,-0.012331484911806924,-0.02144579151925457,-0.03524163360711886,-0.040885972749891045,-0.05505361858938207,0.03372614828530989,0.03580248835649614,0.014359620475362348,0.035673999572531805,0.009259955400663765,-0.01660431511289049,0.021341340262170317,0.028737291019473723,0.008545996804735717,0.013773740600544737,-0.05505361858938206,-0.03405121580268409,-0.0009834097540188506,-0.0280300996766479,0.04368317683540219,-0.02144579151925457,-0.03854248724674511,0.003102810982555178,-0.00611576678674792,0.1272721957109675,-0.07476237926857965,0.23068171837131182,0.0463391562849826,-0.13258926480377736,0.0,3.140003379393544
85,2.7550263160000004,-0.1414110236676935,0.055570566528853345,0.18822688935174928,-0.09003268008525571,0.1662434741149869,0.021591194508155286,0.01726764579825693,-0.08584568421552166,-0.0326252881440597,-0.017264819547843768,-0.04284201217771655,-0.012218925360365092,0.01671865396369335,-0.07255564877274115,0.0245595061660266,0.005214166101058046,0.0036865725538883336,-0.006226796172103432,0.014703813595440839,-0.0063231793138445805,-0.018366786636359024,0.03203037169012229,-0.019486478779858356,0.01671865396369334,-0.04583966591072671,0.05149427619087686,-0.0098060814362744,0.021053898358747665,-0.017264819547843764,-0.0504919955971474,-0.032385178101897526,0.017267645798256962,0.16624347411498697,-0.09003268008525567,0.18822688935174925,0.05557056652885336,-0.14141102366769354,0.0,2.8425111445877063
86,2.003663745,-0.14958755646466634,0.06378891069186036,0.1380660293664056,-0.09876762459681715,0.1864239795715771,-0.055538237257262514,0.036860411275843136,-0.04211340585396431,-0.03858515738972337,-0.0006001587076272296,-0.010082131536884156,0.03239857882634387,0.0578740911586667,-0.03617700264499993,-0.03829032550529311,-0.018309652525656767,-0.03978323371124726,0.0011959472535514673,-0.011454656427507216,-0.009894937604358582,-0.0008653939232681011,-0.03675797353382986,-0.004005070098590094,0.057874091158666666,0.02016841834185679,0.023415712858681145,0.02247582715319184,-0.02387291201558262,-0.0006001587076272314,-0.03581462052099634,-0.05864061511922341,0.03686041127584316,0.18642397957157708,-0.0987676245968171,0.13806602936640563,0.06378891069186036,-0.14958755646466643,0.0,2.4138813316944603
87,2.7550263160000004,-0.15708155555091405,0.07084436619287013,0.0822527299167317,-0.10033315442985553,0.18553267640088414,-0.12366578845051349,0.04836146506247364,0.016715396396204847,-0.027592621603919183,0.016498459438494577,0.03217584271692818,0.03472331858255749,-0.0069551713926815665,0.07133362724646783,-0.020680759843212885,0.008656453458112234,0.040657766184902244,0.004218587180337756,0.0071548611366787085,0.02423528246192798,0.019680035973576333,0.0003456214446956736,0.02149424070402894,-0.006955171392681557,0.05194778344130654,-0.0412937566940957,0.02253663747032157,-0.04351666040834441,0.016498459438494577,-0.002250455285323661,-0.06817844970024063,0.04836146506247365,0.1855326764008842,-0.10033315442985548,0.0822527299167317,0.07084436619287011,-0.15708155555091408,0.0,2.4342480438674747
88,2.7550263160000004,-0.16385882752743075,0.07660831021769186,0.023071994039981374,-0.09461562978984847,0.16367031006432836,-0.17174904739628605,0.04924606019623436,0.06955217838854993,-0.0044772559800734585,0.02166752142134327,0.044121857135275985,-0.008279396946491116,-0.05904744340163624,0.03858657838840078,0.04038525209931663,0.011751888937249629,-0.0055359017102691345,-0.008279708416883667,-0.0021988113416852462,-0.033976473882841994,-0.028999380376406633,0.036453554208036115,-0.006770101624296541,-0.059047443401636236,-0.00443574355624459,-0.04140439305798152,-0.009710827485796205,-0.017073261090894708,0.02166752142134327,0.03250048440499881,-0.05827958133236851,0.04924606019623435,0.16367031006432836,-0.09461562978984842,0.023071994039981353,0.07660831021769186,-0.16385882752743078,0.0,2.449032415955788
89,2.003663745,-0.1698884492566236,0.08097566454689599,-0.037053311983609984,-0.08203007842750082,0.12330801973961711,-0.1919944690357871,0.03932000761254739,0.0974563741590923,0.02060519393053954,0.011169428862978415,0.014501906269769603,-0.04047427468236495,-0.0030062582034071834,-0.07003021275747408,0.01658980093886836,-0.017559188249053576,-0.0344871792877536,0.009684521708960909,-0.0029589166996395995,0.0372699163712159,0.024326994853736583,-0.032453485598112265,-0.01810035447247133,-0.0030062582034071977,-0.05329117301791127,0.02325688029450529,-0.028036957107160282,0.027451900439176214,0.011169428862978418,0.05011233899234887,-0.031766036108051475,0.03932000761254737,0.1233080197396171,-0.08203007842750078,-0.03705331198360996,0.08097566454689599,-0.1698884492566237,0.0,1.999799286235299
90,2.7550263160000004,-0.17514290895749732,0.08386681115946176,-0.09566165106101306,-0.06349006930878562,0.06900802140044501,-0.18112058682034407,0.02076230512929918,0.09042507965625106,0.0366347432728246,-0.007404952844038184,-0.02877988413958989,-0.019834459458047817,0.05854028123312017,-0.04095212614587819,-0.042065771356823385,0.0015502105771560393,0.0439769990725781,-0.007982332838808073,0.007845248500772874,-0.03349061010034553,-0.007917229515550076,-0.007868903697899006,0.015843900990907336,0.058540281233120155,-0.01170378422518374,0.051535720782666,-0.006169613800930499,0.04290360415804677,-0.007404952844038186,0.04129752153395036,0.003803552637503159,0.020762305129299156,0.06900802140044503,-0.06349006930878556,-0.09566165106101306,0.08386681115946176,-0.17514290895749735,0.0,2.4617540499761104
91,2.7550263160000004,-0.1795982317356003,0.08522904369029438,-0.15035359090421155,-0.04034139782017959,0.00690793305118214,-0.1408898871718036,-0.0023532029055121956,0.05097882494112108,0.03656880284136129,-0.020625028522139703,-0.04494895213221522,0.02669705076812968,0.012882128460353859,0.06864689252533647,-0.012328608227303488,0.01638481417929979,-0.014531735507967347,0.0037192404841941695,-0.012012002441962457,0.023355757745757842,-0.012312470445443124,0.03938432393356219,0.010157726664016577,0.01288212846035386,0.04974661695068588,-0.0008065228017860451,0.02454241990210697,0.012917429060435505,-0.020625028522139703,0.010704513717153813,0.038288802811402775,-0.00235320290551223,0.006907933051182121,-0.04034139782017954,-0.1503535909042115,0.08522904369029438,-0.17959823173560033,0.0,2.6501899248376772
92,1.753194299,-0.1832340889749695,0.08503752828115847,-0.19889003706999472,-0.014264396214647233,-0.05597297031768885,-0.07782313796929961,-0.024952128547380964,-0.006741968081495337,0.020436343592282413,-0.018931745953598384,-0.018772871820112575,0.03837851139252038,-0.056367038696051565,0.04327094678452847,0.04331463887612546,-0.013962653888699115,-0.027779215692147807,0.001737063943614083,0.015076997654926387,-0.008788660226673435,0.026601603437339864,-0.026820348148885294,-0.020936020811562695,-0.056367038696051544,0.026769823511611463,-0.05188706398600422,0.020070710728102632,-0.030749195215907188,-0.018931745953598388,-0.02553350447235017,0.061858461771570096,-0.02495212854738099,-0.05597297031768883,-0.014264396214647214,-0.1988900370699947,0.08503752828115847,-0.1832340889749696,0.0,1.942824555508625
