,raw_series,harmonic_1,harmonic_2,harmonic_3,harmonic_5,harmonic_6,harmonic_8,harmonic_10,harmonic_11,harmonic_12,harmonic_14,harmonic_15,harmonic_17,harmonic_18,harmonic_19,harmonic_21,harmonic_22,harmonic_24,harmonic_26,harmonic_27,harmonic_29,harmonic_30,harmonic_31,harmonic_32,harmonic_34,harmonic_36,harmonic_37,harmonic_38,harmonic_40,harmonic_42,harmonic_43,harmonic_44,harmonic_46,all_32_harmonics
92,18.24950352,0.16618484941629413,-1.3463117309558013,0.012010822910367118,-0.40945528164287937,0.012712708944735963,0.06274819896265821,0.015413055946281435,0.05920933099820916,0.09621731604420149,-0.018053285055396457,0.0046425624585821725,0.05991323810290227,0.07635651191962402,-0.0026158868660171464,0.08750352745901623,0.1009294660322641,-0.000784298247208212,0.07385651578588527,0.08842164695552009,0.10850075097148687,0.10218592207080716,0.0049113172688172516,0.03847577568320625,0.04214269692889364,0.08030447581015783,0.11419820917989257,0.05760943096422482,0.09184135852314526,0.07284961588139548,0.1153008551915167,0.00730708650254294,0.11873469943348153,16.40311519512962
91,18.14431691,0.38012064363573084,-1.277726342795157,0.08907146907052133,-0.2693909800439669,0.041593418416924724,0.08230626385480914,0.1676756866332675,0.1929306699842966,0.16954505450351734,0.12404570811894085,0.1551034993261189,0.14957781151008748,0.27154413134230554,0.11932185786246383,0.11306129450415349,0.06585628163953725,0.026137123640247322,0.08893381329228489,0.004175370694157303,0.05539697780831631,0.12233085120269077,0.06877487049462373,0.020039940780222403,-0.05728829709417687,-0.03127295239833219,-0.05463373485137454,-0.03248647748987682,-0.09048070373711953,-0.04787484739442562,-0.09876230984712811,-0.0019710598124285344,-0.12014941601828841,16.61014114972359
90,17.25472818,0.5923220345427823,-1.1858476664899749,0.16248551882147513,-0.09887697347443798,0.06373248458770753,0.07839998761845854,0.2462699342934244,0.22491028935079105,0.1374045516474139,0.1631989196854608,0.15944577557999617,0.06268681648795132,0.112260894469109,0.07020110129444301,-0.05326228636190748,-0.08981937090841217,-0.00186334892921818,-0.10671330093799102,-0.09051478143073882,-0.15046716201234261,-0.2099335049202716,-0.07368618776344099,-0.060813274155891994,0.03394700087504429,-0.032847262504518734,-0.02667484635809024,-0.0030588343453277836,0.07194943663422522,0.018508926704970684,0.07672713348357289,-0.003421064046841113,0.12142703993984032,15.986618887178047
89,17.6403,0.8018207958612807,-1.072350674536191,0.22924739234063995,0.08281325982024956,0.07554151071475484,0.052142993857194765,0.21666538335733607,0.13828378144601117,0.019789326727472262,0.06691302094868888,0.013578654434856363,-0.09819714852297491,-0.19356653466594637,-0.07955918093896686,-0.12919207380134545,-0.08100900101441767,-0.025948369491204507,-0.04950835887858386,0.041200147650761305,0.05859059008772595,0.06257612436307614,0.0049113172688172516,0.04774550995907768,0.012200256971673564,0.08111920686538407,0.09736689710664047,0.03762280655319247,-0.03976425403513043,0.012554660268338146,-0.05042169711323633,0.00871582302285533,-0.12256611340606584,16.63996951701352
88,17.13631332,1.0076610327939952,-0.9393044470244091,0.2866238506819541,0.2551429743300466,0.0751064381581271,0.011020776745678165,0.09186880565631177,-0.02126648565663134,-0.1101361687153965,-0.08490412788742624,-0.14508053657058492,-0.14317319109151996,-0.24671424299801334,-0.11526429759254145,0.014135749148017518,0.07615297971911571,0.0044918756241168175,0.12500426868903983,0.06986093875454585,0.10608140517095281,0.15481718652698773,0.06877487049462373,0.007593792746992175,-0.05015125048956789,-0.0902524517264952,-0.12930713593692367,-0.0601165759340272,3.296976014211809e-05,-0.042466715130545486,0.021310033703246394,-0.013762526107639199,0.12356533671347664,16.416976076865822
87,17.6403,1.2089035435513478,-0.7891344517642674,0.3322658948994765,0.39863345935856176,0.06249778538201049,-0.03324330652462582,-0.07329037021977639,-0.16960190122142765,-0.17154968040476573,-0.16625917094298218,-0.16706341932438465,-0.019153418827606298,0.022196229576259444,0.014272213334815693,0.13347316395503844,0.09385617105774124,0.02549334995742773,0.003325267798105169,-0.0762217900603579,-0.13895338295704096,-0.1989372913772617,-0.07368618776344099,-0.056209922890638614,0.05441009257262622,0.0558403548154504,0.10978341770971424,0.06332365909265386,0.03970457121872004,0.0684836597244846,0.008987642796697204,0.018417542065428935,-0.1244235697301525,16.75337742971424
86,18.14431691,1.4046301047137633,-0.624578327366711,0.36430493434022937,0.4970657496884152,0.0397592180133993,-0.06803019756191625,-0.20624939129740863,-0.22849799082304298,-0.12624794083838375,-0.10963539504752935,-0.03166053595893799,0.1274742704417306,0.2621319772483823,0.1233482364104703,0.02628734000041338,-0.06031924355223801,-0.007074309596633111,-0.12623279590012967,-0.03165056937070326,-0.0008161900743776562,0.020404452771538364,0.0049113172688172516,0.055060537447365256,-0.022115647137525927,0.005513806145954217,-0.04656613954321786,-0.046215155004555704,-0.07190733658857627,-0.08821918119960194,-0.03878511070226928,-0.022548387236440145,0.1251398331966525,16.861072038798014
85,21.67237713,1.5939476608745293,-0.44863597537024646,0.38142928696508094,0.5393138818607083,0.010576302572639652,-0.08342265021906037,-0.24859265607651673,-0.1668959837879204,-0.0024116292733759002,0.03797501477666619,0.13356885118450296,0.12363651265888244,0.15988339569766474,0.05559358624717602,-0.12551189700949894,-0.10403215605082392,-0.024776734155073334,0.04331170525520242,0.09208838078075207,0.13957169409067932,0.18096528804462278,0.06877487049462373,-0.005163246053532677,-0.02503632877115479,-0.0642076452158428,-0.0351843602310511,0.014279838520127104,0.09046417582938436,0.09986310817553413,0.06642398751273745,0.026037496076060138,-0.12571330984336798,18.411463721550884
84,20.66437357,1.7759923994467859,-0.2645148712448681,0.3829378797655439,0.520602480100068,-0.020320866279026597,-0.07503249592861283,-0.18171663347285774,-0.01728161257260377,0.12292487525752269,0.15406988378099049,0.17296676631357788,-0.026136758892569393,-0.15107529091145053,-0.09185941688763456,-0.06429931522947686,0.0427687970209512,0.00958415157961753,0.11023119491778462,-0.014513802297898322,-0.10491743142651778,-0.17979656175112746,-0.07368618776344099,-0.049305330777856975,0.05536862875758601,0.09192233854704106,0.1029315616497719,0.02223675626504389,-0.091853539270663,-0.10234744235320159,-0.09036602743528364,-0.028785567118375467,0.12614334532304186,17.777683623637397
83,21.16835906,1.9499336920422348,-0.07557159126848284,0.36876895077511507,0.4430465248824748,-0.04792434018464289,-0.04525164793230581,-0.03500333197793446,0.14144619291980004,0.1717939744412529,0.14230184766286164,0.04941753754053044,-0.14505926269584823,-0.26482187991487693,-0.10762377165358311,0.10603849220896722,0.11124734329501558,0.02380587553200961,-0.0840368530296512,-0.08481253818341075,-0.06009067857695843,-0.022602579513887625,0.0049113172688172516,0.06012138006321924,-0.04850368626991682,-0.07528599684312529,-0.12971222684276937,-0.051619322971931246,0.07581176604294401,0.09544431690712714,0.10927873268300815,0.03071438913654292,-0.12642944895739075,18.21342008968677
82,22.68041096,2.1149778844379625,0.11474937874371033,0.33950257761144115,0.3154122932180372,-0.06776002727981922,-0.0025702009538420396,0.12708869805624098,0.22558254593615898,0.11379585531559183,0.012437223165847958,-0.12068656863773346,-0.09275970941296266,-0.032872769013903465,0.030900127323207363,0.0964136616397574,-0.024001133018168926,-0.011995647197965798,-0.07918360207725732,0.057030757223820984,0.15043959196044507,0.19970464940719249,0.06877487049462373,-0.01770890095397025,0.00905344377474838,0.02232538471244919,0.10486770968446678,0.06444130435448138,-0.045383119260808784,-0.07978689676955222,-0.12210951383711448,-0.03176906706632283,0.12657129429697772,18.929541804828585
81,22.68041096,2.2703719178386264,0.302978437323885,0.29633692903049563,0.15212649196122757,-0.07661287258413671,0.04084397363398249,0.23334425546415397,0.19075825810895103,-0.014990814760521142,-0.12774907774589023,-0.17709524021896184,0.06902963421653335,0.2419881092067107,0.12512594408381641,-0.07683907920259377,-0.11529638560766253,-0.02259073641149081,0.11329140205558372,0.05622273075384465,-0.053876003412015865,-0.15329493976170308,-0.07368618776344099,-0.0403821726298995,0.0364789999753827,0.04140686285750072,-0.03828607362074178,-0.05658913393240074,0.006342073211514971,0.05681130380120887,0.12814427186730484,0.03191958434207974,-0.12656871949369725,19.385818340967873
80,22.176395199999998,2.4154067649110167,0.4856841191012241,0.2410392117569309,-0.02835441656189871,-0.07304796818389646,0.07261411427462293,0.2370799166736339,0.05533786903344207,-0.13445220623557294,-0.16191616317926227,-0.06666744831434421,0.14933920364338127,0.20096025192085673,0.039972585463510374,-0.11968480361805124,0.0045503869443362975,0.014284051243358705,0.037327854312485975,-0.08521549689172381,-0.10962540689333512,-0.06468425953832471,0.0049113172688172516,0.0627208463153228,-0.05750445777074418,-0.0851609717691594,-0.04353333593816757,0.030581956296694742,0.033902514321237066,-0.02862489355845321,-0.12704714141934392,-0.031161657180528286,0.12642172748544644,18.918916460835568
79,22.68041096,2.549420664913155,0.6595356513204484,0.1758733208331326,-0.20563037880663482,-0.05764312938701874,0.0836830073031815,0.1366544173704315,-0.10926486806379136,-0.17027542982558191,-0.06170870050295343,0.10656587858171983,0.05337484766745516,-0.10239900699644681,-0.1024850314446261,0.040591871576687345,0.11606404558698877,0.021143785765239412,-0.1270822566690433,-0.013503770586653257,0.13692358232734275,0.2102680789587317,0.06877487049462373,-0.029529551368644765,0.039897800105832944,0.08782629527502157,0.108026573085493,0.005236568475663121,-0.06771338830034189,-0.002187034492422704,0.11887918345121927,0.029516856498959174,-0.12613048599277332,19.338262024115146
78,21.67237713,2.6718021431567793,0.8213636747074173,0.10350715549018807,-0.35966360157050137,-0.032895239888976614,0.0708950692953498,-0.02381025733911019,-0.21624692944511645,-0.10017607032686592,0.08971093631152097,0.17940647731154957,-0.10559100882929158,-0.2720876779527758,-0.09802123597876476,0.13197827741326915,0.015029865004725827,-0.01642588159358507,0.009622953815987056,0.09198500547689473,0.0058978830378174415,-0.12051740492704391,-0.07368618776344099,-0.029805763589770103,0.004512630345604502,-0.048116858082716804,-0.12952547060834615,-0.03937508982962843,0.08867422585019015,0.03279836448709612,-0.10409498687645809,-0.02703199399810255,0.12569532732750438,18.508971104463907
77,20.16035549,2.781992801026097,0.9682180217244035,0.02690339503990091,-0.4730434566726011,-0.0028155459351742055,0.0378959588643679,-0.17381388553174482,-0.20919147431341792,0.032239432749161676,0.16667928740715895,0.08323326085298108,-0.1399215307354944,-0.08659595257825078,0.04696472384264256,-0.0006215171215397106,-0.11352847531572541,-0.019479871264923024,0.12352703605771755,-0.032608778518578636,-0.14139156945639475,-0.10411775837718498,0.0049113172688172516,0.06275251374989055,-0.04589142701943217,-0.014808181457586281,0.09947351435240179,0.060881238319432394,-0.09280726817205523,-0.06040137971328862,0.08351736835064567,0.023777789881961938,-0.1251167480135706,18.146534566299337
76,23.20134662,2.879489863822594,1.0974214989022153,-0.050801793564334535,-0.5329544328552571,0.027720504026768768,-0.005906748577818099,-0.247452310445149,-0.09181918708790347,0.14459987563474136,0.10532016405675468,-0.09135167840478348,-0.009094365514820449,0.21193721954172082,0.12462257280286491,-0.13216650732606078,-0.0341823608429717,0.018399160170892014,-0.05526027818085768,-0.07563805965780375,0.10121439918902973,0.21222310865225022,0.06877487049462373,-0.040141258480712004,0.05643986764817857,0.07058851400922152,-0.029831317125633576,-0.06285538050244098,0.0793281837514062,0.08246429056325229,-0.05829157828828358,-0.01984686013185751,0.12439540822046491,19.41464889826762
75,22.66178883,2.963848474810672,1.2066186927830735,-0.1264271507710888,-0.53262469407197,0.053763493370072635,-0.04802552630312731,-0.21237245930570123,0.07397382033288528,0.16700962888042867,-0.04344437438056328,-0.17987676117116758,0.1324674190772892,0.23380977181858187,0.023622873906732806,-0.039405843808315744,0.10776183816178002,0.01761606692495097,-0.1031110095721924,0.07052652089530799,0.06471581479126545,-0.08280587337447776,-0.07368618776344099,-0.018009103086247008,-0.029071395952673242,-0.0923110352890351,-0.05168367901821022,0.04466416924851336,-0.050794911722378704,-0.09696345404186955,0.029821561780919225,0.015351080617683496,-0.1235321310099769,19.415072743371404
74,22.70763024,3.0346837249968943,1.2938189097290298,-0.19687656557071523,-0.472091511239037,0.07109226039807269,-0.07645291191227549,-0.08398667937825684,0.20075683681697565,0.0855283432967042,-0.15615433950865104,-0.09894498750266861,0.11767004693726113,-0.04953049570363622,-0.11124231685476803,0.12023222862888928,0.052362012698380145,-0.020183638466803825,0.09335485844130118,0.040282757550190694,-0.1502403676050616,-0.13928866395476613,0.0049113172688172516,0.06021508589843045,-0.017827553354019268,0.06949498167025098,0.11262868404521509,-0.012143735075818505,0.012622239237442528,0.10256898531172721,0.00030817817538749434,-0.01041840306485231,0.12252790139706396,19.462031651685855
73,23.20134662,3.091672409381443,1.357432466791898,-0.2592658306438623,-0.3581970494426625,0.0768980827070243,-0.08308466349117004,0.08129868324850398,0.22167101552212903,-0.04915723053087284,-0.13927150553113268,0.07520008638884206,-0.03602026536797309,-0.26821417448634316,-0.0866317473254688,0.07581884213970544,-0.09892825497924439,-0.0155714978999816,0.06862085995238325,-0.09072047126794677,0.04909994323907161,0.20548969934238911,0.06877487049462373,-0.04910957775418128,0.05274975987857161,-0.013148728368343986,-0.12874771935951737,-0.024272669623041407,0.02794576802679178,-0.09876673670820829,-0.03042076642958349,0.00518921349580968,-0.12138386522593171,20.249573228604877
72,24.82004779,3.134554501668407,1.396299672052576,-0.3110407221480081,-0.20381498678046012,0.0702399272064044,-0.06603016331475954,0.2108654353993952,0.1256872934897864,-0.15326375463500166,-0.006806970179048983,0.17850126604902045,-0.14719372064198513,-0.1367738876694521,0.06217314106260259,-0.09727007111251741,-0.06905142023693499,0.021761005319219484,-0.11870698008032447,0.005195874151840017,0.11304432403778548,-0.0417042596366835,-0.07368618776344099,-0.005475147786393199,-0.05223410831123525,-0.04954157276512672,0.0936254441896061,0.052901881596409704,-0.06321047935204538,0.08590545612793132,0.058840282411143384,0.0001876632136340589,0.12010132786260497,20.628024624682862
71,24.82004779,3.1631343407061205,1.4097119661105197,-0.35008156994168144,-0.02639538138003329,0.05219697688089909,-0.03015140597705575,0.24778837034560577,-0.03657744739261344,-0.16203008314282527,0.13130668335769122,0.11364140468661776,-0.08462569143505994,0.17320959520712695,0.12184729915879826,-0.10527762351226672,0.0872791331617009,0.013367144234955051,-0.024764315448484456,0.08811575324103413,-0.13473754940633803,-0.1687570752643161,0.0049113172688172516,0.05521244535531644,0.016627018941129817,0.08832886986137568,-0.021240447172596197,-0.06455903594570352,0.08647967571677453,-0.06516479935301454,-0.08398503373826947,-0.005559198951194008,-0.11868175270548113,20.51507711064693
70,25.20001065,3.177281523244132,1.397424839308452,-0.3747900371291043,0.15400773733430514,0.02569371208892119,0.014323086875961899,0.1758453811811935,-0.17955312242911853,-0.07000297972597769,0.16044865739362577,-0.058276839724575216,0.07783106394188101,0.2570870921865725,0.006842511129672898,0.06538615801366518,0.08377559608793969,-0.023115074809714805,0.12785620872585268,-0.04936874751533954,-0.010972846409720119,0.19034351759743612,0.06877487049462373,-0.056067345144263994,0.03015028123340932,-0.08449892218605978,-0.05959820132506872,0.055504267672200965,-0.09333753879506651,0.03844713026835603,0.10445558554225685,0.010772517610831525,0.11712675951556642,20.989532175989755
69,24.82004779,3.1769314989333206,1.359662289207888,-0.38415455616050215,0.31700310852771196,-0.004974102013628535,0.054714272083481376,0.026644650274605622,-0.2278417088835297,0.06557060860697607,0.0564339693105135,-0.17529410638640364,0.14841919524291122,0.005365799902867394,-0.11797162549588161,0.12508018468741147,-0.0731460114848824,-0.011025625581441613,-0.022472430901990158,-0.06336695008271157,0.14305011447643767,0.0011047313906790421,-0.07368618776344099,0.007282960707138102,-0.05667229701917284,0.039899617273542194,0.11671689615216975,-0.028642540536604172,0.08248264515213419,-0.008203033216915526,-0.11911264622290484,-0.015679246009315008,-0.11543812256829902,21.255095612149333
68,23.74090205,3.1620858648543346,1.2971127370545226,-0.3777917425264451,0.44416709766125284,-0.0348356918913609,0.07950719921638844,-0.13426241887014703,-0.15597828806629344,0.1603549401137097,-0.09441538292987728,-0.12717170727709137,0.04381934165911501,-0.25335995120261234,-0.07366293907506524,-0.027504929259511784,-0.09611548417903294,0.02423195235296854,-0.11955372166656573,0.08113492051482672,-0.09739587948598065,-0.1913165520844305,0.0049113172688172516,0.04794940081216891,0.04512125192029981,0.023950604788792337,-0.1273825217968462,-0.007408327586373424,-0.05597493865208757,-0.022793458240730674,0.1271404748916926,0.020139736647754296,0.11361776862906853,20.08011170634049
67,24.28049004,3.132812358230479,1.2109164776773975,-0.35596209056471056,0.5211261501661335,-0.059050960359894725,0.08163375860022574,-0.23618123814974495,-0.0018599346741762332,0.15538788949044155,-0.1669092197807479,0.040755593823570066,-0.11250308158068893,-0.18135228372921666,0.07624812552695852,-0.13341020530378842,0.0569311243773927,0.00857096908940732,0.06664180587327316,0.0226936035194089,-0.06926710908691425,0.1674046498776304,0.06877487049462373,-0.06072970883650722,-0.003257262721571203,-0.07624504912734427,0.08735018259891837,0.04108244541428244,0.018844812880768197,0.05169929981010817,-0.1280922815520546,-0.02402704213658661,-0.11166777475474186,20.26154855701178
66,24.88338347,3.089244547358303,1.102644891613492,-0.31955930879148703,0.5391814579263238,-0.07369499072144278,0.060487698505472524,-0.23433373170186486,0.15323925267319655,0.053759290854095795,-0.10088476084822406,0.17028819198143613,-0.13603144052714486,0.12739074969349,0.11685071712194166,-0.012899092511652145,0.10571988624355745,-0.0251001772740101,0.09493276573689992,-0.0925113388912572,0.1498697162647958,0.04386849458510675,-0.07368618776344099,0.01974290393360762,-0.040794990733919075,0.09175249589217437,-0.012552661930822209,-0.061576434107495116,0.02186151160248555,-0.07586320471370893,0.12191509326298025,0.027230528170251986,0.10959036592370365,20.378154901543276
65,24.01302728,3.0315812221660976,0.9742717984261835,-0.27007373136971546,0.4962921998484011,-0.0763942144416058,0.022097458863047703,-0.12953160225681756,0.2275279339384553,-0.08131114350756129,0.048864163165186734,0.1393970560600863,0.0010061833019245473,0.26983923679399413,-0.010062592429538376,0.1295036434820576,-0.03909595416420571,-0.006028362856141407,-0.1017149166760357,0.023682799192067658,-0.04426785914019092,-0.20604350678346792,0.0049113172688172516,0.03872330216595581,0.05744072905424157,-0.0629908539437042,-0.06724079070873283,0.062315382782842786,-0.058419155484429976,0.09306882365721768,-0.10895270235591174,-0.029659022224819986,-0.10738791249711546,20.35004602121711
64,24.28049004,2.9600854871810465,0.828137473454146,-0.2095313036533518,0.3973062192219525,-0.06671112952596658,-0.022592450920524997,0.032180290796383536,0.18183007671154075,-0.16580066691194684,0.1580606203022045,-0.0228161403788049,0.1368561492623441,0.06004241903089295,-0.12255028029703154,0.05211999033411823,-0.112315457066999,0.02571084041025356,-0.05735397494553769,0.08063903171432416,-0.11633425555782087,0.1376122161226233,0.06877487049462373,-0.06290579111354602,-0.03549716555395524,0.0038371482781072,0.12027255583218584,-0.043062220865125206,0.08389053865805392,-0.10173803168294096,0.08992653262148986,0.03124340836534405,0.10506292751429076,20.686237899985205
63,23.89787387,2.8750835610436147,0.666905983974834,-0.140410639746537,0.2534120640295812,-0.04621521275818621,-0.06084157539201904,0.1797537596337486,0.04024438223873658,-0.147151205818475,0.13608225208512906,-0.16353489028999743,0.11116667978028369,-0.2281331417481163,-0.05935123602162001,-0.1137188148823465,0.020148097090779304,0.003423897462293147,0.12290446385323144,-0.06410755418824089,0.1323977784972456,0.08483627645689093,-0.07368618776344099,0.031394570353342525,-0.010293776938407918,0.057167919095723205,-0.12543610700368923,0.00999377540949418,-0.09344193163646701,0.1010756761379141,-0.065895488361366,-0.031938594313664075,-0.10261806382527151,20.812638295973198
62,23.89787387,2.7769632880467134,0.4935166225555416,-0.06554154775094928,0.08087432699034836,-0.018228532033685747,-0.08174563506611045,0.2483523390217313,-0.12256413105458237,-0.03696395891010708,0.0011689503157934274,-0.15019200241354883,-0.0457394196341159,-0.21850609598511847,0.0889330865575837,-0.08656036513029446,0.11571448400369101,-0.02605767553156181,0.011946661196508387,-0.04850159012593269,0.0160352895648157,-0.2123350161057061,0.0049113172688172516,0.02791186697927366,0.04916924896772839,-0.0905903942207558,0.08067636215968203,0.026280887424679107,0.08526075716126416,-0.09114250925778211,0.03819702091206339,0.03172479479310233,0.10005611106387804,19.85987366024091
61,23.35475121,2.6661723684911465,0.3111303229748603,0.012010822910367118,-0.10080476807115886,0.01271270894473596,-0.07934518087791774,0.20783721442544242,-0.22073862085029286,0.09621731604420149,-0.1347144656618038,0.0046425624585821725,-0.14865656740120528,0.076356511919624,0.1097239157003434,0.08750352745901623,-0.0006268169261148947,-0.0007842982472082119,-0.12731818306404066,0.08842164695552009,-0.14454543672085324,0.10218592207080715,0.06877487049462373,-0.06250650291127963,-0.055012288784766196,0.08030447581015783,-0.0038076017717382383,-0.054124078214316675,-0.060899564775146804,0.07284961588139548,-0.008372692592252743,-0.030608094625537194,-0.09737999246468645,19.803690470173432
60,22.81162854,2.5432163159318266,0.1230720355664081,0.08907146907052133,-0.27108973461768315,0.041593418416924724,-0.05432454805658523,0.07600872277546561,-0.20250690693772766,0.16954505450351734,-0.15879807677927402,0.1551034993261189,-0.07610554583689959,0.27154413134230554,-0.026784252275419373,0.11306129450415348,-0.11582022935555424,0.026137123640247322,0.03509131043688109,0.004175370694157295,0.09346622931762191,0.12233085120269077,-0.07368618776344099,0.0417609393741062,0.023897479167943516,-0.03127295239833218,-0.07457657578675024,0.0646031045057743,0.02498140196516786,-0.04787484739442562,-0.021917619176990814,0.028620275554881565,0.09459276152756468,18.847418422300848
59,21.09548214,2.4086561506353634,-0.06722988750248787,0.16248551882147513,-0.4107329831737836,0.06373248458770753,-0.013816761918465254,-0.08921423300484103,-0.07748345820992399,0.1374045516474139,-0.05109484593534622,0.15944577557999617,0.08627736837380573,0.112260894469109,-0.12489481117387699,-0.05326228636190748,-0.01891230270486702,-0.00186334892921818,0.11435362430908089,-0.09051478143073882,0.07373936835455044,-0.2099335049202716,0.0049113172688172516,0.015957716678954924,0.023271914914418556,-0.03284726250451875,0.12327943942567016,-0.05435607003570851,0.015677506114896562,0.018508926704970688,0.050988102596522734,-0.02581791172564057,-0.0916975985335739,18.400396208467445
58,20.09595244,2.263105839773266,-0.2563061919947998,0.22924739234063995,-0.5039504079799516,0.07554151071475484,0.03062998584617271,-0.2152408782143732,0.08840078409202835,0.01978932672747227,0.09901209988356233,0.01357865443485636,0.14682198409599537,-0.1935665346659464,-0.04395754428555768,-0.12919207380134543,0.11262968356658565,-0.025948369491204507,-0.07733949845665689,0.041200147650761305,-0.14932806085955072,0.06257612436307614,0.06877487049462373,-0.0595481911356232,-0.054806985349391074,0.08111920686538407,-0.1229173560243177,0.026670443118169518,-0.05336127840936485,0.012554660268338154,-0.0772208355951268,0.022280759559599184,0.08869780691621017,17.63408989815614
57,17.92339784,2.1072294960305595,-0.4407099670233269,0.28662385068195406,-0.5402054903932646,0.0751064381581271,0.06634456180522852,-0.24670135358910977,0.20766699624887527,-0.11013616871539646,0.16694870570673964,-0.14508053657058492,0.034063898045194725,-0.24671424299801337,0.09999677397007464,0.014135749148017518,0.03791317045873164,0.0044918756241168175,-0.08578038326058943,0.06986093875454584,0.03938526461098731,0.15481718652698775,-0.07368618776344099,0.050417610630191935,0.04952213141452896,-0.0902524517264952,0.07363443398385286,0.009571633660916432,0.0809186283125824,-0.04246671513054549,0.09915583152262411,-0.018109487855408325,-0.08559680949212682,16.49861132952273
56,17.22494861,1.9417383474119205,-0.6170794831450627,0.3322658948994765,-0.5154002588966711,0.0624977853820105,0.08314525008053575,-0.16977348611966717,0.21742030769213497,-0.17154968040476573,0.09633424629745918,-0.16706341932438465,-0.11890182857455626,0.022196229576259434,0.10059681836313933,0.13347316395503844,-0.10623365087605427,0.025493349957427726,0.1090312422234001,-0.07622179006035791,0.11949144758189581,-0.1989372913772617,0.0049113172688172516,0.0033502555828476698,-0.01096777503044616,0.05584035481545042,0.004954831600918141,-0.04274292518346002,-0.09311997037566495,0.0684836597244846,-0.11557229492367344,0.013422812713364393,0.08239814455563857,16.585960225080907
55,17.72725981,1.7673874920714223,-0.7821994775753721,0.36430493434022937,-0.4323384895508092,0.0397592180133993,0.0762424142286174,-0.018255566541964488,0.11251732324102326,-0.12624794083838375,-0.05422819705321522,-0.031660535958937974,-0.13152067005586038,0.2621319772483823,-0.04301762813975347,0.02628734000041337,-0.0558350138608113,-0.007074309596633112,0.04549856054342235,-0.03165056937070327,-0.12990693932111747,0.020404452771538305,0.06877487049462373,-0.054151969418258984,-0.034954851010359785,0.005513806145954212,-0.0815720850543467,0.06220137006720996,0.08764984389088659,-0.08821918119960194,0.12555656509010688,-0.008354118826595999,-0.0791054618414635,16.71428154368177
54,16.37032053,1.5849724529728488,-0.933059769276369,0.38142928696508094,-0.3004087905804461,0.01057630257263966,0.04760395423177838,0.1412829438285263,-0.05172151462555153,-0.00241162927337591,-0.15978655106068432,0.13356885118450296,0.011102141135041228,0.15988339569766474,-0.12496247671031897,-0.12551189700949894,0.09681416499267903,-0.024776734155073334,-0.1258407815106915,0.09208838078075206,-0.021079436163628663,0.1809652880446228,-0.07368618776344099,0.0570101789832599,0.05739443082347198,-0.06420764521584278,0.12572382721244474,-0.06170428208105318,-0.0655463201520698,0.09986310817553411,-0.12855296598330707,0.0030476632980937844,0.07572251836030965,15.518062995539545
53,15.34207749,1.3953255481008655,-1.0669101353509713,0.382937879765544,-0.13452339256529205,-0.02032086627902659,0.0053942862995331655,0.2387487337581463,-0.1886850839214949,0.1229248752575227,-0.1327377263208875,0.17296676631357788,0.14062043622766068,-0.15107529091145047,-0.027762494926289544,-0.06429931522947688,0.07216776991121071,0.00958415157961753,0.0009935819657594304,-0.014513802297898323,0.1458758299998345,-0.17979656175112746,0.0049113172688172516,-0.009394365370459673,-0.04127581246717101,0.09192233854704107,-0.11983776134174941,0.041411137706557015,0.031004006642138354,-0.10234744235320159,0.12439473246664527,0.0023455299754953003,-0.07225317411205749,15.024579877361926
52,16.2249608,1.1993120927849625,-1.1813104483315033,0.36876895077511507,0.04656740547695637,-0.04792434018464289,-0.03835321566804535,0.23132016769127794,-0.2261458374841874,0.1717939744412529,0.0044704033409778575,0.049417537540530444,0.10415608456067421,-0.2648218799148769,0.10923749382558952,0.10603849220896722,-0.08463930834075943,0.023805875532009607,0.12547370055496246,-0.08481253818341077,-0.08942993248608168,-0.022602579513887635,0.06877487049462373,-0.046538759710325,-0.0025723422549100068,-0.07528599684312529,0.06625652877455959,-0.007832412664134905,0.009421967762700321,0.09544431690712714,-0.11331329164392258,-0.007671968505791267,0.06870138768143015,15.640435118313613
51,16.82587413,0.9978264514640739,-1.2741751603468519,0.3395025776114411,0.22239461318745385,-0.06776002727981924,-0.07116676323577992,0.1222609892352523,-0.14434889919142221,0.11379585531559183,0.13796853631679992,-0.12068656863773344,-0.05524987541926801,-0.03287276901390343,0.0896358145014518,0.0964136616397574,-0.08644660168658878,-0.011995647197965798,-0.047350105640559484,0.057030757223820984,-0.0781274896652204,0.19970464940719246,-0.07368618776344099,0.06126874391034159,0.04469236968308271,0.022325384712449187,0.013694657213420372,-0.028259118257015145,-0.04805992605986819,-0.07978689676955221,0.09592538274954443,0.012780059671735651,-0.06507121172117641,16.202433771518695
50,15.62401725,0.7917879569067703,-1.3438113232100832,0.29633692903049563,0.37308419246842073,-0.07661287258413671,-0.08369168231563455,-0.04051360595808956,0.013570229679574783,-0.014990814760521123,0.1569663046786304,-0.17709524021896184,-0.14944112833926504,0.2419881092067107,-0.058466781300060146,-0.07683907920259378,0.07005558232463494,-0.022590736411490803,-0.10798010402100679,0.056222730753844645,0.14861601942796962,-0.15329493976170305,0.0049113172688172516,-0.021754379901709336,-0.056787580727916814,0.04140686285750072,-0.08819539960722514,0.055284518277139816,0.07757750482562861,0.05681130380120889,-0.07319873243485406,-0.017524425107644397,0.06136678832792031,15.73343610514863
49,16.2249608,0.5821367155066988,-1.388949451310292,0.24103921175693094,0.4816034526540345,-0.07304796818389646,-0.0723572972368606,-0.18548853143517563,0.16433311686362195,-0.13445220623557297,0.04569742241407741,-0.0666674483143442,-0.06723814808866423,0.20096025192085673,-0.12275204334578581,-0.11968480361805124,0.09826512778928727,0.014284051243358704,0.08724358312881236,-0.08521549689172381,-0.03445773078039171,-0.06468425953832471,0.06877487049462373,-0.03702024771177823,0.030732282048154144,-0.08516097176915938,0.12759456601168376,-0.06457345975166724,-0.09237312404804832,-0.028624893558453202,0.04639819579765994,0.021770038231008804,-0.05759234431595392,16.52119834532711
48,15.32357628,0.36982931779272993,-1.40876666467003,0.17587332083313265,0.5356862835139443,-0.057643129387018724,-0.040394879418110964,-0.2489689930742383,0.22843516416402956,-0.17027542982558191,-0.1034958422351449,0.10656587858171983,0.09433000896243018,-0.10239900699644687,-0.011061327964002684,0.040591871576687345,-0.05347804575687009,0.02114378576523941,0.07574777797262018,-0.013503770586653255,-0.12251229769663763,0.21026807895873173,-0.07368618776344099,0.06301895926296215,0.015969295450117445,0.08782629527502156,-0.11621137444018452,0.05314585113725555,0.08963900448621548,-0.002187034492422704,-0.01701536068395646,-0.0253960671543096,0.053752186394365416,15.463189528541756
47,14.422190599999999,0.15583447372577724,-1.4029016902642775,0.10350715549018809,0.5292196138406764,-0.032895239888976614,0.0030835419964677945,-0.20306482351323993,0.1720722463786678,-0.10017607032686592,-0.16679770013097633,0.17940647731154954,0.14455485791076053,-0.2720876779527758,0.11648678536453676,0.13197827741326915,-0.10728698812826876,-0.016425881593585066,-0.11522875968270807,0.09198500547689473,0.12726787397063874,-0.12051740492704391,0.0049113172688172516,-0.033223767563751914,-0.051942527884990985,-0.048116858082716804,0.05857631022107482,-0.02466791424032016,-0.06989400270385221,0.03279836448709613,-0.013314466855121738,0.028299313610000758,-0.04985069625300596,15.183447129694198
46,14.06002785,-0.05887140730256923,-1.371461448122948,0.02690339503990091,0.4629343819294225,-0.0028155459351742076,0.04568288959697068,-0.06794403884114647,0.024967269558332953,0.03223943274916169,-0.09167381262411134,0.08323326085298108,0.02415302867739469,-0.08659595257825078,0.07704072610591556,-0.0006215171215397106,0.035378502114536164,-0.019479871264923024,-0.033176269340741825,-0.03260877851857862,0.026099530743386022,-0.104117758377185,0.06877487049462373,-0.025986122422216852,0.053020209394901194,-0.014808181457586281,0.02237199724606627,-0.011724018327817498,0.036885147147884136,-0.06040137971328862,0.04290327576439258,-0.030397150015450188,0.0458923255629021,14.725506543279225
45,13.03897854,-0.2733086716021482,-1.315019102150552,-0.05080179356433452,0.3443229164219106,0.027720504026768775,0.0752586973715146,0.09702798770292309,-0.13530416202669776,0.14459987563474133,0.05953035558467591,-0.09135167840478348,-0.12475805379597815,0.21193721954172082,-0.07285006962053994,-0.13216650732606075,0.11325541686500323,0.018399160170892014,0.12748580246006652,-0.07563805965780372,-0.1470397763105162,0.21222310865225025,-0.07368618776344099,0.06218917101894374,-0.018478341908494515,0.07058851400922152,-0.0944162987802051,0.044354634499622514,0.0031234391326267507,0.08246429056325229,-0.07010429649054538,0.03162987108776667,-0.04188159089681829,14.358717054605115
44,13.97949902,-0.4864988911193222,-1.2346036111970826,-0.1264271507710888,0.1867920660932805,0.05376349337007264,0.08337932463723384,0.21937072728271764,-0.2242231325571707,0.1670096288804287,0.1613301624657858,-0.17987676117116755,-0.12640980093271054,0.23380977181858187,-0.11830380786336783,-0.03940584380831576,-0.016272071819111236,0.017616066924950966,-0.013923629632527332,0.07052652089530798,0.08529159447926539,-0.08280587337447778,0.0049113172688172516,-0.04333297027810755,-0.02847747513586342,-0.0923110352890351,0.1288831200713192,-0.06275533313531019,-0.04253928729079178,-0.09696345404186958,0.09340365218614917,-0.03196239308059257,0.03782306857576554,15.218335677621857
43,11.4377728,-0.6974693277797734,-1.1316809708668618,-0.19687656557071523,0.008147801713207633,0.0710922603980727,0.06772969646038611,0.24533284611286688,-0.19489834699269343,0.08552834329670417,0.12924174440297662,-0.0989449875026686,0.02114744244454737,-0.049530495703636185,0.005841489923757857,0.12023222862888927,-0.11600055007434527,-0.020183638466803825,-0.12234168808514485,0.04028275755019071,0.0824264660929056,-0.13928866395476613,0.06877487049462373,-0.013888122227450167,0.056301816984824796,0.06949498167025096,-0.11205474169130641,0.0610227756740586,0.07388241297734296,0.10256898531172721,-0.1115046137503832,0.03138525228188741,-0.033721389447336055,13.71419186810231
42,11.9783049,-0.9052573718692289,-1.0081274880321136,-0.2592658306438623,-0.17141742207792568,0.0768980827070243,0.032771298478608095,0.1635078764306915,-0.06279419008374955,-0.04915723053087283,-0.010104656186441451,0.07520008638884203,0.1437431043951936,-0.2682141744863432,0.12161249209064266,0.07581884213970544,-0.0032974683015900303,-0.015571497899981598,0.059123024685435274,-0.09072047126794676,-0.1477344044222428,0.20548969934238911,-0.07368618776344099,0.05881335080649244,-0.04630199043535862,-0.013148728368343984,0.050628821399122066,-0.03971280368864424,-0.09120480034211324,-0.09876673670820829,0.1233997694796865,-0.029914874355046694,0.029581233601822122,14.228179893752202
41,10.50029861,-1.108914934200804,-0.8661955752639332,-0.31104072214800815,-0.3316070530847551,0.07023992720640442,-0.011529728978885998,0.009845652876732683,0.10242439534897586,-0.15326375463500164,-0.1410651823690315,0.17850126604902045,0.09667024901646872,-0.13677388766945212,0.06304116495909844,-0.09727007111251741,0.11544426014138072,0.021761005319219484,0.10049856174525008,0.005195874151840017,0.029490880053892974,-0.041704259636683505,0.0049113172688172516,-0.05166811609786965,0.005195986906179168,-0.04954157276512673,0.03094725898652286,0.0056621129938414705,0.09121916286368854,0.08590545612793132,-0.12842709271570413,0.02759310685779748,-0.025407325032148268,13.227962104803662
40,10.65449733,-1.3075127720285071,-0.7084726887571908,-0.3500815699416814,-0.45431459419028813,0.05219697688089909,-0.05254379525980442,-0.14814226238504494,0.21362961880742296,-0.16203008314282527,-0.1549554311768912,0.11364140468661776,-0.06450823869500122,0.1732095952071269,-0.08590528196247428,-0.10527762351226672,0.02277316112454214,0.013367144234955051,-0.09625243057863535,0.08811575324103413,0.12539335905726534,-0.16875707526431608,0.06877487049462373,-0.0012215406769066014,0.039400736714472966,0.08832886986137567,-0.10020639803718669,0.030205104922783575,-0.07392277495219526,-0.06516479935301453,0.12630678703725845,-0.024486028243574376,0.021204426243709527,13.705292051490666
39,11.35764045,-1.5001447289687588,-0.5378341583218309,-0.3747900371291043,-0.5256702104664088,0.025693712088921187,-0.07857837543092835,-0.2410438127302929,0.21217756086569423,-0.07000297972597769,-0.04024785730485712,-0.05827683972457518,-0.14954382368455107,0.2570870921865725,-0.11169886276883588,0.06538615801366518,-0.11160237930533042,-0.023115074809714812,-0.06493789797953084,-0.049368747515339526,-0.12448359366724857,0.19034351759743615,-0.07368618776344099,0.05302970510174803,-0.057527620100448165,-0.08449892218605977,0.1295836100147198,-0.05638187770171642,0.04259798918717665,0.03844713026835603,-0.1171568583717148,0.020682067241684154,-0.01697733282026645,14.553893898772923
38,11.35255008,-1.6859318695841325,-0.3573907693622585,-0.38415455616050204,-0.5376084593981165,-0.004974102013628529,-0.08221138225780145,-0.228042663173077,0.09883396225330039,0.06557060860697608,0.10786149395326425,-0.17529410638640364,-0.05806395809245146,0.005365799902867422,0.02263781590990365,0.1250801846874115,-0.04160072045923188,-0.011025625581441613,0.12024387413824603,-0.06336695008271157,-0.031089845285104983,0.001104731390679023,0.0049113172688172516,-0.05788796317383909,0.03700682732303054,0.0398996172735422,-0.10738682885698225,0.06447013550858458,-0.003189341033816569,-0.008203033216915534,0.10148654735757219,-0.016289486139469612,0.012730867952097066,14.322610038348472
37,9.648383162,-1.8640264897641663,-0.17043205243915546,-0.3777917425264451,-0.4887799410991303,-0.034835691891360904,-0.06240709734530495,-0.1148508742070863,-0.06662958845010716,0.16035494011370968,0.16645637535355925,-0.12717170727709134,0.10195224335570326,-0.25335995120261234,0.12452117101872587,-0.02750492925951178,0.10458424906754059,0.024231952352968537,0.02051354471995986,0.08113492051482674,0.14803594756904315,-0.1913165520844305,0.06877487049462373,0.011495050892474455,0.008375551518920605,0.023950604788792327,0.04245032487735877,-0.05187499185855926,-0.03682455151062443,-0.022793458240730664,-0.0801679874811135,0.011433299593292432,-0.008469876932649226,13.006193125629796
36,10.93485231,-2.033615984604786,0.019633685740037057,-0.35596209056471056,-0.38470382319753443,-0.059050960359894725,-0.024811439670062413,0.04880069436045776,-0.19695611865277504,0.15538788949044152,0.08690877746754473,0.04075559382357004,0.14162816106400156,-0.18135228372921663,0.04789234675216054,-0.1334102053037884,0.05924430625954862,0.008570969089407321,-0.12782264656034686,0.022693603519408894,-0.08105593721591062,0.1674046498776304,-0.07368618776344099,0.04507501703941227,-0.048131144440858795,-0.07624504912734427,0.03938131548229162,0.0226372388248327,0.06985021262432238,0.05169929981010817,0.0543876663577285,-0.006251716660235808,0.0041992216299728685,13.4940841280029
35,11.57807236,-2.1939265561381034,0.20934149665110957,-0.31955930879148703,-0.23714400025310015,-0.07369499072144278,0.019857605339764665,0.1910116574573686,-0.22341811449724597,0.053759290854095816,-0.06476458890050028,0.17028819198143613,0.014131954579481782,0.12739074969348999,-0.09739441836242542,-0.012899092511652154,-0.09458960828759345,-0.0251001772740101,0.02671080201758419,-0.09251133889125723,-0.08663139242751625,0.04386849458510673,0.0049113172688172516,-0.06173787023592469,0.05555171497744885,0.09175249589217437,-0.1055392784832782,0.01386302567712623,-0.08962033005096302,-0.07586320471370893,-0.025580391587504837,0.0008922073117611716,7.622506075952313e-05,14.337712981772928
34,11.57807236,-2.3442267439950677,0.39523295687832916,-0.27007373136971546,-0.06277940143205675,-0.0763942144416058,0.05886553048015707,0.24930156898920966,-0.13206087939742447,-0.0813111435075613,-0.16268969322889365,0.13939705606008623,-0.13004503663245384,0.26983923679399413,-0.10305761795287852,0.1295036434820576,-0.0752017748508537,-0.006028362856141407,0.11795428434081824,0.02368279919206766,0.14668422178108484,-0.20604350678346792,0.06877487049462373,0.023741033727706473,-0.02565204374111674,-0.0629908539437042,0.1296928396669384,-0.04591573437320286,0.09238310912305468,0.09306882365721768,-0.004650563674800735,0.004492694622049449,-0.004351584777314812,14.14321718502548
33,11.83029418,-2.4838307628913605,0.5739192160852383,-0.20953130365335176,0.11868125625304383,-0.06671112952596658,0.08109173302488941,0.19806073195369844,0.02893847618776765,-0.16580066691194684,-0.1255982953101838,-0.02281614037880486,-0.1207221528812745,0.06004241903089292,0.03902144854279289,0.05211999033411823,0.08190290853359636,0.02571084041025356,-0.07028926149080313,0.08063903171432414,-0.024490379698271544,0.13761221612262334,-0.07368618776344099,0.035274952483393365,-0.021480947380599316,0.003837148278107195,-0.10222893455284192,0.06323769122988589,-0.07761425453336956,-0.10173803168294096,0.03462269112525093,-0.009749732627740378,0.008621979256699011,14.082107700176161
32,12.84930175,-2.612101631708356,0.7421427766498736,-0.14041063974653695,0.2867271766004002,-0.046215212758186214,0.08019983984662891,0.059801829525966396,0.17467716673326558,-0.147151205818475,0.01572737943589216,-0.1635348902899974,0.03109625282455943,-0.22813314174811627,0.12515979616495676,-0.1137188148823465,0.0890189701445234,0.003423897462293146,-0.0919857682297043,-0.0641075541882409,-0.12813134432050247,0.08483627645689093,0.0049113172688172516,-0.0630602216366598,0.05418280617668287,0.05716791909572322,0.034078137259592585,-0.060271641173032374,0.04811646637208894,0.10107567613791411,-0.06266788756020891,0.014729289251593941,-0.012882535901343733,14.716210731453922
31,12.48765637,-2.7284540798918644,0.8968368787053601,-0.0655415477509493,0.42236385320427633,-0.018228532033685747,0.056444116961165205,-0.10473103170689371,0.22830009712944496,-0.036963958910107064,0.1440008704891781,-0.15019200241354883,0.14620990574631,-0.21850609598511847,0.03187043843550806,-0.08656036513029444,-0.06688521847410728,-0.02605767553156181,0.10427359784037225,-0.04850159012593269,0.12155727532528145,-0.2123350161057061,0.06877487049462373,0.03501505585267317,-0.05048407090883772,-0.0905903942207558,0.047635684068018776,0.03796915664131006,-0.009487568968630289,-0.09114250925778211,0.0872252934078237,-0.01928964427361222,0.017128393338828537,14.565789853521709
30,13.72154733,-2.832357217907441,1.0351814079809407,0.012010822910367118,0.5102600497140384,0.012712708944735963,0.01659698191525953,-0.22325027037172385,0.16152928985208376,0.09621731604420149,0.15276775071720028,0.004642562458582163,0.08874332929830299,0.07635651191962403,-0.10710802883432625,0.08750352745901623,-0.10030264910614921,-0.0007842982472082123,0.05346166727815536,0.08842164695552006,0.03604468574936635,0.10218592207080716,-0.07368618776344099,0.02403072722807339,0.012869591855872562,0.08030447581015783,-0.11039060740815432,-0.003485352749908146,-0.03094179374799846,0.07284961588139548,-0.10692816259926397,0.02330100812299425,-0.021354706968795063,14.84270414857899
29,12.86451127,-2.9233369595675573,1.1546543072287494,0.08907146907052133,0.5404807146616499,0.041593418416924724,-0.027981715798223922,-0.24368440940873307,0.00957623695343108,0.16954505450351734,0.03475236866033315,0.1551034993261189,-0.07347226567318789,0.27154413134230554,-0.09253760558704449,0.11306129450415349,0.049963947716017,0.026137123640247322,-0.12402512372916596,0.004175370694157303,-0.14886320712593823,0.12233085120269077,0.0049113172688172516,-0.06180088015432861,0.03339081792623336,-0.0312729523983322,0.12921031063812477,-0.03211662701589748,0.06549930177195168,-0.04787484739442562,0.1206799290241189,-0.026649215742453027,0.025556654490723738,14.022062042101751
28,12.86451127,-3.000978185178145,1.2530775539924632,0.16248551882147513,0.5096099566482217,0.06373248458770751,-0.06458322569999328,-0.15705570128858332,-0.14742683114086705,0.1374045516474139,-0.11210407375011457,0.15944577557999615,-0.14896418486175705,0.11226089446910904,0.05469370987943398,-0.05326228636190748,0.10873167361327919,-0.00186334892921818,-0.007640323371089875,-0.09051478143073885,0.07672779365779217,-0.2099335049202716,0.06877487049462373,0.04485555747693706,-0.05721891578946284,-0.03284726250451873,-0.0966045930675799,0.05741490438103629,-0.0876269427491218,0.018508926704970684,-0.12771523608009563,0.029238975772481683,-0.029729441406266367,13.954546159605254
27,12.83537236,-3.0649266356345475,1.3286568665309908,0.22924739234063995,0.42113714815970205,0.07554151071475484,-0.08277297970336747,-0.0014245051429628483,-0.2266845655380395,0.019789326727472273,-0.16592512083225122,0.013578654434856379,-0.04862483557302046,-0.1935665346659464,0.12351672522452453,-0.12919207380134543,-0.031620682552167975,-0.025948369491204507,0.12684785733524073,0.041200147650761305,0.09073747077182479,0.06257612436307614,-0.07368618776344099,0.011802681176545524,0.042606728377717513,0.08111920686538406,0.025550458917677266,-0.06429324967136199,0.0931255324444953,0.01255466026833815,0.12764253270836315,-0.03099658258245452,0.03386830648985566,13.977798058779145
26,11.62156738,-3.1148905288245547,1.3800144140477362,0.2866238506819541,0.28506251606321786,0.0751064381581271,-0.07736533855090669,0.15483254793279802,-0.18640051059224394,-0.11013616871539646,-0.08204457781931342,-0.14508053657058492,0.10910929304632522,-0.24671424299801342,0.015267523622466821,0.014135749148017518,-0.11406615017784737,0.0044918756241168175,-0.03922388542845038,0.06986093875454583,-0.14546666978194012,0.15481718652698773,0.0049113172688172516,-0.058011403377184106,0.0006291190750389237,-0.0902524517264952,0.05567270195307081,0.05054494227311077,-0.08095159807272453,-0.04246671513054549,-0.12046586522587048,0.03187201396304752,-0.03796852722134982,13.908723730893804
25,12.86451127,-3.1506418909632683,1.4062139349093299,0.3322658948994765,0.11676679953810938,0.0624977853820105,-0.04990194355590991,0.24306385633944355,-0.04781840647070732,-0.17154968040476573,0.069924924645523,-0.16706341932438465,0.13805524740216257,0.022196229576259413,-0.11486903169795502,0.13347316395503844,0.012377479818313001,0.02549334995742773,-0.11235651002150526,-0.07622179006035791,0.019461935375145126,-0.19893729137726165,0.06877487049462373,0.05285966730779093,-0.04344231754218004,0.055840354815450396,-0.11473824931063238,-0.020580733909193842,0.053415399156944925,0.0684836597244846,0.10658465212697622,-0.03184035477879333,0.042025425174513915,14.535546924937279
24,13.38882811,-3.172017596785186,1.4067778049420834,0.36430493434022937,-0.064727260137606,0.0397592180133993,-0.008212216666701126,0.2245049578393731,0.11598066758201976,-0.12624794083838375,0.16386359210074458,-0.03166053595893801,0.004046399614129793,0.26213197724838233,-0.08033060827071682,0.02628734000041337,0.1161542574130493,-0.007074309596633111,0.0807342353567073,-0.03165056937070326,0.1307231293954951,0.02040445277153834,-0.07368618776344099,-0.0009085680291062578,0.05707049814788572,0.005513806145954212,0.1281382245975645,-0.015986215062654255,-0.01574250730231031,-0.08821918119960193,-0.08677145438783757,0.030902506063036145,-0.046034371355189015,14.458827503833952
23,13.15413198,-3.178920113847379,1.3816957446466158,0.38142928696508105,-0.23890509128026213,0.010576302572639655,0.03581869598728201,0.10730971224799041,0.2186174984134719,-0.00241162927337591,0.12181153628401815,0.13356885118450298,-0.13473865379392364,0.15988339569766477,0.06936889046314294,-0.12551189700949894,0.007217991058144901,-0.024776734155073334,0.08252907625548912,0.09208838078075206,-0.11849225792705065,0.18096528804462278,0.0049113172688172516,-0.05184693292972722,-0.032358102052317185,-0.0642076452158428,-0.09053946698139363,0.047424443560926066,-0.024917855677314547,0.09986310817553411,0.0621289784705696,-0.02908515937415392,0.049990791483058336,13.92373578976665
22,12.781726800000001,-3.171317947547651,1.3314250065958397,0.3829378797655439,-0.3860790875347761,-0.02032086627902659,0.06963820962907966,-0.057032100285288594,0.2059666964940987,0.12292487525752273,-0.021332157460102988,0.17296676631357788,-0.11448367733509131,-0.1510752909114505,0.11962191181392412,-0.06429931522947686,-0.11493656693216193,0.00958415157961753,-0.11122477688354408,-0.01451380229789832,-0.04095839857331672,-0.17979656175112743,0.06877487049462373,0.05869969614831664,-0.014092816290414997,0.09192233854704106,0.01690619969197749,-0.0636478939716009,0.06084953262852466,-0.10234744235320159,-0.03402870503136168,0.026440037142880166,-0.05389017121098434,13.657359477063318
21,13.15413198,-3.1492457848271975,1.2568820395999862,0.36876895077511507,-0.48961393035943135,-0.04792434018464289,0.08360486360035115,-0.19631683571334352,0.08469964456438733,0.1717939744412529,-0.1467722510038395,0.049417537540530444,0.04090317813517397,-0.264821879914877,-0.0016137221720064088,0.1060384922089672,-0.026608034954256173,0.023805875532009607,-0.04143684752531124,-0.08481253818341074,0.14952061106304007,-0.022602579513887625,-0.07368618776344099,-0.013582620352894223,0.05107602852482683,-0.07528599684312527,0.06345569806820975,0.05945173563606615,-0.08523373380564433,0.09544431690712714,0.004034558960914405,-0.023042420630751657,0.05772806127596058,14.00299339331771
20,12.23205106,-3.112804335902036,1.159425781603142,0.33950257761144115,-0.5378069064054909,-0.06776002727981924,0.07373696418962195,-0.24934968729149326,-0.08123364674473678,0.11379585531559183,-0.1504057594826479,-0.12068656863773346,0.14800958483223065,-0.03287276901390345,-0.1205359418246592,0.09641366163975743,0.11044773470475772,-0.011995647197965798,0.12653370771781683,0.05703075722382099,-0.07231210229522465,0.19970464940719249,0.0049113172688172516,-0.04355984295637134,-0.05374581345783109,0.022325384712449187,-0.11856236689788718,-0.03618218609746624,0.09344304532067697,-0.07978689676955222,0.026184131087570058,0.01898900739458718,-0.06150008257580134,13.833802718627364
19,12.32531976,-3.0621598747453955,1.040832885886198,0.29633692903049563,-0.5252106844296484,-0.07661287258413672,0.042847708681652066,-0.19283064950606435,-0.20432848778852583,-0.014990814760521132,-0.029217226932740186,-0.17709524021896184,0.08041149412273169,0.2419881092067107,-0.06665916278375626,-0.07683907920259377,0.04524080328302761,-0.02259073641149081,-0.005311298034576952,0.056222730753844666,-0.09474001601595373,-0.15329493976170305,0.06877487049462373,0.062136552531608824,0.02030858075253409,0.04140686285750072,0.1264814732279669,0.0013046156552609107,-0.0839195780371436,0.05681130380120887,-0.05494553943245079,-0.01439515923443534,0.06520193116577688,14.038080612536463
18,10.86645534,-2.9975434804177152,0.9032653322090676,0.24103921175693097,-0.45324903609213585,-0.07304796818389647,-0.00025681703776232853,-0.0515913852384583,-0.21967098589706402,-0.13445220623557297,0.11621874076518487,-0.06666744831434425,-0.08210105555471707,0.20096025192085673,0.08277945788227543,-0.11968480361805123,-0.10281551473362359,0.014284051243358705,-0.12457143744129831,-0.08521549689172381,0.14408313767372682,-0.0646842595383247,-0.07368618776344099,-0.02570059860354457,0.02677217572259004,-0.08516097176915938,-0.0840612300735162,0.033991503454972524,0.05847060972681123,-0.028624893558453202,0.08064894562168401,0.009391618949519488,-0.06882938316949255,13.53224149479372
17,11.47422636,-2.9192499827058853,0.7492310133495816,0.17587332083313262,-0.3300559047073095,-0.05764312938701874,-0.043288127885070554,0.11231457570380678,-0.11917029610023823,-0.17027542982558191,0.16520454273809831,0.10656587858171983,-0.14770485662988533,-0.10239900699644684,0.1135463594086288,0.04059187157668734,-0.06258599983011869,0.021143785765239412,0.05133447869642308,-0.013503770586653252,-0.014411284630705175,0.2102680789587317,0.0049113172688172516,-0.03348940789431739,-0.05586709555595038,0.08782629527502156,0.008184801354691516,-0.05838241961291868,-0.021925616185873593,-0.002187034492422709,-0.10186382276726282,-0.004120789344649578,0.07237829959840796,13.77744434228124
16,12.58220526,-2.8276366168825566,0.58153801555686,0.10350715549018809,-0.16955601227017508,-0.03289523988897662,-0.07397861129181761,0.22687508085235011,0.044174683066448686,-0.10017607032686592,0.07708676381945537,0.17940647731154957,-0.038963849081468944,-0.2720876779527757,-0.018465549385772,0.13197827741326915,0.09225712312354291,-0.016425881593585066,0.10560580586672101,0.09198500547689473,-0.13316575700845618,-0.1205174049270439,0.06877487049462373,0.06302953115352201,0.04742989753938648,-0.04811685808271679,0.07094916038727135,0.06404300406994858,-0.018780223146337954,0.03279836448709613,0.11740945373157984,-0.0012673196118982153,-0.07584463107449838,13.996034982514937
15,12.01027854,-2.723121393723528,0.40324342639854477,0.0269033950399009,0.010109074743178719,-0.0028155459351742076,-0.08357884846133858,0.2417579243728913,0.184224204755085,0.03223943274916169,-0.07500547478304762,0.08323326085298112,0.11576850205809971,-0.08659595257825077,-0.12400544994855812,-0.0006215171215397106,0.07814997320118926,-0.019479871264923024,-0.09035076671697573,-0.03260877851857862,0.11529203871300873,-0.10411775837718498,-0.07368618776344099,-0.03676639132767368,-0.007128782375469039,-0.014808181457586285,-0.12184551159846806,-0.0491572199916149,0.0559221210241711,-0.06040137971328862,-0.12642064411503826,0.006619360133488255,0.07922442245066849,14.007145212731983
14,11.34733876,-2.606181192220446,0.21759760324833669,-0.05080179356433452,0.18863151643334652,0.027720504026768768,-0.0693519487936965,0.1504243227422259,0.2271233491146012,0.14459987563474133,-0.16485051964143058,-0.09135167840478346,0.1338524193107986,0.21193721954172082,-0.05177250318232499,-0.13216650732606078,-0.07907305602203152,0.018399160170892017,-0.07222552427920886,-0.07563805965780375,0.045825377121486495,0.21222310865225025,0.0049113172688172516,-0.022047912538231736,-0.03796152573968407,0.07058851400922152,0.12424761590583869,0.018500746002818473,-0.08245162288403296,0.08246429056325229,0.1283958747788289,-0.011783010955909164,-0.08251381732364664,14.127953043591472
13,11.39936815,-2.4773495836913493,0.027984918414009016,-0.12642715077108882,0.3458326279786895,0.053763493370072635,-0.035353798334106526,-0.006998267977016487,0.1502493122242854,0.1670096288804287,-0.1178857880852225,-0.17987676117116755,-0.006057618144578685,0.23380977181858187,0.09468093395663503,-0.039405843808315764,-0.09148976634266878,0.017616066924950963,0.11703463920471976,0.07052652089530799,-0.15000740927053083,-0.08280587337447776,0.06877487049462373,0.06134207336435455,0.05754887108853665,-0.09231103528903509,-0.07719944105310894,0.018091163886796834,0.09333419901317049,-0.09696345404186958,-0.12322521396706843,0.01661131246290908,0.08570906243421134,13.405355245701875
12,10.95600567,-2.337214397217121,-0.1621379388621675,-0.19687656557071526,0.4639437095258294,0.07109226039807269,0.008723215451889374,-0.1613461667346101,-0.005858489824282206,0.08552834329670417,0.02691259510567445,-0.09894498750266861,-0.13881748938180846,-0.04953049570363625,0.10540082693101016,0.12023222862888928,0.06363853737596512,-0.020183638466803825,0.028986829643843668,0.04028275755019071,0.067813901512156,-0.13928866395476613,-0.07368618776344099,-0.046326963670980284,-0.038474263630805534,0.06949498167025096,-0.0005739423539086831,-0.0488790405982401,-0.08650465221478547,0.10256898531172719,0.1111964355749957,-0.0209668492170351,-0.0888065119497279,13.758057387178148
11,11.42579327,-2.186415037512215,-0.3493049787597842,-0.2592658306438623,0.5296144715205882,0.0768980827070243,0.050313365012561936,-0.24480655967919543,-0.15887682543837944,-0.04915723053087284,0.14937616171757412,0.07520008638884203,-0.1077228390272205,-0.2682141744863432,-0.03498074476517387,0.07581884213970545,0.10222572328083442,-0.0155714978999816,-0.12774388463781855,-0.09072047126794677,0.09863446118317121,0.20548969934238911,0.0049113172688172516,-0.009703773052311153,-0.006447769443212993,-0.013148728368343987,0.07811889796039533,0.06398547331168564,0.06325903231532146,-0.09876673670820829,-0.092979003050103,0.024725660859237008,0.0918026316241096,13.63909091746396
10,10.88172533,-2.025639567467602,-0.5301040967886428,-0.3110407221480081,0.5354220398652152,0.07023992720640442,0.07755989229364553,-0.2207110882761279,-0.2281116888387623,-0.15326375463500166,0.14787215254808048,0.1785012660490204,0.050523471625516445,-0.13677388766945212,-0.12521430602170103,-0.09727007111251741,-0.04639283990444573,0.021761005319219484,0.018208418335074403,0.005195874151840011,-0.14253520409167844,-0.041704259636683505,0.06877487049462373,0.05714326388426284,0.04703812140505608,-0.04954157276512673,-0.12457270317612895,-0.05856399459025117,-0.02800868351164316,0.08590545612793132,0.06958681030456079,-0.027780770071431548,-0.09469400283045666,13.837139408763711
9,11.96989264,-1.8556215686776134,-0.7012392773533288,-0.3500815699416814,0.4807099755703215,0.05219697688089908,0.08269520123686017,-0.09964610796056089,-0.17705217141480947,-0.16203008314282527,0.023648747819199994,0.1136414046866178,0.14913393013006115,0.17320959520712698,-0.03594201719632395,-0.10527762351226669,-0.11005229428624301,0.013367144234955056,0.1210167460271198,0.08811575324103409,0.009344190349072717,-0.1687570752643161,-0.07368618776344099,-0.05399090467840985,-0.056027755655602786,0.08832886986137568,0.12144684520978286,0.03435393102291995,-0.012556900764579283,-0.06516479935301453,-0.04232175329898897,0.03004522719476839,0.09747732646177162,14.26249190106606
8,12.45357939,-1.6771367942753739,-0.8595906809866215,-0.3747900371291042,0.3716624731321037,0.02569371208892119,0.06425528855496643,0.06519843154909939,-0.03262443843657568,-0.0700029797259777,-0.12020080008876866,-0.05827683972457519,0.07171275974267008,0.2570870921865725,0.104856351639163,0.0653861580136652,0.027826783217390735,-0.023115074809714805,-0.06291831074632181,-0.049368747515339546,0.13545644007696866,0.19034351759743615,0.0049113172688172516,0.003037640042515976,0.02737733886703883,-0.08449892218605978,-0.06998540868965107,0.0008776100295154492,0.050739549607889844,0.03844713026835603,0.012701272829457927,-0.03145458485251568,-0.10014942669529998,14.638040131765347
7,11.28247643,-1.4909996293491878,-1.0022715198456293,-0.38415455616050204,0.22060535087040453,-0.004974102013628526,0.027497110174320074,0.20139801289847137,0.12900774663022926,0.06557060860697607,-0.16429546326377775,-0.17529410638640364,-0.09035523715045977,0.005365799902867437,0.09533380958597794,0.12508018468741147,0.11474673194411428,-0.01102562558144161,-0.09777144323625585,-0.06336695008271157,-0.11196026919133267,0.0011047313906790421,0.06877487049462373,0.05060500246670099,0.019665469696142284,0.03989961727354219,-0.009330067295187474,-0.0358275949719804,-0.07929330411831761,-0.008203033216915526,0.017626098865332625,0.031968732148784616,0.10270725461620192,13.895836755435987
6,9.793559189,-1.2980593750901679,-1.1266806846153667,-0.37779174252644515,0.04461284343787739,-0.0348356918913609,-0.017100101871083486,0.2491132930772334,0.2226078765164006,0.16035494011370968,-0.07204099242368196,-0.12717170727709137,-0.1457715850148183,-0.25335995120261234,-0.05085823194366064,-0.027504929259511784,-0.008468764888507632,0.02423195235296854,0.09904017694660588,0.08113492051482672,-0.05064006808306251,-0.1913165520844305,-0.07368618776344099,-0.05944445170464338,-0.05349680343922042,0.023950604788792334,0.08493219691948745,0.059283319444932696,0.092799490162712,-0.022793458240730667,-0.0469724874105791,-0.03157303624104672,-0.10514789169641932,13.353620415750546
5,10.33762713,-1.099196373625693,-1.230550163417435,-0.35596209056471056,-0.13642232696859904,-0.059050960359894725,-0.05682231893016333,0.1873805437892872,0.19881605332695124,0.15538788949044152,0.08000044231320318,0.04075559382357005,-0.02912507948331263,-0.18135228372921663,-0.12414047227911906,-0.13341020530378844,-0.11617543063694132,0.008570969089407321,0.061180840687073725,0.022693603519408898,0.1503230463028249,0.1674046498776304,0.0049113172688172516,0.015654691797094954,0.05138840716243,-0.07624504912734427,-0.12673149808121004,-0.06371968423911513,-0.08869502550509058,0.05169929981010817,0.07370461519432608,0.03027875879682241,0.107468553124769,13.609938101071311
4,9.793559189,-0.8953179912201996,-1.3119863882646017,-0.319559308791487,-0.30203745767322354,-0.07369499072144278,-0.08034530384523718,0.04332207424449627,0.07017886182404946,0.05375929085409578,0.16564934974872436,0.17028819198143613,0.12189948594766307,0.12739074969348996,-0.01945629875951623,-0.012899092511652145,-0.01113027795596399,-0.025100177274010094,-0.12164356775448415,-0.09251133889125723,-0.06323832383727959,0.04386849458510675,0.06877487049462373,0.04199496630231706,-0.01475672424352977,0.09175249589217437,0.11809194041410041,0.047713408430368885,0.06775881844847745,-0.07586320471370894,-0.0963347016754754,-0.02812273548201315,-0.10966659098446316,13.29836568579244
3,10.07952313,-0.6873544781710301,-1.3695047553045125,-0.27007373136971546,-0.43351279841634444,-0.0763942144416058,-0.08096298934320478,-0.1197699667323921,-0.09546705454103087,-0.08131114350756129,0.11382553006370695,0.13939705606008626,0.1290388533305293,0.26983923679399413,0.1131202103824169,0.1295036434820576,0.11429772901505938,-0.006028362856141407,-0.016239367664782536,0.02368279919206766,-0.10241636264089393,-0.20604350678346792,-0.07368618776344099,-0.06246433589366229,-0.03178868531312482,-0.0629908539437042,-0.062452048958205525,-0.016399648409639925,-0.0339639536386247,0.09306882365721768,0.11360326603071248,0.02516632760277054,0.11173949727443029,13.180502030606663
2,9.249461013,-0.47625472428968624,-1.4020566895393844,-0.20953130365335176,-0.5159874754749962,-0.06671112952596658,-0.058499282104364385,-0.23024102275008196,-0.2107685528993084,-0.16580066691194684,-0.0324623249920207,-0.022816140378804882,-0.016133996381069597,0.06004241903089295,0.08352883175423864,0.05211999033411823,0.030412548533402632,0.02571084041025356,0.12764323643634082,0.08063903171432416,0.14082463525609243,0.1376122161226233,0.0049113172688172516,0.02763083863015267,0.05697811293455456,0.0038371482781071903,-0.018043621279343926,-0.020175470364760664,-0.006276284124684336,-0.10173803168294097,-0.12454922374674078,-0.02149367573760367,-0.11368490677098977,13.01357618245576
1,8.059765592,-0.2629819293352595,-1.4090487606247073,-0.14041063974653695,-0.5401392406299814,-0.04621521275818621,-0.019358264454609895,-0.23955558915971495,-0.21492154897200222,-0.147151205818475,-0.1518096315210212,-0.16353489028999738,-0.1422629326048431,-0.22813314174811627,-0.06580856014333673,-0.1137188148823465,-0.10916706723530269,0.003423897462293146,-0.030918695623527153,-0.06410755418824092,-0.004266434176743142,0.08483627645689093,0.06877487049462373,0.03166565128331726,-0.043889029238274965,0.057167919095723205,0.09135796974409666,0.05027786576353818,0.045325465264378056,0.10107567613791411,0.12856337592157493,0.017209305062070124,0.1155005997266152,12.574879455670963
0,3.808598042,-0.04850920815484865,-1.3903535012609014,-0.06554154775094928,-0.5032381801946245,-0.01822853203368574,0.025301518104945235,-0.14362130731483758,-0.10573596607486256,-0.03696395891010709,-0.1451698208049715,-0.15019200241354885,-0.1004704861121941,-0.21850609598511844,-0.12080352499309178,-0.08656036513029444,-0.04882926552958371,-0.02605767553156181,-0.11622025903688062,-0.04850159012593269,-0.13759256489009716,-0.2123350161057061,-0.07368618776344099,-0.06292692283194684,0.0013148219411093412,-0.0905903942207558,-0.12831204622770076,-0.06425004406598916,-0.07577318819263386,-0.09114250925778211,-0.1254223143198871,-0.012435150519490101,-0.11718450440270664,10.73412760861539
