,raw_series,harmonic_1,harmonic_2,harmonic_3,harmonic_4,harmonic_5,harmonic_6,harmonic_7,harmonic_8,harmonic_9,harmonic_10,harmonic_11,harmonic_12,harmonic_13,harmonic_14,harmonic_15,harmonic_16,harmonic_17,harmonic_18,harmonic_19,all_19_harmonics
0,6.312,-0.27359318072491695,-0.3725899093446173,0.09295649451550428,0.0735592996083796,0.06192876651139113,-0.045329948920451425,-0.15383212657372802,-0.06297771569580851,-0.04405285124637577,-0.012061419491870513,-0.002235962068783405,0.019552442845612816,0.05240525080586111,-0.006020321834432515,-0.02336776857717623,-0.0662914505771335,-0.08327604574410594,-0.05986428807281775,-0.0444539404418737,7.192382949625054
1,6.316,-0.26827513317382173,-0.3718220308136535,0.07343509971135125,0.07376100307819979,0.05417985994321201,-0.05328583583286607,-0.1697503156356428,-0.08281652339831469,-0.04572765522010276,-0.009575696756157357,0.02996156183053391,0.019401089506850884,0.038258977238402624,-0.026778554077247236,-0.05509234557212742,-0.07449909314293797,-0.07847018313860751,-0.030667638865415053,-0.0007363651418547101,7.119710269892183
2,6.478,-0.26266373070337673,-0.36942826914742777,0.05319152982340316,0.07267396452949214,0.04495306803213597,-0.059150782910420426,-0.1766128676251023,-0.09689277690868321,-0.04338169794579342,-0.0060522986946704195,0.058237984050216525,0.016234409329522807,0.017150069862149186,-0.04189879365177647,-0.07353677506898999,-0.06233219938507281,-0.049510453076248385,0.009078136450773941,0.043262476614222146,7.127532201170656
3,6.654,-0.2567651092997977,-0.3654190916566439,0.032424864063611884,0.07031717654905746,0.034500073609045764,-0.06269464922950639,-0.17405368731586382,-0.10422701982923807,-0.03722125577968533,-0.0018730401585257009,0.07889273893595121,0.01054456929860543,-0.007079926075916033,-0.04819760505145761,-0.0742549812709775,-0.033118257040069654,-0.005310935447438998,0.045701193168630166,0.07073652274116361,7.199638741680308
4,6.65,-0.2505857190189866,-0.35981202945438345,0.011339325870689526,0.06673181660971199,0.02310600711288052,-0.06377837323389283,-0.16220929880213394,-0.10430891955298575,-0.027788006772249976,0.002509191342007825,0.08922271659870802,0.0032158871399829043,-0.03002146800349447,-0.04434882808153655,-0.05707383877931832,0.005153099329354978,0.040523338540264006,0.06660384662448077,0.07119162142696046,7.305952431679623
5,6.654,-0.2441323169334907,-0.35263160079700995,-0.009857725462992932,0.06198052762319161,0.01108166897554104,-0.062359429519683006,-0.1417115623742683,-0.09713277731865196,-0.015911401763894713,0.006619513026519611,0.08787602180041079,-0.0046126097738659185,-0.04749949513797559,-0.031162789404001284,-0.026134904903025467,0.04201514982623726,0.07388414414976638,0.06459595321836646,0.0444539404418737,7.412380049441699
6,6.6579999999999995,-0.23741195974374255,-0.34390920387207136,-0.030957834003103278,0.05614632345188384,-0.00124494820369618,-0.058493497535065976,-0.11365396679075625,-0.08319792474291113,-0.0026357320690545078,0.010012507762280572,0.07502889793135487,-0.01172421261627308,-0.05633323498041698,-0.011415695276038782,0.011103913074340995,0.06738660144245064,0.08450270864833874,0.040368192817982824,0.0007363651418547101,7.491044619506029
7,6.6610000000000005,-0.2304319960616619,-0.33368297950201525,-0.05175349716963641,0.04933113850213429,-0.013537606441274328,-0.05233227671496946,-0.07953329514610098,-0.06347397923823221,0.01087169342678732,0.012320491921933198,0.05236266184899775,-0.017013632588464604,-0.054915062337342654,0.010734874636464819,0.04566610507214837,0.07432869102356374,0.06911053705837146,0.0022544870831852607,-0.043262476614222146,7.527780039584413
8,6.665,-0.22320005837505633,-0.3219976443640762,-0.07204020635773037,0.04165404674043269,-0.02546099406504067,-0.0441175337848797,-0.041169776274195366,-0.03933337592009125,0.023423187912815616,0.013293359609715045,0.02284366814046752,-0.019658785446307454,-0.04350306609413623,0.03062530965442694,0.06922036838724302,0.06094284705191825,0.032445485946359716,-0.03663472238880976,-0.07073652274116361,7.52480579458358
9,6.92,-0.21572405470160783,-0.3089042954556246,-0.09161845811514743,0.03324918124958038,-0.036689872142570676,-0.03417161581803276,-0.0006099813547475183,-0.012455870580488936,0.033915118097722276,0.01282568551605742,-0.009664900878630167,-0.019248560236391158,-0.024174080411148297,0.04406785092885272,0.07608888901869901,0.030889924347585473,-0.0142065938149612,-0.0629222344123664,-0.07119162142696046,7.498119815447305
10,7.002999999999999,-0.20801215994157177,-0.2944601866599973,-0.11029571609810851,0.02426339067406574,-0.046917946151409824,-0.022884801314260392,0.03998235412139309,0.015288341380992415,0.041424944959956286,0.01096814938571938,-0.04090861397055524,-0.015846714361869803,-0.0004457280509392723,0.04823228780200048,0.06461599291357586,-0.007610992273233624,-0.05648574910618231,-0.06756560914920068,-0.0444539404418737,7.4708149283709
11,7.01,-0.20007280693864338,-0.2787284783898341,-0.12788830451122535,0.014853673500908786,-0.055866220895196,-0.010699985645020046,0.07844175872862816,0.04196875722908053,0.04529234116189684,0.007922044081065805,-0.0667985729471658,-0.009981964375619849,0.023363740988831254,0.042241834152759415,0.03756725033256997,-0.04403040116035935,-0.08137805448140069,-0.048967607702500866,-0.0007363651418547101,7.4647126873393015
12,7.016,-0.19191467725876687,-0.261777961402663,-0.14422321441107225,0.005184435003864466,-0.06329061076533002,0.0019046981912089894,0.11271654608957632,0.0657288954805584,0.04517725260051332,0.004017462377049617,-0.08394653115419683,-0.0025658125944970247,0.04292131453502645,0.02735772812179608,0.0014628282314211954,-0.06840806604845057,-0.0812214219897484,-0.013525614086524357,0.043262476614222146,7.49307093513029
13,7.063,-0.1835466916969709,-0.24368275599642109,-0.15913980510985726,-0.004575385222724985,-0.06898859776009458,0.014434641540418612,0.14097826578920253,0.08491547393196652,0.04108979883311685,-0.00032247371287151446,-0.09010831693904206,0.005249119037426749,0.054667769821648046,0.0067136893429070804,-0.03499421226845246,-0.07407701157183809,-0.05606406459940629,0.026568951881816398,0.07073652274116361,7.556592079511348
14,7.325,-0.17497800052260956,-0.22452198790025,-0.17249138394725616,-0.014255264953098212,-0.07280475564781606,0.02639816857041242,0.16171924536348256,0.09819344863855761,0.03338938328050349,-0.0046274647723078145,-0.0844775307979919,0.012248230016247912,0.05646540551385647,-0.015343858588987956,-0.06301581049992523,-0.059486854610266274,-0.013649655788208193,0.05752426767150594,0.07119162142696046,7.643759265236374
15,7.352,-0.16621797347367795,-0.20437944227781538,-0.18414664889462595,-0.02368607867075971,-0.0746349895892985,0.037325829664018165,0.1738330198091051,0.10463890918162749,0.022753091445935878,-0.008430998221150551,-0.06779107974277748,0.017343715083757122,0.04798707541094505,-0.0341708899672866,-0.07584729022292057,-0.02862781397634852,0.03296624668024051,0.06869225139284253,0.0444539404418737,7.735080617842335
16,7.379,-0.1572761895111405,-0.18334319735610424,-0.19399097980474694,-0.032703052506054084,-0.07442937557368212,0.046788822654105736,0.1766733579568004,0.10380336636906067,0.010116155845172541,-0.01132090219231533,-0.042232737490864466,0.01974363145374394,0.03077572477903558,-0.04580353637063084,-0.07039559120247318,0.010060562708804963,0.06943482540078602,0.056231313897921055,0.0007363651418547101,7.809605883267944
17,7.406000000000001,-0.14816242634447838,-0.1615052392817488,-0.20192756560869057,-0.0411486431423701,-0.0721935222153172,0.05441581904989121,0.17008873683983772,0.09574495909077532,-0.003410277526810095,-0.012984010749046152,-0.011147351660661187,0.01907498294791745,0.007963594479090516,-0.04779264483334438,-0.04797485910355467,0.045997505897260434,0.08453070556832276,0.024427797596227527,-0.043262476614222146,7.851471245213826
18,7.662000000000001,-0.1388866497399074,-0.13896105988901136,-0.20787835637474114,-0.04887529039112455,-0.06798841776538522,0.059907534992258565,0.15443042496026116,0.08102440888805251,-0.016636850526358424,-0.01324010027343312,0.021396900017968998,0.015441691244721207,-0.016297805931086158,-0.03971942579356914,-0.013989667396338818,0.06935472743858362,0.07360723192951361,-0.01577844962757552,-0.07073652274116361,7.854384529973352
19,7.407,-0.12945900262295904,-0.11580923913829087,-0.21178483086663683,-0.05574799534291734,-0.06192876651139113,0.06304847517281757,0.13053374323643127,0.06066600372663165,-0.02840057126366465,-0.012061419491870512,0.05114091647942398,0.009408444321143256,-0.037593218675731156,-0.023283625608946944,0.02336776857717623,0.07374432999554635,0.04002675339049356,-0.050557188863140964,-0.07119162142696046,7.82278426072464
20,7.369,-0.1198897939873404,-0.09215101405103757,-0.2136085720528134,-0.06164667904975849,-0.05417985994321201,0.06371538888451275,0.09967350330045995,0.03608632580767492,-0.037667074161801276,-0.009575696756157357,0.07419206643946821,0.001912932370609947,-0.05204715696845753,-0.0019456596802122012,0.05509234557212742,0.05796581416647517,-0.005874339902473246,-0.06794514808582257,-0.0444539404418737,7.7695810661127656
21,7.364,-0.11018948762220084,-0.06808983602601724,-0.21333164490698076,-0.06646828052779784,-0.044953068032135966,0.061882106387780085,0.06349600037001786,0.008995682690846878,-0.04362157010511592,-0.006052298694670421,0.08753362121963452,-0.005879888466386941,-0.05702919295438375,0.019801948045475862,0.07353677506899,0.026334399510837728,-0.04996725559567251,-0.061961176434301206,-0.0007363651418547101,7.711510518138444
22,7.359,-0.10036869067013213,-0.043730918472666136,-0.21095677278466682,-0.07012855742454517,-0.034500073609045764,0.05762056581291355,0.02393118865755523,-0.018720899633208644,-0.04574048957259929,-0.0018730401585256996,0.08941955725969122,-0.012758854156526675,-0.05163266119977142,0.03738042708796059,0.07425498127097747,-0.012499132066761915,-0.07867977556953061,-0.034663654466021376,0.043262476614222146,7.663826884515622
23,7.354,-0.09043814202841395,-0.019180776739621812,-0.20650731064120864,-0.07256355788957237,-0.023106007112880515,0.051097990302922704,-0.016910275521701244,-0.045134840959608784,-0.04383751928749226,0.0025091913420078253,0.07960306009061387,-0.0176548324812434,-0.03683965995075937,0.04708878090817393,0.057073838779318334,-0.047914313036791445,-0.08317391354617659,0.00455755239884277,0.07073652274116361,7.636142948836936
24,7.349,-0.08040870060618707,0.0054532376497950594,-0.2000270153545697,-0.07373073793237693,-0.011081668975541036,0.042570326165987854,-0.05684963052168266,-0.0684082016831222,-0.038079984452491,0.006619513026519611,0.05936882520843525,-0.019806888090058827,-0.015342322088686935,0.04688299968013385,0.026134904903025457,-0.07022555045251845,-0.06206633118384809,0.0422110417353447,0.07119162142696046,7.630687501238684
25,7.343999999999999,-0.07029133345039601,0.030063406418477823,-0.1915796154116729,-0.07360970474508509,0.0012449482036961776,0.03237219952485863,-0.09375623933925029,-0.08692157064159015,-0.028974136106214576,0.01001250776228057,0.03136492859902668,-0.018880547445646267,0.008947117867868304,0.03680640885941252,-0.01110391307434099,-0.07333101007710784,-0.021854142753502052,0.06534467825880336,0.0444539404418737,7.643327666660142
26,7.039,-0.06009710375348386,0.054542115560152024,-0.18124818419003919,-0.07220257300276348,0.01353760644127432,0.020903785564959018,-0.1256612522920015,-0.09938674727400747,-0.017320637260684404,0.012320491921933198,-0.0007437298017358893,-0.015019782864909136,0.03160829931218176,0.018980547383648506,-0.04566610507214837,-0.056381388955938534,0.025084958324913136,0.06600089959828569,0.0007363651418547101,7.666724883850161
27,6.9879999999999995,-0.04983715875595405,0.07878232590804386,-0.16913432299800124,-0.06953392791610954,0.025460994065040685,0.008615105632799065,-0.15086263885934376,-0.1049363774231198,-0.004144161854168485,0.013293359609715045,-0.0327550554869586,-0.008824636270934876,0.048517183405258034,-0.0028415039790063708,-0.069220368387243,-0.024012188766099608,0.0643026710452741,0.04395397720338537,-0.043262476614222146,7.694296960383102
28,7.1979999999999995,-0.03952271755702644,0.10267804118992181,-0.15535716190763388,-0.06565039568205916,0.036689872142570676,-0.00401163163237616,-0.16801598557363812,-0.10318430572803662,0.009396703226574715,0.01282568551605742,-0.0604796919864543,-0.001257960383260995,0.056596574242934905,-0.024065301285287312,-0.07608888901869901,0.014924033807314272,0.08372741105387001,0.0067876629786779875,-0.07073652274116361,7.723465627613975
29,7.348,-0.029165058846716867,0.1261247715228253,-0.140052188206406,-0.06061982883733851,0.046917946151409824,-0.016480952198501563,-0.17620621618397472,-0.09425244515584623,0.02211133088029805,0.010968149385719378,-0.08028928643396334,0.006504228323636793,0.054376128291187834,-0.040222357802833376,-0.06461599291357588,0.04977872657848755,0.07738005893507702,-0.03271348742498167,-0.07119162142696046,7.757017210275029
30,7.517,-0.01877550857275549,0.1490199903207373,-0.12336991398878748,-0.05453012074835067,0.05586622089519599,-0.028303559075526483,-0.1749964080509511,-0.07876229403166321,0.03288174377124633,0.007922044081065805,-0.08959133599200511,0.013255526677108881,0.04225993769178788,-0.04791094519619283,-0.03756725033256997,0.07101958285807458,0.04721438994017171,-0.060961775949747034,-0.0444539404418737,7.802144008507365
31,7.657,-0.008365427555829074,0.17126358261725774,-0.10547439599097613,-0.04748766995046428,0.06329061076533002,-0.03901553236269906,-0.1644511005737368,-0.05779169083064529,0.04076091632881391,0.004017462377049618,-0.08716847147427399,0.017946644578617083,0.022452990774023365,-0.045512297970104476,-0.0014628282314212047,0.07283750377578503,0.0025156834135830817,-0.06824029027273337,-0.0007363651418547101,7.8675893736281
32,8.107999999999999,0.0020538009333096897,0.19275828284287916,-0.08654162222497737,-0.03961552116755643,0.06898859776009458,-0.048196533497134354,-0.14513285221929856,-0.032799815827802,0.04505604522570201,-0.00032247371287151533,-0.07333777575461135,0.019848486185049037,-0.0014401070018162825,-0.03353143052659613,0.03499421226845246,0.054735311524361785,-0.04295737435451822,-0.0520453500221081,0.043262476614222146,7.959987564641083
33,8.389,0.01247078362128143,0.2134101001425738,-0.06675778127819261,-0.031051215491657527,0.07280475564781605,-0.05548629936771031,-0.11807222982527828,-0.005525658154255663,0.045389466491588856,-0.004627464772307814,-0.04990928679177343,0.018665466341944676,-0.025071124125665492,-0.014490810755881205,0.06301581049992526,0.02166372104548916,-0.07520774440923651,-0.017947728604257238,0.07073652274116361,8.080746444424928
34,8.449,0.022874129690457583,0.23312872937388773,-0.046317431298560474,-0.02194438728406209,0.07463498958929851,-0.060598779064136236,-0.08471283115134669,0.022132986856533466,0.041731862915725365,-0.008430998221150551,-0.01994911602357796,0.014581450573052516,-0.044139524340701015,0.007600723734257919,0.07584729022292057,-0.01733261633601078,-0.08430845662536611,0.022323594455362267,0.07119162142696046,8.224595301277109
35,8.442,0.03325246323465175,0.2518279459883522,-0.02542158667180881,-0.012454149784515497,0.07442937557368214,-0.06333335853419567,-0.04683427355029197,0.04825157040421077,0.0344048418634515,-0.01132090219231533,0.012621816920158095,0.008231178610526232,-0.055175108033652116,0.02809199166169192,0.0703955912024732,-0.051588707813514,-0.06745822537008073,0.05491599530827109,0.0444539404418737,8.38031014302762
36,8.707,0.04359443569850662,0.26942598306949495,-0.004275741206805699,-0.0027463151067509254,0.0721935222153172,-0.06358273269284738,-0.006457257067229284,0.07101270452150463,0.024052656843256318,-0.012984010749046156,0.04354091916809789,0.0006016128347021348,-0.056169543208565605,0.04266873401133426,0.04797485910355467,-0.0717359563924744,-0.029843711819367513,0.06861826371770113,0.0007363651418547101,8.533362107150905
37,9.026,0.05388873828697218,0.28584588887876167,0.016912152730609784,0.0070095028077713775,0.0679884177653852,-0.06133711608108603,0.03426423345268818,0.08883261988988686,0.011585559302789036,-0.01324010027343312,0.06876177470084553,-0.007121455902708866,-0.04694185566097278,0.04826194391083112,0.01398966739633883,-0.07226435073347286,0.016956979600109914,0.05871706136432952,-0.043262476614222146,8.669583345646172
38,9.421,0.06412411433130741,0.3010158633458889,0.03793372926172512,0.016642851661131535,0.06192876651139112,-0.05668462684802131,0.07315783657486177,0.10047136796049466,-0.0019002383581471789,-0.012061419491870512,0.084983703148311,-0.013737704473885356,-0.029171363917751946,0.04369401945103615,-0.02336776857717623,-0.05302938183324889,0.05853815168947081,0.028618226979748976,-0.07073652274116361,8.778629811625791
39,9.806000000000001,0.07428937159808215,0.3148695720323431,0.05858225810561835,0.025985418917865533,0.05417985994321201,-0.04980782898869283,0.1081487028181837,0.10511909927656027,-0.015218951030454654,-0.009575696756157357,0.09008372336411609,-0.01821883228363403,-0.006092065214094929,0.029926697570370826,-0.05509234557212743,-0.019291564363979025,0.08210072485980571,-0.011324772022268153,-0.07119162142696046,8.856137056465274
40,9.796,0.08437339452771993,0.3273464361949421,0.07865467760503433,0.03487397253824757,0.04495306803213597,-0.04097656852044471,0.13737018124675535,0.1024524145636357,-0.02719948512692048,-0.0060522986946704195,0.08339439024151113,-0.019868380251808426,0.018095909734635998,0.009858568670736974,-0.07353677506898999,0.019722245903218773,0.08039191535892737,-0.047372249470101095,-0.0444539404418737,8.90395510169509
41,9.796,0.09436515638919933,0.3383918976812855,0.09795359167430102,0.04315321294585541,0.034500073609045764,-0.030537384706787938,0.15926339933430872,0.09265686755593967,-0.03678841101084046,-0.0018730401585257009,0.06579114396919665,-0.018429974824841783,0.0389906656269827,-0.01228519649084989,-0.0742549812709775,0.05334227755396414,0.05393771097662254,-0.06712450980291347,-0.0007363651418547101,8.92852618326149
42,9.796,0.10425373133762247,0.3479576574986737,0.11628921103091029,0.050678486400236714,0.023106007112880522,-0.018899911833048642,0.17266042383367064,0.07641405376312663,-0.04314258941739159,0.0025091913420078266,0.039577740236405486,-0.014127173679076968,0.05278962998705203,-0.03184241991668601,-0.05707383877931832,0.07237388771177578,0.01088096700861845,-0.06378712433648731,0.043262476614222146,8.938091613511496
43,9.796,0.11402830636146566,0.3560018870133139,0.13348121962031412,0.05731831236700542,0.01108166897554104,-0.006520805129054333,0.17684656628454157,0.05485418356922469,-0.04570330737130327,0.006619513026519611,0.00818475525898903,-0.007628720277155924,0.05698157165513239,-0.04469549757300571,-0.026134904903025457,0.07161217768460816,-0.03552504192114075,-0.03850809472538309,0.07073652274116361,8.939767474127112
44,9.796,0.12367819310644942,0.36248941085629244,0.14936054787915035,0.06295668072750825,-0.0012449482036961752,0.006114178413251507,0.1715985093597829,0.029477439730883383,-0.044245404945466214,0.010012507762280572,-0.02427937740341608,5.53925686586801e-05,0.050803612036722894,-0.04813832526231593,0.011103913074341004,0.05126546529167089,-0.07099610563168225,1.7039329883935937e-05,0.07119162142696046,8.937502412900825
45,9.796,0.1331928395630961,0.36739186073651364,0.16377103539828197,0.06749507869153255,-0.013537606441274316,0.01850924117732635,0.15719622013143353,0.002049591391599654,-0.03889707322138257,0.012320491921933198,-0.053566041946652626,0.0077308962743074874,0.0353800590358344,-0.04144604542828599,0.04566610507214837,0.016898312640072775,-0.08461389390954241,0.03853631215662458,0.0444539404418737,8.931551067454093
46,9.807,0.14256184160519822,0.3706877994880187,0.17657096663469815,0.07085421199911769,-0.02546099406504067,0.030178000054340126,0.13440801472177044,-0.025520871983683892,-0.030128582647741018,0.013293359609715045,-0.07584246122175525,0.014204860292514578,0.0135177977112744,-0.02602765963722656,0.069220368387243,-0.02209030948409068,-0.07218672221974284,0.06379977424123998,0.0007363651418547101,8.919513077696374
47,9.533,0.15177495436657687,0.3723628148092579,0.18763446456978564,0.07297539033887065,-0.03668987214257068,0.04066257214956161,0.10444957109256787,-0.05131553746499816,-0.018710932894928572,0.01282568551605742,-0.08819329638457753,0.018471097963035015,-0.01080452611779232,-0.005129375499751326,0.076088889018699,-0.05503751829707246,-0.03753979200636412,0.06711724083736874,-0.043262476614222146,8.89841551406425
48,9.517000000000001,0.16082210344369308,0.37240958228441823,0.19685272860846464,0.07382155277694902,-0.04691794615140981,0.04955154213839823,0.06891907650931509,-0.07353955601009077,-0.005648060059138918,0.010968149385719378,-0.08900218041207328,0.019866548536467087,-0.033160567409639546,0.016848854230643466,0.06461599291357586,-0.07293267924744701,0.0086622426328347,0.04734756203001974,-0.07073652274116361,8.866958630411224
49,9.501,0.16969339591185995,0.37082789741123007,0.20413510454544717,0.07337791528055843,-0.05586622089519598,0.056496106231812455,0.029711969356005365,-0.09064653197256135,0.007911437869344864,0.007922044081065803,-0.07816325378541025,0.018174330400854095,-0.04948181884480894,0.03527970360781406,0.03756725033256997,-0.07088169777084471,0.052197956740283456,0.011291158151001292,-0.07119162142696046,8.82702043086155
50,9.484,0.17837913114301052,0.36762467649520403,0.20940997607636114,0.07165222902252377,-0.06329061076533002,0.06122375926080957,-0.011080176447679625,-0.10144612468122283,0.02077529543209817,0.004017462377049618,-0.05709501843855412,0.013657448928096417,-0.0567980259824607,0.04628271689994582,0.0014628282314211954,-0.04944549071646841,0.07966664413521969,-0.028649204704183702,-0.0444539404418737,8.783821200476366
51,9.468,0.18686981141319217,0.36281392640638616,0.21262546908644658,0.0686746449538722,-0.0689885977600946,0.0635489877978676,-0.05128123023346037,-0.1051868749382849,0.03181241374072142,-0.00032247371287151533,-0.02855469689123713,0.007017920050166289,-0.05377773474708887,0.04754130494053122,-0.03499421226845246,-0.014486582859393114,0.08261318201795162,-0.0587347471518643,-0.0007363651418547101,8.744664194054913
52,9.452,0.1951561522881885,0.3564166833308792,0.21374996179071054,0.06449718701059737,-0.07280475564781604,0.06338054971649468,-0.08874659420397152,-0.10160849318810063,0.04005231623411172,-0.004627464772307816,0.0037226084146363,-0.0007123374010589343,-0.04097059866802771,0.038790482916546305,-0.06301581049992523,0.024434217635868408,0.060130598050331246,-0.06861657396979562,0.043262476614222146,8.716701813247886
53,9.436,0.20322909277591136,0.348460920784954,0.2127723957087245,0.05919284315866316,-0.0746349895892985,0.060725054538499794,-0.12147761087434196,-0.09095997103173513,0.04477048116555905,-0.008430998221150553,0.035512731971113175,-0.00833188302433403,-0.020707349121138526,0.021872660626159265,-0.07584729022292057,0.056672576321975615,0.019139245053282013,-0.05489551126835996,0.07073652274116361,8.70453608296209
54,9.38,0.21107980523446332,0.33898142729397873,0.2097023844158761,0.05285429015838234,-0.07442937557368214,0.05568670407590608,-0.1477281850643097,-0.07398225584869987,0.045552047667457254,-0.01132090219231533,0.06265526626745878,-0.014656483304967594,0.0033243673187088032,0.0003497390503346596,-0.07039559120247318,0.07341171996914797,-0.027743349301325677,-0.02229136227137976,0.07119162142696046,8.708523930903086
55,9.181000000000001,0.2186997050250338,0.32801965427105034,0.20457011900159497,0.04559227432891038,-0.07219352221531722,0.04846320354473499,-0.16609793249819454,-0.051856694063432116,0.042328293818936574,-0.012984010749046156,0.08159803877605538,-0.018703165768003356,0.026751092356358856,-0.02124681705392311,-0.04797485910355467,0.07007370976124346,-0.06608627731349667,0.017980621630315493,0.0444539404418737,8.724407117959789
56,9.248,0.22608045989907613,0.31562353476051164,0.19742607116429492,0.03753367660391266,-0.06798841776538521,0.039338003598836394,-0.17560688583248354,-0.026122830486402487,0.03538267925694863,-0.013240100273433121,0.08986198857476167,-0.01984299304197885,0.04530946822455899,-0.038370039817296635,-0.013989667396338817,0.047571448223118845,-0.08408722166892015,0.052067589270244435,0.0007363651418547101,8.74442044750455
57,9.477,0.23321399910949867,0.3018472738389439,0.18834049686285423,0.02881929568548389,-0.06192876651139112,0.028669177706885717,-0.17574777278310605,0.001428716569151259,0.025325921013456203,-0.012061419491870513,0.08636560370437468,-0.017898812613405892,0.05562211307509415,-0.04741478296792856,0.02336776857717622,0.012059012213046576,-0.0762053207731836,0.06824422583438508,-0.043262476614222146,8.759520413259988
58,9.46,0.24009252223590843,0.28675111159015887,0.17740274540582224,0.019601388028747554,-0.05417985994321201,0.01687537132503454,-0.16651307748130903,0.028880850412013825,0.013042294121405416,-0.009575696756157357,0.0715664597968146,-0.013172789957229638,0.05581226033244909,-0.04647675415968669,0.05509234557212742,-0.026751407329400876,-0.044866698561890135,0.06094605406121697,-0.07073652274116361,8.762000802903339
59,9.442,0.24670850771425612,0.27040105969064027,0.16472038077290438,0.010041007638182822,-0.044953068032135966,0.004419374220638475,-0.14839544142124605,0.0543233917389747,-0.00038812130673865526,-0.0060522986946704195,0.04740133666220305,-0.006399445830637863,0.04584530568102859,-0.03575344723515315,0.07353677506899,-0.05824566371672906,0.0002823194831506913,0.03268351613823952,-0.07119162142696046,8.747649172782422
60,9.23,0.253054721061556,0.25286861275727734,0.15041812380982006,0.0003051921543891404,-0.03450007360904577,-0.008210039429799424,-0.1223613826100054,0.07598599307387678,-0.01378440983504146,-0.0018730401585257002,0.017032749841206587,0.0013685033029695603,0.02753510459831389,-0.017502561607294534,0.07425498127097749,-0.07381048605288267,0.04534443691060961,-0.006821574070354653,-0.0444539404418737,8.71677853561857
61,9.185,0.25912422278668706,0.23423043571959695,0.13463662569919693,-0.009435955604409933,-0.023106007112880522,-0.02051729057267367,-0.08979973491946966,0.09236132340338284,-0.025968656752528844,0.002509191342007825,-0.015564931190195471,0.008923758982600937,0.004213874365230538,0.004433336801070636,0.057073838779318334,-0.06918909717883011,0.07644910610438414,-0.043980163283407515,-0.0007363651418547101,8.673867561579605
62,9.196,0.26491037597862443,0.21456802858353266,0.11753108476942621,-0.019012239655221277,-0.011081668975541043,-0.03201944183316329,-0.05244755823587526,0.10230995155402908,-0.035869520272561316,0.0066195130265196125,-0.046125613009791545,0.01509207966811095,-0.01987422592657248,0.02543583453707784,0.026134904903025457,-0.04564538704957427,0.08402201454287794,-0.06601035311763201,0.043262476614222146,8.626011463697818
63,9.219,0.27040685356380406,0.19396737005263603,0.09926972024405196,-0.028256344490898727,0.0012449482036961752,-0.04226514801078048,-0.012297471863912513,0.10513963029660266,-0.042616432941552436,0.010012507762280574,-0.07064978646344007,0.01891478193580149,-0.040345476857826315,0.04108303757651235,-0.011103913074340997,-0.009618255213893706,0.0657321491027595,-0.06533414737378955,0.07073652274116361,8.580757706658234
64,9.038,0.2756076452246851,0.17251854156508142,0.08003211794113878,-0.03700675839348499,0.013537606441274316,-0.050852366895842174,0.02850864534776512,0.10065346441706521,-0.045616149274405944,0.012320491921933198,-0.08592794671075064,0.019797739525931096,-0.05347437832030525,0.048080562818590425,-0.04566610507214837,0.02903934475177885,0.027209304031661795,-0.042184148884415934,0.07119162142696046,8.544051294646078
65,8.916,0.28050706397194364,0.15031533339045758,0.06000746419133415,-0.04511059534455352,0.02546099406504067,-0.05744413543321757,0.06779391740089336,0.08916361111466818,-0.04460490890273678,0.013293359609715043,-0.0899606245602873,0.017603722737152657,-0.056871641843871154,0.0449551419196527,-0.069220368387243,0.05975506033336248,-0.019688823177025784,-0.004523548247729041,0.0444539404418737,8.518904707048083
66,8.895,0.285099752363112,0.12745483450878228,0.039392685342618465,-0.052426266228524275,0.036689872142570676,-0.061781792175609376,0.10346260052808268,0.07146955942369915,-0.03967162861178762,0.01282568551605742,-0.08222005914368537,0.012673726733945583,-0.04991900986980329,0.03236480518494593,-0.076088889018699,0.07412854145379319,-0.060526543663335375,0.03469307308992835,0.0007363651418547101,8.505094631786616
67,8.873,0.2893806883608637,0.10403700806509585,0.018390511148216063,-0.058825952658059164,0.04691794615140983,-0.0636951271763994,0.13361188442796357,0.04880250002403353,-0.03125008402648554,0.010968149385719378,-0.06371926654562135,0.005773973911049348,-0.03388177054579854,0.012960338986159786,-0.06461599291357586,0.0682288273344758,-0.08273361930096726,0.06197589004397783,-0.043262476614222146,8.499799588882583
68,8.852,0.29334519082453736,0.08016425425606202,-0.0027925189173119962,-0.06419784019920317,0.05586622089519599,-0.06310906103957081,0.15663340111624446,0.022739656310316235,-0.0200807683987633,0.007922044081065805,-0.03687946530407254,-0.0020231727666105534,-0.011678491820530892,-0.009172814354272616,-0.03756725033256997,0.0436694133154498,-0.07947450134896357,0.06794009545941625,-0.07073652274116361,8.498778075986943
69,8.831,0.296988924628895,0.05594096255996292,-0.02394808680751742,-0.06844807197767085,0.06329061076533002,-0.06004659104033197,0.1712990262197489,-0.004905462249310006,-0.007145782193358641,0.0040174623770496175,-0.005213208947608546,-0.009505876941437678,0.012650119777036988,-0.029374711065697025,-0.0014628282314212,0.007166980793878252,-0.051752377258791345,0.05053410801489447,-0.07119162142696046,8.497558882634177
70,8.865,0.30030790540451835,0.03147305526807042,-0.04486814454433664,-0.07150238853314024,0.06898859776009458,-0.05462788871046776,0.17682639548848578,-0.032209248054442585,0.006417521470959438,-0.0003224737128715142,0.027135305646138745,-0.015511173063716901,0.03467657491349344,-0.04339201673670671,0.03499421226845245,-0.031295528077022114,-0.008100380051357513,0.015745279961624878,-0.0444539404418737,8.492209290908301
71,8.87,0.3032985038946581,0.0068675243134177265,-0.06534696020245785,-0.07330742527024724,0.07280475564781605,-0.04706558429923057,0.17292064142912708,-0.05727184418165269,0.019416542503363096,-0.0046274647723078145,0.055932593733461315,-0.019105715067256862,0.05039234664193779,-0.04827350904311286,0.06301581049992523,-0.061199115668836346,0.03804499105027365,-0.024459646300647765,-0.0007363651418547101,8.479510129118754
72,8.866,0.3059574499237728,-0.017768036577701485,-0.08518314111717357,-0.0738316448373966,0.07463498958929851,-0.0376564231478475,0.15979012354382385,-0.0783493405698516,0.030708297302836186,-0.008430998221150551,0.0774099233862041,-0.019730837472379217,0.056937369914474886,-0.04299143205177518,0.07584729022292057,-0.07436553838296826,0.07247975266342453,-0.05625088624901157,0.043262476614222146,8.456680602130024
73,8.862,0.30828183597341785,-0.04232590236572208,-0.10418161441909891,-0.07306588814299618,0.07442937557368214,-0.026769621382077655,0.13813531301636994,-0.09397511908309801,0.039299919519649694,-0.01132090219231533,0.08875653347476498,-0.017289383448541595,0.053120536039600715,-0.028657881332326513,0.0703955912024732,-0.0671939502691568,0.08460455820006064,-0.06869281484752084,0.07073652274116361,8.42102426972769
74,8.541,0.3102691203615743,-0.06669868775199624,-0.12215554541879074,-0.07102353438183538,0.07219352221531722,-0.014832377846238212,0.10911142481219924,-0.10306190399691055,0.04443596124157513,-0.012984010749046156,0.08848748098689155,-0.012160804976551738,0.03963645889614832,-0.008290661865335768,0.047974859103554666,-0.04164568771901275,0.07068727738905954,-0.05750562841131462,0.07119162142696046,8.369910946099813
75,8.607000000000001,0.31191713002194066,-0.09077981674738157,-0.13892817497549959,-0.06774026727564876,0.06798841776538522,-0.0023131107913969364,0.07426679065030908,-0.10497741701283553,0.045664818347989716,-0.01324010027343312,0.07663797710977362,-0.005142188235761733,0.01893906428601196,0.013822084663241651,0.013989667396338825,-0.004707869385589246,0.03501178141082938,-0.026537521483049137,0.0444539404418737,8.30134494968175
76,8.339,0.3132240628801492,-0.11446398870192469,-0.15433455778101196,-0.06327345161207767,0.061928766511391106,0.010296922888769437,0.03546026045219145,-0.09958837256046907,0.04287843935431451,-0.012061419491870513,0.05475877910427105,0.0026756299205351816,-0.005204992488746169,0.033024710960271875,-0.023367768577176228,0.03351749020178946,-0.01144067332805493,0.013559024121824657,0.0007363651418547101,8.2150625460647
77,8.124,0.3141884898243076,-0.137647638757811,-0.16822318446396078,-0.057701130975054374,0.054179859943212005,0.022502904612011595,-0.0052379613633900075,-0.08726975209793433,0.03632182621016154,-0.009575696756157355,0.025713241041632837,0.010077600363402835,-0.028401808660316115,0.04527427034677531,-0.05509234557212742,0.06257625066984268,-0.05437158018556159,0.048991504912288805,-0.043262476614222146,8.113778533301849
78,7.8389999999999995,0.31480935626771206,-0.16022939071213732,-0.1804574715625139,-0.051120664178124685,0.04495306803213597,0.03382587082244659,-0.045656754672881265,-0.06887871208477407,0.026571491660859318,-0.0060522986946704195,-0.006697416409890101,0.015913305219310427,-0.04642986687014032,0.04799172417071679,-0.07353677506899,0.07452121768774538,-0.08056639839520081,0.06757177331538884,-0.07073652274116361,8.004005742737517
79,7.666,0.3150859833020222,-0.18211050030925283,-0.19091710471275963,-0.043647024224756845,0.034500073609045764,0.043821507553180206,-0.08363990597089505,-0.045694941167369725,0.014484767382885046,-0.0018730401585256996,-0.03823157580425002,0.01927575637979347,-0.0560082961525242,0.04060493606164143,-0.0742549812709775,0.0660855976057501,-0.08196211418810455,0.06290854517065933,-0.07119162142696046,7.895901367316086
80,7.4,0.31501806843963726,-0.2031952870242654,-0.19949922184361155,-0.03541078951596638,0.02310600711288052,0.05209758533669243,-0.1171611354727076,-0.01933161665391493,0.0011244201496204455,0.002509191342007825,-0.06476232793469514,0.019642360037736523,-0.0553939475690864,0.024669130288977995,-0.05707383877931832,0.0395764231744908,-0.05812911299067491,0.036605888596571295,-0.0444539404418737,7.801865480904898
81,7.4639999999999995,0.31460568594446237,-0.22339155244963171,-0.20611942474246467,-0.02655586240259881,0.01108166897554104,0.058329350315912784,-0.1444321926678312,0.008376843878520411,-0.012334795589854322,0.006619513026519611,-0.0828175648607561,0.01695613847296972,-0.044698624532416215,0.0035394527597953167,-0.026134904903025467,0.0022436099912473187,-0.016403418869595763,-0.0022885471106960714,-0.0007363651418547101,7.734049059446624
82,7.287999999999999,0.31384928675070123,-0.24261098345533486,-0.21071260904366795,-0.01723695494340827,-0.0012449482036961752,0.062272267607736305,-0.16399825377218946,0.03550242535701522,-0.024709432033246298,0.010012507762280574,-0.09003437839235216,0.011634585557459175,-0.025868736046263913,-0.018335425897570156,0.011103913074340997,-0.03570280144311999,0.030371403332600962,-0.04039576303288057,0.043262476614222146,7.70136978738893
83,7.371,0.31274969796976704,-0.2607695383597319,-0.213233604477546,-0.007616885797418385,-0.01353760644127432,0.06377161686852627,-0.17481553192956895,0.06015767070357478,-0.0349114067404951,0.012320491921933198,-0.08546829641483167,0.00450477965313516,-0.0023310757066152413,-0.03634993941041775,0.04566610507214837,-0.06388495945947681,0.06779761920774587,-0.06460754995367958,0.07073652274116361,7.706915270916299
84,7.225,0.31130812198584773,-0.27778781442244405,-0.21365761908363487,0.0021362645211126744,-0.025460994065040682,0.06276856353095808,-0.1763069599060255,0.08062701421222673,-0.04204367602197986,0.013293359609715045,-0.06971688696595815,-0.003325161312424905,0.021630809944248708,-0.04671128795784672,0.069220368387243,-0.07459540913509045,0.08435508414163145,-0.06659548080808654,0.07119162142696046,7.7466119808649765
85,7.76,0.3095261351411166,-0.29359139505233744,-0.2119804830196536,0.011852090322132379,-0.036689872142570676,0.0593024674764567,-0.16839297478337578,0.09548615434982458,-0.045479110588006605,0.01282568551605742,-0.04484155386693198,-0.010638304077328449,0.04165617090207223,-0.04723797932876002,0.076088889018699,-0.06490498131162048,0.07494725321185994,-0.045675742493608694,0.0444539404418737,7.809726133484549
86,7.827000000000001,0.3074056860120256,-0.308111175212342,-0.208218689568546,0.021360838044382928,-0.046917946151409824,0.05350933855076314,-0.15149576238671936,0.10370115976091107,-0.044915638047004866,0.010968149385719378,-0.014097758596956163,-0.01629803640928343,0.054100653205968116,-0.037819123215970356,0.06461599291357586,-0.03746388239228272,0.04246994610745737,-0.009044355499815221,0.0007363651418547101,7.881223080710997
87,7.704,0.3049490932785653,-0.3212836635981953,-0.20240923294032126,0.030496372166086614,-0.055866220895196,0.04561649952830488,-0.12651673501934016,0.10470041246482784,-0.04040280365875867,0.007922044081065805,0.0184910254364984,-0.01942471993573257,0.05669952372723467,-0.020437778210108046,0.03756725033256997,0.00022310275767967647,-0.0030800136676746243,0.03069813004183035,-0.043262476614222146,7.9454159700998614
88,7.787999999999999,0.30215904318882225,-0.3330512602697616,-0.19460924446378242,0.039099077901746895,-0.06329061076533002,0.03593366595101247,-0.0947884439958846,0.09841438228061976,-0.03233741389715623,0.004017462377049618,0.048659869170868446,-0.019532403970778794,0.0489798219984946,0.0012465640140596117,0.0014628282314212,0.037849072195255705,-0.047681915990679544,0.05988100104854696,-0.07073652274116361,7.989885179215049
89,7.816,0.2990385866216067,-0.34336250852091466,-0.18489543074590337,0.04701864996954945,-0.06898859776009458,0.024840792869315904,-0.05800349228655487,0.08528046488856297,-0.021428645877176827,-0.00032247371287151474,0.07246054372180656,-0.01660435220892517,0.03234643283711798,0.022668452979864518,-0.03499421226845245,0.06512381098389151,-0.07760687182442107,0.0684658653305311,-0.07119162142696046,8.008510699207456
90,7.843999999999999,0.2955911357503606,-0.3521723198866209,-0.17336331932410487,0.05411671870440561,-0.07280475564781606,0.012773165380033799,-0.01812423955566224,0.06621254688545136,-0.008635690519663255,-0.004627464772307815,0.08677822932504348,-0.011095643889876789,0.00982641567044353,0.03931769547143573,-0.06301581049992523,0.07458803159774505,-0.08364369562108591,0.05349968120319466,-0.0444539404418737,8.002694364481576
91,7.8660000000000005,0.2918204603119969,-0.35944217130332484,-0.16012631922983256,0.06026926763355524,-0.07463498958929851,0.00020431800946576833,0.022721883457714014,0.042537415563425766,0.0049165876070666244,-0.008430998221150551,0.08973915513429045,-0.003862445160096391,-0.01448188071603265,0.047688937658644584,-0.07584729022292058,0.06365339237335195,-0.06393419569546409,0.020130551669166722,-0.0007363651418547101,7.980395363491081
92,7.817,0.2877306834847468,-0.3651402735605045,-0.14531460570203683,0.06536880027518342,-0.07442937557368214,-0.012372546813738483,0.06235586657358732,0.015902438158526492,0.01803655787047141,-0.011320902192315331,0.08095582161832872,0.0039710566892390215,-0.03615466409179577,0.046019686990930765,-0.0703955912024732,0.03531037540471786,-0.024545143269480436,-0.020163132087291553,0.043262476614222146,7.953288736782938
93,7.775,0.2833262773795254,-0.36924171030680036,-0.1290738400185008,0.06932621830204601,-0.07219352221531722,-0.024463912055540597,0.09866336340332679,-0.011839065551937233,0.02957060179270497,-0.012984010749046156,0.06157771303959528,0.011187374961935512,-0.05124777114786666,0.034661389741268984,-0.04797485910355468,-0.0026895715470167084,0.022399137314865945,-0.05352105453292954,0.07073652274116361,7.932956442917283
94,7.809,0.27861205814974405,-0.37172854700288044,-0.11156373703444364,0.07207237825508929,-0.06798841776538522,-0.03559531171861198,0.12970748497521967,-0.038756781278701344,0.03850454892018856,-0.01324010027343312,0.03414086321788844,0.016664945935728242,-0.05701445366843365,0.016005437036793014,-0.013989667396338817,-0.0399539555426404,0.06244875075034583,-0.06846867952394932,0.07119162142696046,7.927330500246703
95,8.052999999999999,0.27359318072491695,-0.3725899093446173,-0.09295649451550428,0.07355929960837959,-0.061928766511391134,-0.045329948920451425,0.15383212657372802,-0.06297771569580851,0.04405285124637577,-0.012061419491870513,0.0022359620687834093,0.01955244284561282,-0.05240525080586111,-0.006020321834432515,0.02336776857717622,-0.06629145057713348,0.08327604574410592,-0.05986428807281775,0.0444539404418737,7.938517795829716
96,7.813,0.26827513317382173,-0.3718220308136534,-0.07343509971135125,0.0737610030781998,-0.05417985994321201,-0.05328583583286605,0.16975031563564277,-0.08281652339831469,0.04572765522010276,-0.009575696756157357,-0.029961561830533914,0.019401089506850884,-0.03825897723840262,-0.026778554077247236,0.05509234557212742,-0.07449909314293796,0.07847018313860751,-0.030667638865415046,0.0007363651418547101,7.962670537925786
97,7.7860000000000005,0.26266373070337673,-0.36942826914742793,-0.053191529823403166,0.07267396452949214,-0.044953068032135966,-0.059150782910420426,0.1766128676251023,-0.09689277690868321,0.043381697945793406,-0.0060522986946704195,-0.05823798405021654,0.016234409329522807,-0.017150069862149182,-0.04189879365177647,0.07353677506898999,-0.06233219938507281,0.049510453076248385,0.009078136450773934,-0.043262476614222146,7.991877946473868
98,7.757999999999999,0.2567651092997976,-0.36541909165664377,-0.03242486406361188,0.07031717654905746,-0.03450007360904577,-0.06269464922950639,0.17405368731586376,-0.10422701982923807,0.03722125577968534,-0.0018730401585257002,-0.0788927389359512,0.010544569298605429,0.007079926075916033,-0.04819760505145761,0.07425498127097749,-0.03311825704006964,0.005310935447439008,0.045701193168630166,-0.07073652274116361,8.017375178842448
99,8.051,0.2505857190189866,-0.35981202945438345,-0.011339325870689507,0.06673181660971197,-0.023106007112880522,-0.06377837323389283,0.16220929880213392,-0.10430891955298575,0.02778800677224997,0.0025091913420078257,-0.08922271659870802,0.003215887139982906,0.030021468003494478,-0.04434882808153654,0.05707383877931834,0.005153099329354964,-0.04052333854026399,0.06660384662448075,-0.07119162142696046,8.032926318186906
100,7.91,0.2441323169334907,-0.35263160079700995,0.009857725462992932,0.06198052762319161,-0.011081668975541034,-0.06235942951968299,0.1417115623742683,-0.09713277731865197,0.015911401763894713,0.006619513026519612,-0.08787602180041075,-0.0046126097738659185,0.04749949513797558,-0.031162789404001294,0.026134904903025457,0.04201514982623727,-0.07388414414976638,0.06459595321836646,-0.0444539404418737,8.037191192741558
101,7.843,0.23741195974374255,-0.34390920387207136,0.030957834003103278,0.056146323451883834,0.0012449482036961845,-0.058493497535065976,0.11365396679075626,-0.08319792474291111,0.0026357320690545078,0.01001250776228057,-0.07502889793135488,-0.011724212616273079,0.05633323498041698,-0.011415695276038782,-0.011103913074340995,0.06738660144245064,-0.08450270864833871,0.040368192817982824,-0.0007363651418547101,8.034248931779498
102,7.954,0.23043199606166187,-0.33368297950201514,0.05175349716963641,0.04933113850213429,0.013537606441274315,-0.05233227671496945,0.07953329514610097,-0.06347397923823224,-0.01087169342678732,0.012320491921933198,-0.05236266184899774,-0.017013632588464604,0.05491506233734264,0.010734874636464817,-0.045666105072148376,0.07432869102356374,-0.06911053705837146,0.0022544870831852537,0.043262476614222146,8.032100959083834
103,8.149,0.22320005837505633,-0.32199764436407624,0.07204020635773034,0.04165404674043269,0.025460994065040682,-0.044117533784879696,0.041169776274195345,-0.03933337592009124,-0.023423187912815613,0.013293359609715049,-0.02284366814046752,-0.019658785446307454,0.04350306609413623,0.03062530965442695,-0.06922036838724302,0.06094284705191826,-0.0324454859463597,-0.03663472238880975,0.07073652274116361,8.039688576142128
104,8.16,0.21572405470160783,-0.3089042954556246,0.09161845811514742,0.033249181249580394,0.03668987214257069,-0.034171615818032755,0.0006099813547475089,-0.012455870580488936,-0.033915118097722276,0.012825685516057422,0.00966490087863017,-0.019248560236391155,0.0241740804111483,0.044067850928852736,-0.076088889018699,0.03088992434758546,0.014206593814961206,-0.0629222344123664,0.07119162142696046,8.063487684052088
105,8.179,0.20801215994157182,-0.29446018665999735,0.11029571609810851,0.02426339067406574,0.04691794615140983,-0.022884801314260392,-0.0399823541213931,0.015288341380992434,-0.041424944959956286,0.010968149385719378,0.04090861397055525,-0.015846714361869803,0.00044572805093926995,0.04823228780200048,-0.06461599291357586,-0.007610992273233619,0.05648574910618231,-0.06756560914920069,0.0444539404418737,8.104900171018583
106,8.18,0.20007280693864338,-0.27872847838983406,0.12788830451122532,0.014853673500908798,0.055866220895196,-0.010699985645020041,-0.07844175872862814,0.04196875722908052,-0.04529234116189684,0.007922044081065805,0.0667985729471658,-0.009981964375619849,-0.023363740988831243,0.04224183415275942,-0.03756725033256997,-0.04403040116035936,0.08137805448140069,-0.04896760770250086,0.0007363651418547101,8.15939042446271
107,8.215,0.19191467725876693,-0.26177796140266313,0.14422321441107228,0.005184435003864458,0.06329061076533002,0.0019046981912089942,-0.11271654608957632,0.0657288954805584,-0.045177252600513314,0.004017462377049618,0.08394653115419684,-0.002565812594497028,-0.04292131453502645,0.027357728121796075,-0.0014628282314212047,-0.06840806604845057,0.0812214219897484,-0.013525614086524366,-0.043262476614222146,8.217707963375444
108,8.452,0.1835466916969709,-0.24368275599642109,0.15913980510985726,-0.00457538522272499,0.06898859776009458,0.01443464154041861,-0.14097826578920247,0.08491547393196652,-0.041089798833116864,-0.00032247371287151446,0.09010831693904205,0.005249119037426748,-0.054667769821648046,0.006713689342907086,0.03499421226845246,-0.07407701157183809,0.0560640645994063,0.0265689518818164,-0.07073652274116361,8.268803787371061
109,8.48,0.17497800052260962,-0.22452198790025002,0.1724913839472561,-0.014255264953098217,0.07280475564781605,0.02639816857041242,-0.1617192453634825,0.09819344863855761,-0.03338938328050348,-0.0046274647723078145,0.0844775307979919,0.01224823001624791,-0.05646540551385647,-0.01534385858898796,0.06301581049992525,-0.059486854610266274,0.013649655788208193,0.05752426767150593,-0.07119162142696046,8.303445471328303
110,8.508,0.16621797347367795,-0.20437944227781538,0.18414664889462598,-0.023686078670759718,0.07463498958929851,0.037325829664018165,-0.17383301980910507,0.1046389091816275,-0.02275309144593588,-0.008430998221150551,0.06779107974277747,0.017343715083757115,-0.04798707541094505,-0.0341708899672866,0.07584729022292057,-0.0286278139763485,-0.03296624668024051,0.06869225139284253,-0.0444539404418737,8.317277714996482
111,8.536,0.1572761895111405,-0.1833431973561043,0.19399097980474694,-0.032703052506054084,0.07442937557368214,0.046788822654105736,-0.1766733579568004,0.10380336636906067,-0.010116155845172543,-0.01132090219231533,0.04223273749086447,0.019743631453743936,-0.030775724779035576,-0.04580353637063084,0.0703955912024732,0.010060562708804958,-0.06943482540078601,0.056231313897921055,-0.0007363651418547101,8.31225550247017
112,8.402999999999999,0.14816242634447835,-0.1615052392817487,0.20192756560869057,-0.041148643142370094,0.0721935222153172,0.05441581904989121,-0.17008873683983772,0.09574495909077534,0.0034102775268100914,-0.012984010749046156,0.011147351660661182,0.01907498294791745,-0.007963594479090522,-0.04779264483334438,0.047974859103554666,0.04599750589726045,-0.08453070556832276,0.024427797596227523,0.043262476614222146,8.295937176358349
113,8.469,0.13888664973990741,-0.13896105988901136,0.20787835637474114,-0.04887529039112454,0.06798841776538522,0.05990753499225856,-0.15443042496026113,0.08102440888805251,0.016636850526358424,-0.013240100273433121,-0.021396900017969005,0.015441691244721206,0.01629780593108616,-0.03971942579356914,0.013989667396338822,0.06935472743858363,-0.0736072319295136,-0.015778449627575516,0.07073652274116361,8.2788709116255
114,8.503,0.12945900262295904,-0.11580923913829086,0.21178483086663683,-0.05574799534291735,0.06192876651139113,0.06304847517281757,-0.13053374323643127,0.06066600372663165,0.02840057126366464,-0.012061419491870512,-0.05114091647942397,0.009408444321143253,0.03759321867573115,-0.023283625608946954,-0.023367768577176228,0.07374432999554635,-0.04002675339049356,-0.05055718886314097,0.07119162142696046,8.270978677238354
115,8.579,0.11988979398734045,-0.09215101405103757,0.21360857205281344,-0.061646679049758485,0.05417985994321201,0.06371538888451277,-0.09967350330045995,0.03608632580767489,0.037667074161801276,-0.009575696756157355,-0.07419206643946823,0.0019129323706099462,0.05204715696845753,-0.0019456596802122025,-0.055092345572127416,0.05796581416647519,0.005874339902473246,-0.06794514808582257,0.0444539404418737,8.278198829520852
116,8.603,0.11018948762220086,-0.06808983602601722,0.21333164490698076,-0.06646828052779784,0.04495306803213597,0.061882106387780064,-0.06349600037001785,0.008995682690846888,0.043621570105115935,-0.006052298694670421,-0.08753362121963452,-0.005879888466386941,0.05702919295438373,0.019801948045475862,-0.07353677506898998,0.026334399510837728,0.04996725559567251,-0.061961176434301185,0.0007363651418547101,8.300562163254138
117,8.526,0.10036869067013217,-0.043730918472666185,0.21095677278466682,-0.07012855742454518,0.03450007360904575,0.05762056581291354,-0.02393118865755523,-0.018720899633208672,0.04574048957259928,-0.0018730401585257002,-0.08941955725969127,-0.012758854156526672,0.05163266119977143,0.03738042708796059,-0.07425498127097747,-0.012499132066761906,0.07867977556953061,-0.034663654466021376,-0.043262476614222146,8.332372356950666
118,8.539,0.09043814202841395,-0.019180776739621774,0.2065073106412087,-0.07256355788957239,0.023106007112880522,0.051097990302922704,0.016910275521701216,-0.04513484095960879,0.04383751928749227,0.0025091913420078253,-0.07960306009061387,-0.017654832481243398,0.03683965995075937,0.04708878090817392,-0.057073838779318334,-0.047914313036791445,0.0831739135461766,0.004557552398842779,-0.07073652274116361,8.364414807274335
119,8.759,0.0804087006061871,0.0054532376497950594,0.20002701535456974,-0.07373073793237693,0.01108166897554104,0.042570326165987854,0.05684963052168265,-0.0684082016831222,0.038079984452491,0.006619513026519611,-0.059368825208435276,-0.019806888090058827,0.015342322088686921,0.04688299968013383,-0.02613490490302546,-0.07022555045251844,0.062066331183848085,0.0422110417353447,-0.07119162142696046,8.387391347381776
120,8.597000000000001,0.07029133345039598,0.030063406418477833,0.19157961541167287,-0.07360970474508509,-0.00124494820369618,0.03237219952485864,0.09375623933925026,-0.08692157064159016,0.02897413610621458,0.010012507762280572,-0.031364928599026676,-0.018880547445646267,-0.008947117867868299,0.03680640885941252,0.011103913074340995,-0.07333101007710784,0.02185414275350206,0.06534467825880336,-0.0444539404418737,8.395332437589714
121,8.548,0.06009710375348386,0.05454211556015204,0.1812481841900392,-0.07220257300276346,-0.013537606441274328,0.020903785564959018,0.1256612522920015,-0.09938674727400743,0.017320637260684404,0.012320491921933198,0.0007437298017358847,-0.015019782864909138,-0.03160829931218176,0.018980547383648506,0.04566610507214837,-0.056381388955938534,-0.025084958324913136,0.0660008995982857,-0.0007363651418547101,8.387737180433607
122,8.576,0.04983715875595403,0.07878232590804388,0.16913432299800124,-0.06953392791610954,-0.025460994065040675,0.008615105632799068,0.15086263885934376,-0.1049363774231198,0.0041441618541684915,0.013293359609715045,0.03275505548695858,-0.008824636270934874,-0.04851718340525803,-0.0028415039790063686,0.069220368387243,-0.0240121887660996,-0.06430267104527411,0.04395397720338537,0.043262476614222146,8.369642676035296
123,8.591000000000001,0.03952271755702644,0.10267804118992181,0.15535716190763388,-0.06565039568205913,-0.036689872142570676,-0.004011631632376163,0.16801598557363814,-0.10318430572803662,-0.009396703226574717,0.012825685516057422,0.06047969198645431,-0.001257960383260995,-0.056596574242934905,-0.024065301285287315,0.076088889018699,0.014924033807314267,-0.08372741105387001,0.006787662978677996,0.07073652274116361,8.349573398368976
124,8.575,0.029165058846716867,0.12612477152282534,0.140052188206406,-0.060619828837338526,-0.046917946151409824,-0.016480952198501563,0.17620621618397472,-0.09425244515584623,-0.02211133088029805,0.010968149385719378,0.08028928643396334,0.006504228323636793,-0.054376128291187834,-0.04022235780283338,0.06461599291357586,0.049778726578487566,-0.07738005893507703,-0.03271348742498167,0.07119162142696046,8.336103766928355
125,8.85,0.018775508572755527,0.1490199903207373,0.1233699139887875,-0.05453012074835067,-0.05586622089519599,-0.028303559075526487,0.1749964080509511,-0.07876229403166318,-0.032881743771246336,0.007922044081065805,0.08959133599200512,0.013255526677108885,-0.042259937691787874,-0.047910945196192815,0.03756725033256997,0.07101958285807458,-0.0472143899401717,-0.06096177594974705,0.0444539404418737,8.3343002577847
126,8.775,0.008365427555829074,0.17126358261725774,0.10547439599097613,-0.047487669950464294,-0.06329061076533002,-0.03901553236269905,0.1644511005737368,-0.05779169083064531,-0.04076091632881391,0.004017462377049618,0.08716847147427396,0.017946644578617083,-0.022452990774023372,-0.045512297970104476,0.0014628282314212,0.07283750377578503,-0.0025156834135830848,-0.06824029027273339,0.0007363651418547101,8.343393418717074
127,8.568999999999999,-0.0020538009333096897,0.1927582828428792,0.08654162222497741,-0.039615521167556414,-0.06898859776009458,-0.04819653349713435,0.14513285221929853,-0.03279981582780197,-0.045056045225702,-0.0003224737128715142,0.07333777575461138,0.019848486185049034,0.0014401070018162873,-0.03353143052659613,-0.034994212268452445,0.05473531152436179,0.04295737435451823,-0.052045350022108104,-0.043262476614222146,8.356621715376411
128,8.541,-0.012470783621281449,0.2134101001425738,0.06675778127819261,-0.031051215491657527,-0.07280475564781605,-0.05548629936771031,0.11807222982527828,-0.005525658154255667,-0.045389466491588856,-0.004627464772307814,0.049909286791773415,0.01866546634194468,0.025071124125665492,-0.014490810755881206,-0.06301581049992523,0.021663721045489158,0.07520774440923651,-0.017947728604257238,-0.07073652274116361,8.363421144763997
129,8.513,-0.022874129690457566,0.23312872937388768,0.04631743129856048,-0.02194438728406208,-0.0746349895892985,-0.06059877906413623,0.08471283115134666,0.022132986856533463,-0.041731862915725365,-0.00843099822115055,0.019949116023577962,0.014581450573052523,0.044139524340701015,0.007600723734257922,-0.07584729022292058,-0.017332616336010773,0.08430845662536611,0.022323594455362267,-0.07119162142696046,8.353273475319408
130,8.485,-0.03325246323465177,0.25182794598835223,0.02542158667180881,-0.012454149784515497,-0.07442937557368214,-0.06333335853419565,0.04683427355029198,0.04825157040421076,-0.0344048418634515,-0.01132090219231533,-0.012621816920158093,0.008231178610526229,0.055175108033652116,0.028091991661691927,-0.0703955912024732,-0.051588707813514004,0.06745822537008074,0.05491599530827109,-0.0444539404418737,8.319880352690452
131,8.281,-0.04359443569850659,0.269425983069495,0.004275741206805689,-0.0027463151067509206,-0.07219352221531722,-0.06358273269284738,0.0064572570672292795,0.0710127045215046,-0.02405265684325631,-0.012984010749046152,-0.04354091916809789,0.0006016128347021366,0.056169543208565605,0.04266873401133427,-0.04797485910355468,-0.0717359563924744,0.029843711819367513,0.06861826371770113,-0.0007363651418547101,8.26414182769738
132,8.212,-0.05388873828697218,0.28584588887876167,-0.016912152730609777,0.007009502807771368,-0.06798841776538521,-0.06133711608108603,-0.03426423345268818,0.08883261988988685,-0.01158555930278904,-0.01324010027343312,-0.06876177470084552,-0.007121455902708867,0.046941855660972774,0.04826194391083113,-0.013989667396338822,-0.07226435073347286,-0.016956979600109917,0.05871706136432952,0.043262476614222146,8.19477201049664
133,8.167,-0.06412411433130738,0.301015863345889,-0.03793372926172511,0.016642851661131528,-0.06192876651139112,-0.05668462684802131,-0.0731578365748618,0.10047136796049466,0.0019002383581471789,-0.012061419491870513,-0.08498370314831102,-0.013737704473885356,0.029171363917751946,0.04369401945103615,0.02336776857717623,-0.0530293818332489,-0.05853815168947082,0.028618226979748976,0.07073652274116361,8.126175950297807
134,8.142999999999999,-0.07428937159808216,0.31486957203234317,-0.05858225810561835,0.025985418917865526,-0.05417985994321201,-0.049807828988692834,-0.1081487028181837,0.10511909927656027,0.01521895103045465,-0.009575696756157357,-0.09008372336411605,-0.018218832283634023,0.00609206521409494,0.029926697570370836,0.05509234557212742,-0.019291564363979014,-0.08210072485980573,-0.011324772022268153,0.07119162142696046,8.074174498720593
135,8.134,-0.08437339452771991,0.32734643619494214,-0.07865467760503433,0.03487397253824757,-0.04495306803213597,-0.04097656852044471,-0.13737018124675535,0.10245241456363567,0.027199485126920483,-0.006052298694670421,-0.08339439024151113,-0.01986838025180843,-0.018095909734636005,0.009858568670736976,0.07353677506898999,0.01972224590321876,-0.08039191535892737,-0.04737224947010109,0.0444539404418737,8.050960548593475
136,8.354,-0.09436515638919936,0.3383918976812855,-0.09795359167430098,0.04315321294585541,-0.03450007360904576,-0.030537384706787934,-0.15926339933430866,0.09265686755593969,0.03678841101084047,-0.0018730401585257009,-0.06579114396919664,-0.018429974824841783,-0.03899066562698268,-0.012285196490849883,0.07425498127097749,0.05334227755396414,-0.05393771097662254,-0.06712450980291347,0.0007363651418547101,8.061009484665812
137,8.175,-0.10425373133762246,0.34795765749867386,-0.11628921103091028,0.05067848640023672,-0.0231060071128805,-0.01889991183304864,-0.17266042383367064,0.07641405376312661,0.04314258941739158,0.002509191342007825,-0.0395777402364055,-0.014127173679076968,-0.05278962998705205,-0.03184241991668601,0.057073838779318334,0.07237388771177575,-0.010880967008618441,-0.06378712433648731,-0.043262476614222146,8.099409048810598
138,8.055,-0.1140283063614657,0.3560018870133139,-0.13348121962031412,0.057318312367005436,-0.01108166897554104,-0.006520805129054333,-0.17684656628454157,0.05485418356922469,0.045703307371303285,0.006619513026519611,-0.00818475525898903,-0.007628720277155924,-0.05698157165513238,-0.04469549757300571,0.026134904903025467,0.07161217768460813,0.03552504192114076,-0.03850809472538309,-0.07073652274116361,8.153285806206082
139,8.136000000000001,-0.12367819310644941,0.36248941085629244,-0.1493605478791503,0.06295668072750825,0.00124494820369618,0.0061141784132515056,-0.17159850935978285,0.029477439730883383,0.04424540494546621,0.01001250776228057,0.024279377403416083,5.539256865867893e-05,-0.05080361203672288,-0.04813832526231592,-0.011103913074340995,0.05126546529167089,0.07099610563168225,1.703932988394061e-05,-0.07119162142696046,8.205944534356455
140,8.162,-0.13319283956309616,0.36739186073651364,-0.16377103539828194,0.06749507869153257,0.01353760644127432,0.018509241177326347,-0.15719622013143353,0.0020495913915996727,0.03889707322138257,0.012320491921933198,0.053566041946652626,0.007730896274307486,-0.0353800590358344,-0.04144604542828599,-0.04566610507214837,0.016898312640072757,0.08461389390954241,0.03853631215662458,-0.0444539404418737,8.242367780090207
141,8.341000000000001,-0.14256184160519822,0.3706877994880187,-0.17657096663469812,0.07085421199911769,0.025460994065040675,0.030178000054340143,-0.13440801472177044,-0.025520871983683892,0.030128582647741018,0.013293359609715045,0.07584246122175528,0.014204860292514577,-0.013517797711274399,-0.02602765963722656,-0.069220368387243,-0.022090309484090687,0.07218672221974283,0.06379977424123998,-0.0007363651418547101,8.254192619884565
142,8.25,-0.1517749543665769,0.37236281480925787,-0.1876344645697856,0.07297539033887065,0.03668987214257067,0.04066257214956161,-0.10444957109256787,-0.05131553746499815,0.018710932894928575,0.012825685516057422,0.08819329638457751,0.01847109796303502,0.010804526117792316,-0.00512937549975133,-0.076088889018699,-0.05503751829707246,0.03753979200636412,0.06711724083736875,0.043262476614222146,8.242396595061457
143,8.503,-0.16082210344369305,0.3724095822844181,-0.19685272860846462,0.073821552776949,0.046917946151409824,0.04955154213839822,-0.06891907650931509,-0.07353955601009078,0.005648060059138911,0.01096814938571938,0.0890021804120733,0.019866548536467087,0.03316056740963955,0.016848854230643473,-0.06461599291357586,-0.07293267924744701,-0.008662242632834712,0.04734756203001974,0.07073652274116361,8.216671850259981
144,8.514,-0.16969339591185997,0.3708278974112301,-0.20413510454544714,0.07337791528055844,0.05586622089519599,0.05649610623181246,-0.029711969356005372,-0.09064653197256135,-0.00791143786934486,0.007922044081065805,0.07816325378541024,0.01817433040085409,0.049481818844808935,0.03527970360781406,-0.03756725033256996,-0.0708816977708447,-0.05219795674028346,0.0112911581510013,0.07119162142696046,8.191608788401359
145,8.283999999999999,-0.17837913114301046,0.36762467649520403,-0.20940997607636117,0.07165222902252377,0.06329061076533002,0.06122375926080957,0.011080176447679653,-0.10144612468122283,-0.020775295432098172,0.004017462377049619,0.057095018438554135,0.013657448928096418,0.05679802598246071,0.04628271689994581,-0.0014628282314212047,-0.049445490716468414,-0.07966664413521969,-0.02864920470418369,0.0444539404418737,8.180961113708193
146,8.412,-0.1868698114131922,0.36281392640638616,-0.21262546908644656,0.0686746449538722,0.06898859776009458,0.06354898779786759,0.05128123023346038,-0.10518687493828491,-0.031812413740721426,-0.0003224737128715142,0.028554696891237123,0.007017920050166289,0.05377773474708887,0.04754130494053123,0.034994212268452445,-0.014486582859393105,-0.08261318201795165,-0.058734747151864296,0.0007363651418547101,8.192015385338957
147,8.503,-0.19515615228818847,0.3564166833308794,-0.21374996179071054,0.06449718701059737,0.07280475564781604,0.06338054971649466,0.08874659420397149,-0.10160849318810063,-0.040052316234111714,-0.0046274647723078145,-0.0037226084146363097,-0.0007123374010589308,0.04097059866802771,0.03879048291654631,0.06301581049992523,0.024434217635868404,-0.06013059805033124,-0.06861657396979562,-0.043262476614222146,8.22215405773141
148,8.494,-0.2032290927759114,0.348460920784954,-0.21277239570872455,0.05919284315866316,0.0746349895892985,0.0607250545384998,0.12147761087434193,-0.09095997103173513,-0.04477048116555906,-0.008430998221150551,-0.035512731971113175,-0.00833188302433403,0.020707349121138533,0.021872660626159265,0.07584729022292058,0.056672576321975615,-0.019139245053282017,-0.054895511268359946,-0.07073652274116361,8.259022669228306
149,8.243,-0.21107980523446332,0.3389814272939787,-0.20970238441587613,0.052854290158382326,0.07442937557368214,0.05568670407590606,0.1477281850643097,-0.07398225584869988,-0.04555204766745727,-0.01132090219231533,-0.06265526626745878,-0.014656483304967594,-0.0033243673187088032,0.00034973905033465496,0.0703955912024732,0.07341171996914797,0.027743349301325673,-0.022291362271379758,-0.07119162142696046,8.28448919137874
150,8.228,-0.2186997050250338,0.32801965427105034,-0.20457011900159497,0.04559227432891038,0.07219352221531722,0.04846320354473498,0.16609793249819454,-0.051856694063432136,-0.042328293818936574,-0.012984010749046156,-0.08159803877605536,-0.018703165768003353,-0.026751092356358846,-0.02124681705392311,0.04797485910355467,0.07007370976124346,0.06608627731349667,0.017980621630315496,-0.0444539404418737,8.281217802264958
151,8.212,-0.22608045989907613,0.3156235347605117,-0.197426071164295,0.037533676603912644,0.06798841776538521,0.0393380035988364,0.1756068858324836,-0.02612283048640248,-0.03538267925694863,-0.013240100273433121,-0.0898619885747617,-0.01984299304197885,-0.045309468224559,-0.03837003981729664,0.01398966739633883,0.04757144822311885,0.08408722166892015,0.052067589270244435,-0.0007363651418547101,8.239643498591525
152,7.952000000000001,-0.2332139991094987,0.30184727383894383,-0.18834049686285423,0.02881929568548389,0.06192876651139113,0.028669177706885717,0.17574777278310605,0.001428716569151231,-0.02532592101345621,-0.012061419491870512,-0.08636560370437467,-0.017898812613405896,-0.05562211307509414,-0.04741478296792856,-0.02336776857717622,0.012059012213046562,0.07620532077318361,0.06824422583438508,0.043262476614222146,8.162812328710443
153,8.125,-0.24009252223590838,0.286751111590159,-0.1774027454058223,0.019601388028747554,0.054179859943212005,0.016875371325034538,0.16651307748130903,0.028880850412013822,-0.01304229412140541,-0.009575696756157359,-0.07156645979681459,-0.01317278995722964,-0.055812260332449105,-0.046476754159686696,-0.05509234557212742,-0.026751407329400883,0.04486669856189013,0.06094605406121697,0.07073652274116361,8.067102819947104
154,7.88,-0.24670850771425606,0.2704010596906403,-0.16472038077290438,0.010041007638182822,0.044953068032135966,0.004419374220638468,0.14839544142124605,0.0543233917389747,0.00038812130673865526,-0.006052298694670421,-0.047401336662203045,-0.006399445830637862,-0.045845305681028604,-0.03575344723515316,-0.07353677506898998,-0.058245663716729075,-0.0002823194831507006,0.03268351613823953,0.07119162142696046,7.978133183537598
155,8.238999999999999,-0.25305472106155597,0.25286861275727734,-0.1504181238098201,0.0003051921543891392,0.034500073609045764,-0.008210039429799428,0.12236138261000537,0.07598599307387678,0.013784409835041467,-0.0018730401585257002,-0.01703274984120659,0.00136850330296956,-0.027535104598313893,-0.017502561607294534,-0.07425498127097747,-0.07381048605288268,-0.04534443691060961,-0.0068215740703546435,0.0444539404418737,7.92279003274179
156,8.248,-0.2591242227866871,0.2342304357195969,-0.13463662569919696,-0.009435955604409933,0.023106007112880515,-0.020517290572673662,0.08979973491946965,0.09236132340338284,0.025968656752528848,0.002509191342007825,0.015564931190195473,0.008923758982600935,-0.004213874365230543,0.00443333680107063,-0.05707383877931832,-0.06918909717883011,-0.07644910610438414,-0.043980163283407515,0.0007363651418547101,7.919750886060121
157,8.059,-0.26491037597862443,0.21456802858353274,-0.11753108476942625,-0.019012239655221284,0.011081668975541026,-0.0320194418331633,0.05244755823587526,0.10230995155402908,0.03586952027256131,0.006619513026519611,0.046125613009791545,0.015092079668110946,0.019874225926572488,0.025435834537077838,-0.026134904903025467,-0.04564538704957428,-0.08402201454287794,-0.066010353117632,-0.043262476614222146,7.971611876150591
158,7.941,-0.2704068535638041,0.193967370052636,-0.09926972024405196,-0.028256344490898744,-0.0012449482036961752,-0.042265148010780476,0.012297471863912533,0.10513963029660264,0.04261643294155244,0.01001250776228057,0.07064978646344006,0.01891478193580149,0.040345476857826315,0.04108303757651234,0.011103913074340995,-0.009618255213893695,-0.0657321491027595,-0.06533414737378955,-0.07073652274116361,8.061476526831756
159,7.581,-0.2756076452246851,0.17251854156508145,-0.0800321179411388,-0.03700675839348499,-0.013537606441274315,-0.050852366895842174,-0.02850864534776513,0.10065346441706521,0.045616149274405944,0.012320491921933198,0.08592794671075066,0.019797739525931096,0.05347437832030525,0.04808056281859042,0.04566610507214837,0.02903934475177884,-0.0272093040316618,-0.042184148884415934,-0.07119162142696046,8.155629815428247
160,7.813,-0.28050706397194364,0.15031533339045755,-0.06000746419133415,-0.04511059534455353,-0.02546099406504067,-0.057444135433217566,-0.06779391740089337,0.0891636111146682,0.04460490890273678,0.013293359609715045,0.08996062456028728,0.017603722737152654,0.05687164184387115,0.044955141919652705,0.06922036838724302,0.059755060333362496,0.019688823177025774,-0.004523548247729031,-0.0444539404418737,8.212058561531988
161,7.843999999999999,-0.285099752363112,0.12745483450878228,-0.03939268534261846,-0.052426266228524275,-0.036689872142570676,-0.06178179217560939,-0.10346260052808268,0.07146955942369913,0.03967162861178762,0.01282568551605742,0.08222005914368538,0.012673726733945583,0.04991900986980329,0.03236480518494593,0.07608888901869901,0.07412854145379319,0.06052654366333537,0.03469307308992835,-0.0007363651418547101,8.192657071648469
162,7.882999999999999,-0.2893806883608637,0.10403700806509579,-0.01839051114821605,-0.058825952658059164,-0.046917946151409824,-0.06369512717639941,-0.13361188442796354,0.048802500024033545,0.03125008402648555,0.010968149385719378,0.06371926654562134,0.005773973911049347,0.03388177054579854,0.012960338986159786,0.06461599291357586,0.0682288273344758,0.08273361930096725,0.06197589004397785,0.043262476614222146,8.075598995370575
163,7.987,-0.2933451908245373,0.08016425425606205,0.0027925189173119962,-0.06419784019920316,-0.05586622089519599,-0.06310906103957081,-0.15663340111624446,0.022739656310316225,0.020080768398763292,0.007922044081065805,0.036879465304072545,-0.0020231727666105525,0.011678491820530892,-0.00917281435427262,0.037567250332569975,0.043669413315449816,0.07947450134896354,0.06794009545941626,0.07073652274116361,7.864034442559414
164,7.922000000000001,-0.296988924628895,0.0559409625599629,0.02394808680751741,-0.06844807197767085,-0.06329061076533002,-0.06004659104033197,-0.1712990262197489,-0.004905462249310009,0.007145782193358651,0.0040174623770496175,0.0052132089476085415,-0.009505876941437676,-0.012650119777036981,-0.029374711065697022,0.0014628282314211954,0.007166980793878241,0.05175237725879133,0.050534108014894476,0.07119162142696046,7.588146086729549
165,7.941,-0.3003079054045183,0.03147305526807042,0.04486814454433664,-0.07150238853314024,-0.06898859776009458,-0.05462788871046776,-0.17682639548848578,-0.0322092480544426,-0.0064175214709594405,-0.00032247371287151533,-0.02713530564613875,-0.015511173063716901,-0.03467657491349344,-0.04339201673670671,-0.034994212268452445,-0.0312955280770221,0.008100380051357508,0.01574527996162489,0.0444539404418737,7.299453314195404
166,5.569,-0.30329850389465807,0.006867524313417717,0.06534696020245784,-0.07330742527024726,-0.07280475564781604,-0.047065584299230565,-0.17292064142912708,-0.05727184418165269,-0.0194165425033631,-0.0046274647723078145,-0.055932593733461315,-0.019105715067256862,-0.050392346641937785,-0.04827350904311286,-0.06301581049992525,-0.061199115668836346,-0.03804499105027364,-0.02445964630064776,0.0007363651418547101,7.058551678722545
167,5.012,-0.3059574499237728,-0.01776803657770145,0.08518314111717357,-0.07383164483739661,-0.0746349895892985,-0.03765642314784749,-0.15979012354382385,-0.07834934056985161,-0.030708297302836186,-0.008430998221150551,-0.07740992338620412,-0.019730837472379217,-0.05693736991447489,-0.04299143205177517,-0.07584729022292058,-0.07436553838296826,-0.07247975266342453,-0.05625088624901156,-0.043262476614222146,6.919516491270862
168,4.579,-0.30828183597341785,-0.0423259023657221,0.1041816144190989,-0.07306588814299621,-0.07442937557368214,-0.026769621382077655,-0.13813531301636994,-0.093975119083098,-0.03929991951964971,-0.01132090219231533,-0.08875653347476496,-0.01728938344854159,-0.053120536039600715,-0.02865788133232651,-0.0703955912024732,-0.06719395026915678,-0.08460455820006064,-0.06869281484752084,-0.07073652274116361,6.915340172565849
169,6.29,-0.3102691203615743,-0.0666986877519962,0.12215554541879071,-0.07102353438183538,-0.0721935222153172,-0.014832377846238216,-0.10911142481219924,-0.10306190399691055,-0.04443596124157513,-0.012984010749046156,-0.08848748098689158,-0.012160804976551741,-0.039636458896148315,-0.008290661865335761,-0.04797485910355467,-0.04164568771901277,-0.07068727738905954,-0.057505628411314604,-0.07119162142696046,7.048629826924755
170,6.295,-0.3119171300219406,-0.09077981674738157,0.13892817497549956,-0.06774026727564876,-0.06798841776538521,-0.002313110791396941,-0.07426679065030907,-0.10497741701283556,-0.045664818347989716,-0.013240100273433121,-0.07663797710977359,-0.005142188235761733,-0.018939064286011963,0.013822084663241651,-0.013989667396338817,-0.004707869385589232,-0.03501178141082939,-0.02653752148304913,-0.0444539404418737,7.290370005655591
171,7.385,-0.31322406288014915,-0.11446398870192469,0.15433455778101196,-0.06327345161207766,-0.06192876651139112,0.01029692288876944,-0.03546026045219146,-0.09958837256046904,-0.04287843935431451,-0.012061419491870513,-0.05475877910427106,0.0026756299205351807,0.0052049924887461775,0.033024710960271875,0.023367768577176234,0.03351749020178945,0.01144067332805493,0.013559024121824652,-0.0007363651418547101,7.587257913810046
172,7.77,-0.3141884898243076,-0.137647638757811,0.16822318446396078,-0.05770113097505439,-0.05417985994321201,0.022502904612011595,0.005237961363390002,-0.08726975209793433,-0.03632182621016155,-0.009575696756157355,-0.025713241041632837,0.010077600363402838,0.02840180866031611,0.04527427034677531,0.05509234557212742,0.06257625066984268,0.05437158018556159,0.04899150491228882,0.043262476614222146,7.87562545975393
173,7.7010000000000005,-0.314809356267712,-0.1602293907121373,0.1804574715625139,-0.051120664178124685,-0.044953068032135966,0.033825870822446605,0.045656754672881286,-0.06887871208477407,-0.02657149166085931,-0.006052298694670421,0.006697416409890101,0.015913305219310427,0.04642986687014033,0.04799172417071679,0.07353677506899,0.07452121768774538,0.0805663983952008,0.06757177331538881,0.07073652274116361,8.098027276775337
174,9.443999999999999,-0.3150859833020222,-0.18211050030925285,0.19091710471275963,-0.04364702422475685,-0.034500073609045764,0.04382150755318022,0.08363990597089505,-0.045694941167369704,-0.014484767382885051,-0.0018730401585257009,0.038231575804250004,0.01927575637979347,0.0560082961525242,0.04060493606164144,0.07425498127097747,0.0660855976057501,0.08196211418810455,0.06290854517065934,0.07119162142696046,8.217787674927202
175,9.392000000000001,-0.31501806843963726,-0.20319528702426545,0.19949922184361155,-0.03541078951596639,-0.023106007112880515,0.05209758533669243,0.11716113547270764,-0.019331616653914894,-0.001124420149620443,0.002509191342007825,0.06476232793469512,0.01964236003773653,0.0553939475690864,0.024669130288977992,0.057073838779318334,0.03957642317449082,0.05812911299067489,0.0366058885965713,0.0444539404418737,8.227407658680809
176,7.209,-0.31460568594446237,-0.22339155244963177,0.2061194247424646,-0.026555862402598825,-0.011081668975541034,0.05832935031591278,0.1444321926678312,0.008376843878520411,0.012334795589854322,0.006619513026519611,0.08281756486075609,0.01695613847296972,0.04469862453241622,0.00353945275979532,0.026134904903025457,0.0022436099912473144,0.016403418869595777,-0.002288547110696076,0.0007363651418547101,8.148556201938502
177,7.234,-0.31384928675070123,-0.24261098345533488,0.21071260904366795,-0.017236954943408267,0.0012449482036961893,0.06227226760773632,0.16399825377218946,0.03550242535701525,0.024709432033246295,0.010012507762280572,0.09003437839235218,0.011634585557459175,0.025868736046263916,-0.018335425897570156,-0.01110391307434099,-0.03570280144311998,-0.03037140333260096,-0.04039576303288056,-0.043262476614222146,8.023857296056477
178,7.622999999999999,-0.31274969796976704,-0.2607695383597319,0.21323360447754597,-0.007616885797418388,0.013537606441274315,0.06377161686852627,0.17481553192956895,0.06015767070357477,0.03491140674049511,0.012320491921933198,0.08546829641483165,0.004504779653135159,0.002331075706615242,-0.03634993941041775,-0.045666105072148376,-0.06388495945947681,-0.06779761920774588,-0.06460754995367958,-0.07073652274116361,7.90308346983764
179,7.297999999999999,-0.3113081219858477,-0.277787814422444,0.21365761908363487,0.0021362645211126744,0.02546099406504067,0.06276856353095808,0.1763069599060255,0.08062701421222675,0.04204367602197987,0.013293359609715043,0.06971688696595817,-0.003325161312424905,-0.021630809944248718,-0.046711287957846716,-0.06922036838724302,-0.07459540913509044,-0.08435508414163144,-0.06659548080808653,-0.07119162142696046,7.827955484032314
180,7.178999999999999,-0.30952613514111654,-0.29359139505233744,0.2119804830196536,0.011852090322132382,0.03668987214257068,0.0593024674764567,0.16839297478337584,0.09548615434982456,0.045479110588006605,0.012825685516057422,0.044841553866931956,-0.010638304077328449,-0.04165617090207222,-0.047237979328760026,-0.076088889018699,-0.06490498131162048,-0.07494725321185995,-0.04567574249360869,-0.0444539404418737,7.8200572257381324
181,8.184,-0.3074056860120256,-0.308111175212342,0.208218689568546,0.02136083804438293,0.04691794615140983,0.05350933855076314,0.15149576238671938,0.10370115976091106,0.04491563804700488,0.010968149385719378,0.014097758596956169,-0.016298036409283432,-0.054100653205968116,-0.037819123215970356,-0.06461599291357586,-0.037463882392282724,-0.04246994610745737,-0.009044355499815226,-0.0007363651418547101,7.8753301137342175
182,8.355,-0.30494909327856523,-0.32128366359819527,0.20240923294032126,0.030496372166086604,0.05586622089519599,0.045616499528304884,0.1265167350193402,0.10470041246482784,0.04040280365875867,0.007922044081065805,-0.018491025436498394,-0.019424719935732575,-0.056699523727234656,-0.020437778210108053,-0.03756725033256996,0.00022310275767968934,0.003080013667674615,0.030698130041830352,0.043262476614222146,7.966552196912706
183,8.23,-0.30215904318882225,-0.3330512602697616,0.19460924446378242,0.03909907790174688,0.06329061076533002,0.03593366595101245,0.0947884439958846,0.09841438228061973,0.03233741389715623,0.004017462377049618,-0.048659869170868446,-0.019532403970778798,-0.0489798219984946,0.0012465640140596121,-0.0014628282314212,0.037849072195255705,0.04768191599067954,0.059881001048546954,0.07073652274116361,8.052777312261501
184,8.312999999999999,-0.29903858662160665,-0.34336250852091466,0.18489543074590337,0.04701864996954945,0.0689885977600946,0.024840792869315897,0.05800349228655488,0.08528046488856297,0.021428645877176827,-0.0003224737128715142,-0.07246054372180655,-0.01660435220892517,-0.03234643283711798,0.022668452979864518,0.034994212268452445,0.06512381098389151,0.07760687182442108,0.06846586533053112,0.07119162142696046,8.092654074371602
185,7.642,-0.2955911357503606,-0.3521723198866209,0.17336331932410487,0.05411671870440561,0.07280475564781605,0.012773165380033796,0.01812423955566222,0.06621254688545135,0.008635690519663251,-0.004627464772307814,-0.08677822932504349,-0.011095643889876794,-0.009826415670443532,0.039317695471435724,0.06301581049992523,0.07458803159774506,0.08364369562108591,0.05349968120319468,0.0444539404418737,8.057477825326396
186,7.68,-0.2918204603119969,-0.35944217130332484,0.1601263192298326,0.06026926763355524,0.0746349895892985,0.00020431800946576367,-0.02272188345771403,0.04253741556342578,-0.004916587607066625,-0.008430998221150551,-0.08973915513429044,-0.0038624451600963914,0.01448188071603264,0.047688937658644584,0.07584729022292055,0.06365339237335192,0.0639341956954641,0.02013055166916672,0.0007363651418547101,7.940048541376044
187,7.434,-0.2877306834847468,-0.36514027356050455,0.14531460570203686,0.06536880027518344,0.07442937557368214,-0.012372546813738488,-0.062355866573587326,0.01590243815852647,-0.018036557870471412,-0.01132090219231533,-0.08095582161832875,0.003971056689239021,0.036154664091795775,0.046019686990930765,0.0703955912024732,0.03531037540471786,0.02454514326948043,-0.02016313208729154,-0.043262476614222146,7.756809637367607
188,6.736000000000001,-0.2833262773795254,-0.36924171030680036,0.1290738400185008,0.06932621830204602,0.07219352221531722,-0.0244639120555406,-0.09866336340332679,-0.011839065551937226,-0.029570601792704976,-0.012984010749046152,-0.06157771303959527,0.011187374961935512,0.051247771147866654,0.034661389741268984,0.04797485910355467,-0.0026895715470167223,-0.022399137314865945,-0.05352105453292954,-0.07073652274116361,7.5428622420277245
189,6.165,-0.27861205814974405,-0.3717285470028804,0.11156373703444362,0.07207237825508928,0.06798841776538522,-0.03559531171861198,-0.1297074849752197,-0.038756781278701344,-0.03850454892018856,-0.01324010027343312,-0.034140863217888444,0.016664945935728245,0.05701445366843365,0.016005437036793004,0.013989667396338825,-0.03995395554264038,-0.062448750750345824,-0.06846867952394932,-0.07119162142696046,7.341615639949132
