X,S,C
0,1.0635200181778917,-0.0
1,1.063513295030003,-0.0
2,1.063499848776725,-0.0
3,1.0634796795030637,-0.0
4,1.063452787336515,-0.0
5,1.0634191724470856,-0.0
6,1.0633788350472742,-0.0
7,1.0633317753920757,-0.0
8,1.0632779937789856,-0.0
9,1.0632174905479825,-0.0
10,1.0631502660815553,-0.0
11,1.0630763208046634,-0.0
12,1.0629956551847588,-0.0
13,1.0629082697317713,-0.0
14,1.062814164998132,-0.0
15,1.0627133415787249,-0.0
16,1.0626058001109087,-0.0
17,1.062491541274536,-0.0
18,1.0623705657918805,-0.0
19,1.0622428744277173,-0.0
20,1.0621084679892654,-0.0
21,1.0619673473261706,-0.0
22,1.0618195133305512,-0.0
23,1.0616649669369593,-0.0
24,1.0615037091223698,-0.0
25,1.061335740906184,-0.0
26,1.0611610633502302,-0.0
27,1.0609796775587768,-0.0
28,1.0607915846784337,-0.0
29,1.060596785898266,-0.0
30,1.0603952824497256,-0.0
31,1.0601870756066205,-0.0
32,1.0599721666851494,-0.0
33,1.059750557043877,-0.0
34,1.0595222480837734,-0.0
35,1.0592872412480432,-0.0
36,1.0590455380223815,-0.0
37,1.0587971399346827,-0.0
38,1.058542048555239,-0.0
39,1.0582802654966486,-0.0
40,1.0580117924137937,-0.0
41,1.0577366310038272,-0.0
42,1.0574547830062428,-0.0
43,1.0571662502027621,-0.0
44,1.0568710344173624,-0.0
45,1.0565691375162842,-0.0
46,1.0562605614080383,-0.0
47,1.0559453080432348,-0.0
48,1.0556233794148469,-0.0
49,1.0552947775579824,-0.0
50,1.0549595045498563,-0.0
51,1.054617562510039,-0.0
52,1.054268953600058,-0.0
53,1.0539136800237188,-0.0
54,1.053551744026933,-0.0
55,1.0531831478976912,-0.0
56,1.052807893966083,-0.0
57,1.0524259846044188,-0.0
58,1.0520374222268387,-0.0
59,1.0516422092897812,-0.0
60,1.0512403482915644,-0.0
61,1.0508318417726485,-0.0
62,1.0504166923153946,-0.0
63,1.0499949025442419,-0.0
64,1.0495664751255447,-0.0
65,1.0491314127677214,-0.0
66,1.048689718220956,-0.0
67,1.048241394277568,-0.0
68,1.0477864437716136,-0.0
69,1.0473248695791284,-0.0
70,1.046856674618013,-0.0
71,1.0463818618479905,-0.0
72,1.045900434270635,-0.0
73,1.0454123949293859,-0.0
74,1.0449177469093485,-0.0
75,1.0444164933375504,-0.0
76,1.0439086373827138,-0.0
77,1.0433941822552981,-0.0
78,1.0428731312074149,-0.0
79,1.042345487533069,-0.0
80,1.0418112545677047,-0.0
81,1.0412704356885598,-0.0
82,1.0407230343145244,-0.0
83,1.0401690539059416,-0.0
84,1.0396084979649771,-0.0
85,1.0390413700351502,-0.0
86,1.0384676737016463,-0.0
87,1.0378874125912034,-0.0
88,1.0373005903718848,-0.0
89,1.036707210753434,-0.0
90,1.03610727748692,-0.0
91,1.0355007943648786,-0.0
92,1.034887765221299,-0.0
93,1.0342681939314815,-0.0
94,1.033642084412051,-0.0
95,1.0330094406211003,-0.0
96,1.0323702665579049,-0.0
97,1.031724566263108,-0.0
98,1.0310723438185505,-0.0
99,1.0304136033472702,-0.0
100,1.029748349013616,-0.0
101,1.0290765850230628,-0.0
102,1.0283983156221979,-0.0
103,1.027713545098905,-0.0
104,1.0270222777817395,-0.0
105,1.0263245180408802,-0.0
106,1.025620270287149,-0.0
107,1.024909538972679,-0.0
108,1.024192328590189,-0.0
109,1.0234686436738372,-0.0
110,1.0227384887982112,-0.0
111,1.022001868579352,-0.0
112,1.0212587876736308,-0.0
113,1.0205092507786162,-0.0
114,1.0197532626326193,-0.0
115,1.0189908280146511,-0.0
116,1.0182219517444224,-0.0
117,1.0174466386825998,-0.0
118,1.0166648937303506,-0.0
119,1.0158767218295992,-0.0
120,1.0150821279627706,-0.0
121,1.01428111715299,-0.0
122,1.01347369446394,-0.0
123,1.012659864999904,-0.0
124,1.0118396339053959,-0.0
125,1.011013006365829,-0.0
126,1.0101799876066195,-0.0
127,1.009340582893799,-0.0
128,1.0084947975338991,-0.0
129,1.0076426368734417,-0.0
130,1.0067841062996195,-0.0
131,1.0059192112395579,-0.0
132,1.0050479571608832,-0.0
133,1.0041703495712682,-0.0
134,1.0032863940186587,-0.0
135,1.0023960960909903,-0.0
136,1.0014994614164152,-0.0
137,1.0005964956630748,-0.0
138,0.9996872045391854,-0.0
139,0.9987715937929238,-0.0
140,0.9978496692123713,-0.0
141,0.9969214366255983,-0.0
142,0.9959869019004657,-0.0
143,0.9950460709448805,-0.0
144,0.9940989497061992,-0.0
145,0.9931455441718811,-0.0
146,0.9921858603689202,-0.0
147,0.9912199043640726,-0.0
148,0.9902476822637425,-0.0
149,0.9892692002138119,-0.0
150,0.988284464400067,-0.0
151,0.9872934810474021,-0.0
152,0.9862962564205588,-0.0
153,0.9852927968235292,-0.0
154,0.9842831085997545,-0.0
155,0.9832671981321823,-0.0
156,0.9822450718428684,-0.0
157,0.981216736193403,-0.0
158,0.9801821976843996,-0.0
159,0.9791414628558925,-0.0
160,0.978094538286939,-0.0
161,0.97704143059579,-0.0
162,0.975982146439776,-0.0
163,0.9749166925152508,-0.0
164,0.9738450755576196,-0.0
165,0.9727673023411967,-0.0
166,0.9716833796791491,-0.0
167,0.9705933144238088,-0.0
168,0.9694971134659056,-0.0
169,0.9683947837353344,-0.0
170,0.9672863322005298,-0.0
171,0.9661717658686655,-0.0
172,0.9650510917856536,-0.0
173,0.9639243170358327,-0.0
174,0.9627914487423084,-0.0
175,0.961652494066584,-0.0
176,0.9605074602087029,-0.0
177,0.959356354407106,-0.0
178,0.9581991839385466,-0.0
179,0.9570359561182897,-0.0
180,0.9558666782997989,-0.0
181,0.9546913578747649,-0.0
182,0.9535100022729637,-0.0
183,0.9523226189626541,-0.0
184,0.951129215449896,-0.0
185,0.9499297992789195,-0.0
186,0.948724378031983,-0.0
187,0.9475129593291456,-0.0
188,0.9462955508287223,-0.0
189,0.9450721602265162,-0.0
190,0.9438427952563586,-0.0
191,0.9426074636898534,-0.0
192,0.941366173336263,-0.0
193,0.9401189320424237,-0.0
194,0.9388657476930291,-0.0
195,0.9376066282101192,-0.0
196,0.9363415815533926,-0.0
197,0.9350706157200079,-0.0
198,0.9337937387442992,-0.0
199,0.9325109586984297,-0.0
200,0.9312222836914827,-0.0
201,0.9299277218700013,-0.0
202,0.9286272814176186,-0.0
203,0.9273209705552006,-0.0
204,0.9260087975408453,-0.0
205,0.9246907706694287,-0.0
206,0.9233668982731729,-0.0
207,0.9220371887209069,-0.0
208,0.9207016504184367,-0.0
209,0.9193602918088004,-0.0
210,0.9180131213712741,-0.0
211,0.9166601476223093,-0.0
212,0.9153013791147373,-0.0
213,0.9139368244381103,-0.0
214,0.912566492218815,-0.0
215,0.9111903911193053,-0.0
216,0.909808529838898,-0.0
217,0.9084209171130908,-0.0
218,0.9070275617137895,-0.0
219,0.9056284724493082,-0.0
220,0.9042236581641134,-0.0
221,0.9028131277388525,-0.0
222,0.9013968900903251,-0.0
223,0.8999749541713982,-0.0
224,0.898547328971091,-0.0
225,0.8971140235142059,-0.0
226,0.89567504686147,-0.0
227,0.8942304081095926,-0.0
228,0.8927801163910374,-0.0
229,0.8913241808738803,-0.0
230,0.889862610761952,-0.0
231,0.8883954152948377,-0.0
232,0.886922603747422,-0.0
233,0.8854441854303445,-0.0
234,0.883960169689459,-0.0
235,0.8824705659062033,-0.0
236,0.8809753834972582,-0.0
237,0.8794746319144906,-0.0
238,0.8779683206451239,-0.0
239,0.8764564592114823,-0.0
240,0.8749390571708204,-0.0
241,0.8734161241157494,-0.0
242,0.871887669673356,-0.0
243,0.8703537035061686,-0.0
244,0.8688142353112767,-0.0
245,0.8672692748203872,-0.0
246,0.8657188318004216,-0.0
247,0.8641629160523223,-0.0
248,0.8626015374122744,-0.0
249,0.8610347057505408,-0.0
250,0.8594624309719734,-0.0
251,0.8578847230159283,-0.0
252,0.8563015918560382,-0.0
253,0.854713047500212,-0.0
254,0.8531190999906073,-0.0
255,0.8515197594034589,-0.0
256,0.8499150358491931,-0.0
257,0.8483049394723139,-0.0
258,0.8466894804511185,-0.0
259,0.8450686689978966,-0.0
260,0.8434425153587313,-0.0
261,0.841811029813698,-0.0
262,0.8401742226761826,-0.0
263,0.8385321042933924,-0.0
264,0.8368846850464138,-0.0
265,0.8352319753493589,-0.0
266,0.833573985650105,-0.0
267,0.8319107264296122,-0.0
268,0.8302422082026055,-0.0
269,0.828568441516552,-0.0
270,0.8268894369525697,-0.0
271,0.8252052051244618,-0.0
272,0.8235157566792282,-0.0
273,0.8218211022971786,-0.0
274,0.8201212526908535,-0.0
275,0.8184162186063304,-0.0
276,0.8167060108220312,-0.0
277,0.8149906401492331,-0.0
278,0.8132701174316708,-0.0
279,0.8115444535460483,-0.0
280,0.8098136594012431,-0.0
281,0.8080777459384763,-0.0
282,0.8063367241317678,-0.0
283,0.8045906049869131,-0.0
284,0.8028393995422789,-0.0
285,0.8010831188683483,-0.0
286,0.7993217740675505,-0.0
287,0.7975553762744312,-0.0
288,0.7957839366553685,-0.0
289,0.7940074664089138,-0.0
290,0.7922259767649393,-0.0
291,0.7904394789853768,-0.0
292,0.7886479843639904,-0.0
293,0.7868515042254671,-0.0
294,0.785050049926781,-0.0
295,0.7832436328558856,-0.0
296,0.781432264432226,-0.0
297,0.7796159561065679,-0.0
298,0.777794719360827,-0.0
299,0.7759685657081832,-0.0
300,0.7741375066928526,-0.0
301,0.7723015538900881,-0.0
302,0.7704607189060084,-0.0
303,0.7686150133775413,-0.0
304,0.7667644489725944,-0.0
305,0.7649090373898844,-0.0
306,0.763048790358198,-0.0
307,0.7611837196375291,-0.0
308,0.7593138370180554,-0.0
309,0.7574391543203092,-0.0
310,0.7555596833955747,-0.0
311,0.7536754361247517,-0.0
312,0.7517864244195493,-0.0
313,0.7498926602215192,-0.0
314,0.7479941555021696,-0.0
315,0.7460909222630789,-0.0
316,0.7441829725360094,-0.0
317,0.7422703183818271,-0.0
318,0.7403529718918662,-0.0
319,0.7384309451866784,-0.0
320,0.736504250416715,-0.0
321,0.7345728997615879,-0.0
322,0.7326369054306383,-0.0
323,0.7306962796623679,-0.0
324,0.7287510347246666,-0.0
325,0.7268011829146417,-0.0
326,0.7248467365585043,-0.0
327,0.7228877080111147,-0.0
328,0.7209241096572896,-0.0
329,0.7189559539096422,-0.0
330,0.7169832532102873,-0.0
331,0.7150060200297048,-0.0
332,0.7130242668672508,-0.0
333,0.7110380062507602,-0.0
334,0.7090472507365462,-0.0
335,0.7070520129095144,-0.0
336,0.7050523053825373,-0.0
337,0.7030481407971934,-0.0
338,0.7010395318228007,-0.0
339,0.6990264911570421,-0.0
340,0.6970090315256812,-0.0
341,0.6949871656821642,-0.0
342,0.6929609064080751,-0.0
343,0.6909302665121118,-0.0
344,0.6888952588319626,-0.0
345,0.6868558962314069,-0.0
346,0.6848121916029868,-0.0
347,0.682764157865904,-0.0
348,0.6807118079670431,-0.0
349,0.6786551548807438,-0.0
350,0.6765942116080055,-0.0
351,0.6745289911774535,-0.0
352,0.6724595066448273,-0.0
353,0.6703857710921284,-0.0
354,0.66830779762887,-0.0
355,0.6662255993913391,-0.0
356,0.6641391895421975,-0.0
357,0.6620485812709376,-0.0
358,0.659953787793313,-0.0
359,0.6578548223523057,-0.0
360,0.6557516982161928,-0.0
361,0.6536444286804226,-0.0
362,0.6515330270660797,-0.0
363,0.6494175067207948,-0.0
364,0.6472978810178915,-0.0
365,0.6451741633569554,-0.0
366,0.6430463671631514,-0.0
367,0.6409145058874515,-0.0
368,0.6387785930070322,-0.0
369,0.6366386420236836,-0.0
370,0.6344946664659687,-0.0
371,0.632346679886723,-0.0
372,0.6301946958649296,-0.0
373,0.6280387280045261,-0.0
374,0.6258787899345748,-0.0
375,0.6237148953094902,-0.0
376,0.6215470578084137,-0.0
377,0.6193752911356114,-0.0
378,0.6171996090201901,-0.0
379,0.6150200252158697,-0.0
380,0.6128365535009266,-0.0
381,0.6106492076788186,-0.0
382,0.6084580015766505,-0.0
383,0.606262949046652,-0.0
384,0.6040640639649268,-0.0
385,0.6018613602317942,-0.0
386,0.5996548517722431,-0.0
387,0.5974445525346255,-0.0
388,0.5952304764916789,-0.0
389,0.5930126376399016,-0.0
390,0.590791049999666,-0.0
391,0.5885657276146503,-0.0
392,0.5863366845528617,-0.0
393,0.5841039349051584,-0.0
394,0.581867492786273,-0.0
395,0.5796273723338459,-0.0
396,0.5773835877091642,-0.0
397,0.5751361530965937,-0.0
398,0.5728850827034648,-0.0
399,0.5706303907601296,-0.0
400,0.5683720915198478,-0.0
401,0.5661101992586168,-0.0
402,0.5638447282753987,-0.0
403,0.5615756928913811,-0.0
404,0.5593031074507735,-0.0
405,0.5570269863196131,-0.0
406,0.5547473438868451,-0.0
407,0.5524641945632993,-0.0
408,0.5501775527824861,-0.0
409,0.5478874329991186,-0.0
410,0.5455938496908743,-0.0
411,0.54329681735652,-0.0
412,0.5409963505173323,-0.0
413,0.538692463715563,-0.0
414,0.5363851715158034,-0.0
415,0.5340744885035633,-0.0
416,0.5317604292861233,-0.0
417,0.529443008492251,-0.0
418,0.5271222407714617,-0.0
419,0.5247981407948714,-0.0
420,0.5224707232545143,-0.0
421,0.5201400028632861,-0.0
422,0.5178059943551148,-0.0
423,0.5154687124849033,-0.0
424,0.5131281720276206,-0.0
425,0.5107843877793812,-0.0
426,0.5084373745568769,-0.0
427,0.5060871471965811,-0.0
428,0.5037337205559993,-0.0
429,0.5013771095123616,-0.0
430,0.4990173289634754,-0.0
431,0.49665439382664545,-0.0
432,0.4942883190395264,-0.0
433,0.4919191195595545,-0.0
434,0.4895468103637768,-0.0
435,0.4871714064488515,-0.0
436,0.4847929228315593,-0.0
437,0.48241137454721184,-0.0
438,0.4800267766512434,-0.0
439,0.4776391442183012,-0.0
440,0.47524849234173416,-0.0
441,0.4728548361343883,-0.0
442,0.4704581907280385,-0.0
443,0.46805857127333184,-0.0
444,0.4656559929396735,-0.0
445,0.46325047091528404,-0.0
446,0.4608420204066306,-0.0
447,0.45843065663945026,-0.0
448,0.45601639485681744,-0.0
449,0.45359925032130377,-0.0
450,0.45117923831281814,-0.0
451,0.4487563741296867,-0.0
452,0.4463306730884824,-0.0
453,0.4439021505233427,-0.0
454,0.44147082178636765,-0.0
455,0.43903670224779034,-0.0
456,0.4365998072947832,-0.0
457,0.43416015233242433,-0.0
458,0.43171775278364066,-0.0
459,0.4292726240876732,-0.0
460,0.4268247817021802,-0.0
461,0.4243742411013045,-0.0
462,0.421921017776242,-0.0
463,0.4194651272352985,-0.0
464,0.41700658500377585,-0.0
465,0.414545406623688,-0.0
466,0.41208160765319235,-0.0
467,0.4096152036679541,-0.0
468,0.4071462102590999,-0.0
469,0.40467464303503675,-0.0
470,0.40220051761974673,-0.0
471,0.39972384965381025,-0.0
472,0.3972446547937807,-0.0
473,0.39476294871184336,-0.0
474,0.39227874709661137,-0.0
475,0.3897920656521592,-0.0
476,0.3873029200984206,-0.0
477,0.38481132617039293,-0.0
478,0.38231729961938754,-0.0
479,0.37982085621132455,-0.0
480,0.3773220117276992,-0.0
481,0.3748207819656386,-0.0
482,0.372317182736424,-0.0
483,0.3698112298670253,-0.0
484,0.36730293919902124,-0.0
485,0.36479232658894034,-0.0
486,0.3622794079076357,-0.0
487,0.35976419904102386,-0.0
488,0.35724671588906176,-0.0
489,0.3547269743664856,-0.0
490,0.35220499040178765,-0.0
491,0.3496807799381827,-0.0
492,0.3471543589326984,-0.0
493,0.34462574335617546,-0.0
494,0.3420949491937222,-0.0
495,0.3395619924439188,-0.0
496,0.3370268891190449,-0.0
497,0.3344896552451928,-0.0
498,0.3319503068614722,-0.0
499,0.3294088600209193,-0.0
500,0.3268653307892464,-0.0
501,0.32431973524592195,-0.0
502,0.32177208948286307,-0.0
503,0.31922240960568615,-0.0
504,0.3166707117319447,-0.0
505,0.3141170119928347,-0.0
506,0.3115613265317734,-0.0
507,0.309003671504513,-0.0
508,0.3064440630798799,-0.0
509,0.30388251743846695,-0.0
510,0.30131905077342935,-0.0
511,0.29875367928991636,-0.0
512,0.2961864192052417,-0.0
513,0.29361728674865617,-0.0
514,0.291046298160893,-0.0
515,0.28847346969507726,-0.0
516,0.2858988176154753,-0.0
517,0.2833223581978359,-0.0
518,0.28074410772973124,-0.0
519,0.27816408250981794,-0.0
520,0.2755822988477803,-0.0
521,0.2729987730647849,-0.0
522,0.2704135214928556,-0.0
523,0.2678265604747594,-0.0
524,0.26523790636446165,-0.0
525,0.26264757552633,-0.0
526,0.26005558433519127,-0.0
527,0.2574619491767862,-0.0
528,0.2548666864470306,-0.0
529,0.2522698125520151,-0.0
530,0.24967134390834644,-0.0
531,0.2470712969422948,-0.0
532,0.24446968809024838,-0.0
533,0.24186653379894096,-0.0
534,0.23926185052408755,-0.0
535,0.23665565473146444,-0.0
536,0.23404796289673868,-0.0
537,0.23143879150433122,-0.0
538,0.22882815704855375,-0.0
539,0.22621607603269922,-0.0
540,0.22360256496943975,-0.0
541,0.22098764038020136,-0.0
542,0.21837131879556182,-0.0
543,0.21575361675479598,-0.0
544,0.2131345508061031,-0.0
545,0.21051413750603842,-0.0
546,0.20789239341991106,-0.0
547,0.20526933512115875,-0.0
548,0.20264497919202995,-0.0
549,0.20001934222216278,-0.0
550,0.19739244081034713,-0.0
551,0.19476429156236463,-0.0
552,0.1921349110925803,-0.0
553,0.18950431602274875,-0.0
554,0.1868725229824122,-0.0
555,0.18423954860878666,-0.0
556,0.18160540954659155,-0.0
557,0.1789701224475948,-0.0
558,0.17633370397112458,-0.0
559,0.17369617078361443,-0.0
560,0.17105753955831915,-0.0
561,0.1684178269758263,-0.0
562,0.16577704972320362,-0.0
563,0.16313522449445372,-0.0
564,0.1604923679900594,-0.0
565,0.15784849691709724,-0.0
566,0.1552036279892377,-0.0
567,0.1525577779261198,-0.0
568,0.149910963453749,-0.0
569,0.14726320130432669,-0.0
570,0.1446145082158523,-0.0
571,0.1419649009323507,-0.0
572,0.13931439620353103,-0.0
573,0.1366630107849005,-0.0
574,0.13401076143736645,-0.0
575,0.13135766492752055,-0.0
576,0.12870373802701351,-0.0
577,0.1260489975130099,-0.0
578,0.12339346016773334,-0.0
579,0.12073714277829595,-0.0
580,0.11808006213703948,-0.0
581,0.11542223504085314,-0.0
582,0.11276367829151468,-0.0
583,0.11010440869540616,-0.0
584,0.10744444306317291,-0.0
585,0.10478379821029193,-0.0
586,0.10212249095604875,-0.0
587,0.0994605381243332,-0.0
588,0.09679795654295731,-0.0
589,0.09413476304359847,-0.0
590,0.09147097446196994,-0.0
591,0.08880660763742299,-0.0
592,0.0861416794130605,-0.0
593,0.0834762066355097,-0.0
594,0.0808102061546947,-0.0
595,0.0781436948241776,-0.0
596,0.07547668950053321,-0.0
597,0.07280920704340588,-0.0
598,0.07014126431562318,-0.0
599,0.06747287818285486,-0.0
600,0.064804065513556,-0.0
601,0.062134843178853316,-0.0
602,0.059465228052602015,-0.0
603,0.056795237010817345,-0.0
604,0.054124886932584104,-0.0
605,0.0514541946981808,-0.0
606,0.04878317719118286,-0.0
607,0.046111851296302575,-0.0
608,0.0434402339008102,-0.0
609,0.04076834189351075,-0.0
610,0.03809619216514193,-0.0
611,0.03542380160780567,-0.0
612,0.03275118711542291,-0.0
613,0.030078365583165123,-0.0
614,0.027405353907454355,-0.0
615,0.024732168986190572,-0.0
616,0.02205882771789902,-0.0
617,0.01938534700263972,-0.0
618,0.01671174374092743,-0.0
619,0.014038034834300106,-0.0
620,0.011364237184693593,-0.0
621,0.008690367695123768,-0.0
622,0.006016443268379135,-0.0
623,0.003342480808214532,-0.0
624,0.0006684972181574267,-0.0
625,-0.0020054905979236537,-0.0
626,-0.004679465735989652,-0.0
627,-0.007353411292399414,-0.0
628,-0.010027310363511788,-0.0
629,-0.012701146046026679,-0.0
630,-0.015374901436814525,-0.0
631,-0.018048559633712102,-0.0
632,-0.02072210373495409,-0.0
633,-0.023395516839116226,-0.0
634,-0.02606878204642271,-0.0
635,-0.02874188245715459,-0.0
636,-0.0314148011732982,-0.0
637,-0.03408752129757886,-0.0
638,-0.036760025934256646,-0.0
639,-0.03943229818878535,-0.0
640,-0.042104321167983016,-0.0
641,-0.04477607798060035,-0.0
642,-0.047447551736809146,-0.0
643,-0.05011872554848651,-0.0
644,-0.05278958252972643,-0.0
645,-0.055460105796271364,-0.0
646,-0.05813027846630803,-0.0
647,-0.06080008366001266,-0.0
648,-0.0634695044997784,-0.0
649,-0.06613852411084054,-0.0
650,-0.06880712562070812,-0.0
651,-0.07147529215927761,-0.0
652,-0.07414300685979924,-0.0
653,-0.07681025285785381,-0.0
654,-0.07947701329220536,-0.0
655,-0.0821432713047443,-0.0
656,-0.08480901004043062,-0.0
657,-0.08747421264729383,-0.0
658,-0.09013886227745616,-0.0
659,-0.09280294208571149,-0.0
660,-0.0954664352308896,-0.0
661,-0.09812932487551507,-0.0
662,-0.10079159418569361,-0.0
663,-0.10345322633196474,-0.0
664,-0.10611420448816489,-0.0
665,-0.10877451183290532,-0.0
666,-0.11143413154877635,-0.0
667,-0.11409304682263155,-0.0
668,-0.11675124084575828,-0.0
669,-0.11940869681450295,-0.0
670,-0.12206539792907733,-0.0
671,-0.12472132739520703,-0.0
672,-0.1273764684229377,-0.0
673,-0.1300308042276015,-0.0
674,-0.13268431802964642,-0.0
675,-0.1353369930544659,-0.0
676,-0.13798881253308082,-0.0
677,-0.14063975970151432,-0.0
678,-0.1432898178017581,-0.0
679,-0.14593897008109025,-0.0
680,-0.1485871997926438,-0.0
681,-0.15123449019546342,-0.0
682,-0.15388082455433505,-0.0
683,-0.1565261861402405,-0.0
684,-0.15917055823024384,-0.0
685,-0.1618139241076051,-0.0
686,-0.16445626706223493,-0.0
687,-0.1670975703900126,-0.0
688,-0.16973781739397964,-0.0
689,-0.17237699138331664,-0.0
690,-0.17501507567430963,-0.0
691,-0.17765205359006586,-0.0
692,-0.18028790846068432,-0.0
693,-0.1829226236231989,-0.0
694,-0.18555618242214678,-0.0
695,-0.18818856820922747,-0.0
696,-0.19081976434347325,-0.0
697,-0.19344975419153343,-0.0
698,-0.19607852112761748,-0.0
699,-0.19870604853389295,-0.0
700,-0.20133231979991706,-0.0
701,-0.20395731832365982,-0.0
702,-0.2065810275109925,-0.0
703,-0.2092034307755739,-0.0
704,-0.21182451153987358,-0.0
705,-0.21444425323431915,-0.0
706,-0.2170626392982058,-0.0
707,-0.2196796531787868,-0.0
708,-0.2222952783325809,-0.0
709,-0.22490949822463335,-0.0
710,-0.22752229632880017,-0.0
711,-0.23013365612814596,-0.0
712,-0.23274356111448924,-0.0
713,-0.2353519947894256,-0.0
714,-0.23795894066296341,-0.0
715,-0.2405643822555703,-0.0
716,-0.24316830309624038,-0.0
717,-0.24577068672437008,-0.0
718,-0.24837151668850765,-0.0
719,-0.2509707765473763,-0.0
720,-0.25356844986936267,-0.0
721,-0.2561645202331988,-0.0
722,-0.25875897122745073,-0.0
723,-0.2613517864509731,-0.0
724,-0.2639429495131367,-0.0
725,-0.2665324440336576,-0.0
726,-0.26912025364276815,-0.0
727,-0.27170636198121656,-0.0
728,-0.27429075270094927,-0.0
729,-0.27687340946420136,-0.0
730,-0.2794543159445766,-0.0
731,-0.2820334558267632,-0.0
732,-0.284610812806136,-0.0
733,-0.28718637059012053,-0.0
734,-0.2897601128965448,-0.0
735,-0.2923320234555149,-0.0
736,-0.2949020860086762,-0.0
737,-0.2974702843087016,-0.0
738,-0.3000366021207128,-0.0
739,-0.3026010232213139,-0.0
740,-0.3051635313995007,-0.0
741,-0.3077241104559221,-0.0
742,-0.3102827442036187,-0.0
743,-0.3128394164680799,-0.0
744,-0.3153941110869596,-0.0
745,-0.3179468119104172,-0.0
746,-0.32049750280151557,-0.0
747,-0.3230461676355958,-0.0
748,-0.32559279030112975,-0.0
749,-0.3281373546992654,-0.0
750,-0.33067984474450896,-0.0
751,-0.33322024436404263,-0.0
752,-0.33575853749863427,-0.0
753,-0.338294708102012,-0.0
754,-0.3408287401417738,-0.0
755,-0.3433606175987052,-0.0
756,-0.34589032446695,-0.0
757,-0.3484178447553745,-0.0
758,-0.35094316248540736,-0.0
759,-0.35346626169325646,-0.0
760,-0.355987126428829,-0.0
761,-0.3585057407564136,-0.0
762,-0.36102208875416864,-0.0
763,-0.36353615451463384,-0.0
764,-0.36604792214512827,-0.0
765,-0.368557375767125,-0.0
766,-0.3710644995170469,-0.0
767,-0.3735692775455277,-0.0
768,-0.37607169401860574,-0.0
769,-0.3785717331171554,-0.0
770,-0.3810693790363757,-0.0
771,-0.3835646159877797,-0.0
772,-0.38605742819703437,-0.0
773,-0.38854779990583665,-0.0
774,-0.3910357153710038,-0.0
775,-0.3935211588647576,-0.0
776,-0.3960041146753497,-0.0
777,-0.3984845671063795,-0.0
778,-0.400962500477533,-0.0
779,-0.40343789912407146,-0.0
780,-0.4059107473979111,-0.0
781,-0.4083810296663728,-0.0
782,-0.41084873031326197,-0.0
783,-0.413313833739096,-0.0
784,-0.4157763243603654,-0.0
785,-0.41823618660993134,-0.0
786,-0.4206934049378219,-0.0
787,-0.4231479638103224,-0.0
788,-0.42559984771088466,-0.0
789,-0.4280490411394453,-0.0
790,-0.4304955286132781,-0.0
791,-0.4329392946668804,-0.0
792,-0.435380323851291,-0.0
793,-0.43781860073562484,-0.0
794,-0.44025410990587943,-0.0
795,-0.44268683596624214,-0.0
796,-0.4451167635373281,-0.0
797,-0.4475438772583402,-0.0
798,-0.4499681617861597,-0.0
799,-0.4523896017955167,-0.0
800,-0.4548081819786489,-0.0
801,-0.4572238870465526,-0.0
802,-0.4596367017280727,-0.0
803,-0.4620466107702441,-0.0
804,-0.46445359893886007,-0.0
805,-0.46685765101761945,-0.0
806,-0.46925875180915,-0.0
807,-0.47165688613461043,-0.0
808,-0.4740520388340883,-0.0
809,-0.47644419476631583,-0.0
810,-0.4788333388091246,-0.0
811,-0.481219455858934,-0.0
812,-0.48360253083211546,-0.0
813,-0.48598254866379875,-0.0
814,-0.48835949430809933,-0.0
815,-0.49073335273931207,-0.0
816,-0.49310410895049017,-0.0
817,-0.49547174795509363,-0.0
818,-0.49783625478534077,-0.0
819,-0.5001976144943114,-0.0
820,-0.5025558121538438,-0.0
821,-0.5049108328571492,-0.0
822,-0.5072626617157425,-0.0
823,-0.5096112838630233,-0.0
824,-0.5119566844518886,-0.0
825,-0.5142988486553008,-0.0
826,-0.5166377616673117,-0.0
827,-0.518973408702152,-0.0
828,-0.5213057749949712,-0.0
829,-0.5236348458010411,-0.0
830,-0.5259606063973479,-0.0
831,-0.5282830420813411,-0.0
832,-0.5306021381711616,-0.0
833,-0.5329178800066074,-0.0
834,-0.535230252948736,-0.0
835,-0.5375392423794096,-0.0
836,-0.5398448337019204,-0.0
837,-0.5421470123416725,-0.0
838,-0.544445763744875,-0.0
839,-0.5467410733800193,-0.0
840,-0.5490329267367429,-0.0
841,-0.5513213093271361,-0.0
842,-0.5536062066849468,-0.0
843,-0.5558876043656937,-0.0
844,-0.5581654879476332,-0.0
845,-0.5604398430307924,-0.0
846,-0.5627106552376517,-0.0
847,-0.56497791021269,-0.0
848,-0.5672415936236916,-0.0
849,-0.5695016911603261,-0.0
850,-0.571758188535398,-0.0
851,-0.5740110714837101,-0.0
852,-0.5762603257639398,-0.0
853,-0.5785059371569901,-0.0
854,-0.5807478914671833,-0.0
855,-0.5829861745215794,-0.0
856,-0.5852207721706009,-0.0
857,-0.587451670288317,-0.0
858,-0.5896788547715346,-0.0
859,-0.5919023115411051,-0.0
860,-0.5941220265411857,-0.0
861,-0.5963379857396944,-0.0
862,-0.5985501751279116,-0.0
863,-0.6007585807215605,-0.0
864,-0.6029631885600679,-0.0
865,-0.6051639847065076,-0.0
866,-0.6073609552483958,-0.0
867,-0.6095540862975781,-0.0
868,-0.6117433639897172,-0.0
869,-0.613928774485089,-0.0
870,-0.6161103039685258,-0.0
871,-0.6182879386492459,-0.0
872,-0.6204616647610806,-0.0
873,-0.6226314685624743,-0.0
874,-0.6247973363369965,-0.0
875,-0.6269592543930003,-0.0
876,-0.6291172090632244,-0.0
877,-0.6312711867064991,-0.0
878,-0.6334211737059263,-0.0
879,-0.6355671564702448,-0.0
880,-0.6377091214333177,-0.0
881,-0.6398470550545312,-0.0
882,-0.641980943818794,-0.0
883,-0.6441107742365944,-0.0
884,-0.6462365328437158,-0.0
885,-0.6483582062022037,-0.0
886,-0.6504757808995691,-0.0
887,-0.6525892435494143,-0.0
888,-0.654698580791262,-0.0
889,-0.6568037792907262,-0.0
890,-0.6589048257397394,-0.0
891,-0.6610017068558705,-0.0
892,-0.6630944093838593,-0.0
893,-0.6651829200944803,-0.0
894,-0.6672672257849968,-0.0
895,-0.6693473132789904,-0.0
896,-0.6714231694271575,-0.0
897,-0.6734947811068537,-0.0
898,-0.6755621352220942,-0.0
899,-0.6776252187039518,-0.0
900,-0.6796840185104429,-0.0
901,-0.6817385216265279,-0.0
902,-0.6837887150643951,-0.0
903,-0.6858345858639723,-0.0
904,-0.6878761210915627,-0.0
905,-0.6899133078418345,-0.0
906,-0.6919461332361152,-0.0
907,-0.6939745844239269,-0.0
908,-0.6959986485822469,-0.0
909,-0.6980183129156217,-0.0
910,-0.7000335646566214,-0.0
911,-0.7020443910656695,-0.0
912,-0.7040507794310429,-0.0
913,-0.7060527170690989,-0.0
914,-0.7080501913244461,-0.0
915,-0.7100431895700012,-0.0
916,-0.7120316992067615,-0.0
917,-0.7140157076638616,-0.0
918,-0.7159952023995402,-0.0
919,-0.7179701709001733,-0.0
920,-0.7199406006806726,-0.0
921,-0.7219064792849395,-0.0
922,-0.7238677942853542,-0.0
923,-0.725824533283344,-0.0
924,-0.727776683908985,-0.0
925,-0.7297242338217416,-0.0
926,-0.731667170710125,-0.0
927,-0.7336054822914662,-0.0
928,-0.7355391563123703,-0.0
929,-0.7374681805491718,-0.0
930,-0.7393925428075931,-0.0
931,-0.7413122309219489,-0.0
932,-0.7432272327572491,-0.0
933,-0.7451375362074373,-0.0
934,-0.7470431291964132,-0.0
935,-0.7489439996775786,-0.0
936,-0.7508401356345757,-0.0
937,-0.7527315250808329,-0.0
938,-0.7546181560597347,-0.0
939,-0.7565000166442815,-0.0
940,-0.7583770949390214,-0.0
941,-0.7602493790771518,-0.0
942,-0.7621168572227361,-0.0
943,-0.7639795175708741,-0.0
944,-0.7658373483460537,-0.0
945,-0.7676903378043676,-0.0
946,-0.7695384742312399,-0.0
947,-0.7713817459440975,-0.0
948,-0.7732201412902668,-0.0
949,-0.7750536486482247,-0.0
950,-0.7768822564269158,-0.0
951,-0.7787059530673446,-0.0
952,-0.7805247270403015,-0.0
953,-0.7823385668482388,-0.0
954,-0.7841474610248156,-0.0
955,-0.7859513981351256,-0.0
956,-0.7877503667754127,-0.0
957,-0.7895443555727866,-0.0
958,-0.7913333531869853,-0.0
959,-0.7931173483084422,-0.0
960,-0.7948963296594798,-0.0
961,-0.7966702859939687,-0.0
962,-0.7984392060978394,-0.0
963,-0.8002030787887406,-0.0
964,-0.8019618929158128,-0.0
965,-0.8037156373608809,-0.0
966,-0.8054643010374889,-0.0
967,-0.8072078728910697,-0.0
968,-0.8089463418994569,-0.0
969,-0.810679697072942,-0.0
970,-0.8124079274538758,-0.0
971,-0.8141310221169533,-0.0
972,-0.8158489701697249,-0.0
973,-0.8175617607516301,-0.0
974,-0.8192693830356461,-0.0
975,-0.8209718262261845,-0.0
976,-0.8226690795614218,-0.0
977,-0.8243611323122764,-0.0
978,-0.8260479737818969,-0.0
979,-0.8277295933067421,-0.0
980,-0.8294059802563538,-0.0
981,-0.8310771240335839,-0.0
982,-0.8327430140735714,-0.0
983,-0.8344036398456751,-0.0
984,-0.8360589908518818,-0.0
985,-0.8377090566280003,-0.0
986,-0.8393538267424105,-0.0
987,-0.8409932907979965,-0.0
988,-0.8426274384306112,-0.0
989,-0.8442562593099865,-0.0
990,-0.8458797431388803,-0.0
991,-0.8474978796547532,-0.0
992,-0.8491106586282342,-0.0
993,-0.8507180698639445,-0.0
994,-0.8523201032006114,-0.0
995,-0.8539167485106134,-0.0
996,-0.85550799570089,-0.0
997,-0.8570938347117476,-0.0
998,-0.8586742555185936,-0.0
999,-0.8602492481304296,-0.0
1000,-0.8618188025909319,-0.0
1001,-0.8633829089777691,-0.0
1002,-0.8649415574033981,-0.0
1003,-0.866494738014751,-0.0
1004,-0.8680424409931788,-0.0
1005,-0.8695846565546788,-0.0
1006,-0.8711213749501212,-0.0
1007,-0.8726525864650228,-0.0
1008,-0.8741782814191765,-0.0
1009,-0.8756984501682439,-0.0
1010,-0.8772130831023333,-0.0
1011,-0.878722170646455,-0.0
1012,-0.8802257032604075,-0.0
1013,-0.8817236714400281,-0.0
1014,-0.883216065715402,-0.0
1015,-0.8847028766523408,-0.0
1016,-0.8861840948517568,-0.0
1017,-0.8876597109500324,-0.0
1018,-0.8891297156191058,-0.0
1019,-0.8905940995655897,-0.0
1020,-0.8920528535328174,-0.0
1021,-0.8935059682989674,-0.0
1022,-0.8949534346781434,-0.0
1023,-0.8963952435195495,-0.0
1024,-0.897831385709253,-0.0
1025,-0.8992618521681948,-0.0
1026,-0.9006866338536952,-0.0
1027,-0.9021057217587725,-0.0
1028,-0.9035191069124835,-0.0
1029,-0.9049267803802366,-0.0
1030,-0.9063287332627112,-0.0
1031,-0.9077249566979049,-0.0
1032,-0.9091154418592566,-0.0
1033,-0.9105001799567276,-0.0
1034,-0.9118791622361755,-0.0
1035,-0.9132523799805767,-0.0
1036,-0.9146198245094297,-0.0
1037,-0.9159814871773335,-0.0
1038,-0.9173373593769725,-0.0
1039,-0.9186874325371264,-0.0
1040,-0.9200316981230685,-0.0
1041,-0.9213701476365941,-0.0
1042,-0.9227027726169581,-0.0
1043,-0.9240295646396817,-0.0
1044,-0.9253505153175468,-0.0
1045,-0.9266656162994309,-0.0
1046,-0.9279748592722399,-0.0
1047,-0.9292782359598277,-0.0
1048,-0.930575738121945,-0.0
1049,-0.9318673575567686,-0.0
1050,-0.9331530860991961,-0.0
1051,-0.934432915621386,-0.0
1052,-0.9357068380324733,-0.0
1053,-0.9369748452795079,-0.0
1054,-0.9382369293466297,-0.0
1055,-0.9394930822555523,-0.0
1056,-0.9407432960647952,-0.0
1057,-0.941987562871816,-0.0
1058,-0.9432258748106506,-0.0
1059,-0.9444582240525392,-0.0
1060,-0.9456846028078587,-0.0
1061,-0.9469050033235078,-0.0
1062,-0.948119417884925,-0.0
1063,-0.9493278388144972,-0.0
1064,-0.9505302584736626,-0.0
1065,-0.9517266692609496,-0.0
1066,-0.9529170636131141,-0.0
1067,-0.9541014340050822,-0.0
1068,-0.9552797729495524,-0.0
1069,-0.9564520729979051,-0.0
1070,-0.9576183267386682,-0.0
1071,-0.9587785267998754,-0.0
1072,-0.9599326658469067,-0.0
1073,-0.9610807365840515,-0.0
1074,-0.9622227317530871,-0.0
1075,-0.9633586441352975,-0.0
1076,-0.9644884665497955,-0.0
1077,-0.9656121918541203,-0.0
1078,-0.9667298129447772,-0.0
1079,-0.9678413227563851,-0.0
1080,-0.9689467142627279,-0.0
1081,-0.9700459804754473,-0.0
1082,-0.9711391144458617,-0.0
1083,-0.9722261092634881,-0.0
1084,-0.973306958056952,-0.0
1085,-0.9743816539930492,-0.0
1086,-0.975450190278508,-0.0
1087,-0.9765125601582554,-0.0
1088,-0.9775687569164404,-0.0
1089,-0.9786187738762067,-0.0
1090,-0.9796626043997776,-0.0
1091,-0.9807002418886555,-0.0
1092,-0.9817316797827687,-0.0
1093,-0.9827569115622623,-0.0
1094,-0.9837759307459351,-0.0
1095,-0.9847887308921202,-0.0
1096,-0.9857953055977475,-0.0
1097,-0.9867956485001628,-0.0
1098,-0.9877897532754503,-0.0
1099,-0.9887776136392574,-0.0
1100,-0.9897592233467662,-0.0
1101,-0.9907345761926081,-0.0
1102,-0.9917036660111478,-0.0
1103,-0.9926664866757164,-0.0
1104,-0.9936230321002029,-0.0
1105,-0.9945732962376042,-0.0
1106,-0.9955172730808499,-0.0
1107,-0.9964549566620065,-0.0
1108,-0.9973863410538968,-0.0
1109,-0.9983114203685659,-0.0
1110,-0.9992301887580197,-0.0
1111,-1.0001426404141114,-0.0
1112,-1.0010487695687402,-0.0
1113,-1.0019485704938802,-0.0
1114,-1.0028420375008409,-0.0
1115,-1.0037291649420297,-0.0
1116,-1.0046099472091328,-0.0
1117,-1.0054843787343941,-0.0
1118,-1.006352453989507,-0.0
1119,-1.0072141674874047,-0.0
1120,-1.0080695137804696,-0.0
1121,-1.0089184874614716,-0.0
1122,-1.0097610831637098,-0.0
1123,-1.0105972955604443,-0.0
1124,-1.0114271193657771,-0.0
1125,-1.0122505493332596,-0.0
1126,-1.0130675802581948,-0.0
1127,-1.013878206975292,-0.0
1128,-1.0146824243603305,-0.0
1129,-1.0154802273289079,-0.0
1130,-1.016271610838075,-0.0
1131,-1.0170565698848435,-0.0
1132,-1.0178350995070673,-0.0
1133,-1.0186071947832005,-0.0
1134,-1.0193728508322693,-0.0
1135,-1.020132062814426,-0.0
1136,-1.0208848259295848,-0.0
1137,-1.0216311354196534,-0.0
1138,-1.0223709865665995,-0.0
1139,-1.0231043746935455,-0.0
1140,-1.0238312951637454,-0.0
1141,-1.0245517433824602,-0.0
1142,-1.0252657147951538,-0.0
1143,-1.0259732048883166,-0.0
1144,-1.0266742091895367,-0.0
1145,-1.0273687232673296,-0.0
1146,-1.028056742731394,-0.0
1147,-1.0287382632318867,-0.0
1148,-1.0294132804610001,-0.0
1149,-1.0300817901513284,-0.0
1150,-1.030743788077075,-0.0
1151,-1.0313992700527734,-0.0
1152,-1.0320482319351072,-0.0
1153,-1.032690669622113,-0.0
1154,-1.0333265790515043,-0.0
1155,-1.0339559562039966,-0.0
1156,-1.0345787971008065,-0.0
1157,-1.035195097804717,-0.0
1158,-1.0358048544191547,-0.0
1159,-1.036408063090093,-0.0
1160,-1.0370047200040489,-0.0
1161,-1.0375948213894048,-0.0
1162,-1.0381783635150583,-0.0
1163,-1.038755342693122,-0.0
1164,-1.0393257552757404,-0.0
1165,-1.0398895976564688,-0.0
1166,-1.0404468662716084,-0.0
1167,-1.0409975575980752,-0.0
1168,-1.0415416681547924,-0.0
1169,-1.0420791945016248,-0.0
1170,-1.042610133241027,-0.0
1171,-1.0431344810164944,-0.0
1172,-1.0436522345132602,-0.0
1173,-1.0441633904582943,-0.0
1174,-1.0446679456203327,-0.0
1175,-1.0451658968099053,-0.0
1176,-1.0456572408786116,-0.0
1177,-1.0461419747209817,-0.0
1178,-1.046620095272445,-0.0
1179,-1.0470915995108072,-0.0
1180,-1.0475564844547733,-0.0
1181,-1.048014747166107,-0.0
1182,-1.0484663847476554,-0.0
1183,-1.0489113943443868,-0.0
1184,-1.049349773143092,-0.0
1185,-1.0497815183725123,-0.0
1186,-1.0502066273035382,-0.0
1187,-1.0506250972482292,-0.0
1188,-1.0510369255617462,-0.0
1189,-1.0514421096404902,-0.0
1190,-1.051840646923246,-0.0
1191,-1.052232534890031,-0.0
1192,-1.0526177710640852,-0.0
1193,-1.052996353009874,-0.0
1194,-1.0533682783341831,-0.0
1195,-1.0537335446858407,-0.0
1196,-1.0540921497557605,-0.0
1197,-1.0544440912772188,-0.0
1198,-1.0547893670247674,-0.0
1199,-1.0551279748163225,-0.0
1200,-1.0554599125110968,-0.0
1201,-1.055785178010936,-0.0
1202,-1.0561037692590958,-0.0
1203,-1.056415684242097,-0.0
1204,-1.0567209209879636,-0.0
1205,-1.057019477567124,-0.0
1206,-1.0573113520921922,-0.0
1207,-1.0575965427180947,-0.0
1208,-1.0578750476421206,-0.0
1209,-1.058146865103133,-0.0
1210,-1.0584119933833733,-0.0
1211,-1.0586704308065933,-0.0
1212,-1.0589221757392906,-0.0
1213,-1.0591672265894232,-0.0
1214,-1.0594055818084627,-0.0
1215,-1.0596372398894331,-0.0
1216,-1.0598621993678918,-0.0
1217,-1.0600804588217372,-0.0
1218,-1.0602920168711805,-0.0
1219,-1.0604968721790833,-0.0
1220,-1.0606950234498171,-0.0
1221,-1.0608864694313596,-0.0
1222,-1.061071208913237,-0.0
1223,-1.0612492407278147,-0.0
1224,-1.061420563749067,-0.0
1225,-1.0615851768945355,-0.0
1226,-1.0617430791234028,-0.0
1227,-1.0618942694374773,-0.0
1228,-1.0620387468810009,-0.0
1229,-1.0621765105406347,-0.0
1230,-1.0623075595456903,-0.0
1231,-1.0624318930671564,-0.0
1232,-1.0625495103196094,-0.0
1233,-1.0626604105593387,-0.0
1234,-1.0627645930854666,-0.0
1235,-1.0628620572388137,-0.0
1236,-1.0629528024038386,-0.0
1237,-1.063036828006675,-0.0
1238,-1.063114133516164,-0.0
1239,-1.0631847184435994,-0.0
1240,-1.06324858234278,-0.0
1241,-1.063305724810169,-0.0
1242,-1.063356145483966,-0.0
1243,-1.0633998440460024,-0.0
1244,-1.0634368202198425,-0.0
1245,-1.0634670737719247,-0.0
1246,-1.0634906045104362,-0.0
1247,-1.0635074122871873,-0.0
1248,-1.0635174969957395,-0.0
1249,-1.0635208585723404,0.0
1250,-1.0635174969957393,0.0
1251,-1.0635074122871875,0.0
1252,-1.063490604510624,0.0
1253,-1.0634670737717364,0.0
1254,-1.0634368202198425,0.0
1255,-1.0633998440460015,0.0
1256,-1.063356145484157,0.0
1257,-1.063305724809978,0.0
1258,-1.0632485823425935,0.0
1259,-1.0631847184437877,0.0
1260,-1.063114133516164,0.0
1261,-1.063036828006675,0.0
1262,-1.0629528024038368,0.0
1263,-1.0628620572390037,0.0
1264,-1.0627645930852747,0.0
1265,-1.0626604105593422,0.0
1266,-1.062549510319613,0.0
1267,-1.0624318930673375,0.0
1268,-1.062307559545502,0.0
1269,-1.06217651054045,0.0
1270,-1.0620387468811892,0.0
1271,-1.0618942694374773,0.0
1272,-1.0617430791234028,0.0
1273,-1.061585176894532,0.0
1274,-1.0614205637492589,0.0
1275,-1.0612492407276264,0.0
1276,-1.061071208913237,0.0
1277,-1.0608864694313525,0.0
1278,-1.0606950234500196,0.0
1279,-1.0604968721786996,0.0
1280,-1.0602920168711876,0.0
1281,-1.0600804588219077,0.0
1282,-1.059862199367899,0.0
1283,-1.0596372398894403,0.0
1284,-1.0594055818084627,0.0
1285,-1.059167226589608,0.0
1286,-1.0589221757390916,0.0
1287,-1.0586704308066075,0.0
1288,-1.0584119933833733,0.0
1289,-1.058146865103133,0.0
1290,-1.0578750476419287,0.0
1291,-1.0575965427181018,0.0
1292,-1.057311352092377,0.0
1293,-1.057019477567117,0.0
1294,-1.0567209209879636,0.0
1295,-1.0564156842421042,0.0
1296,-1.0561037692592805,0.0
1297,-1.0557851780107512,0.0
1298,-1.055459912511104,0.0
1299,-1.0551279748163012,0.0
1300,-1.0547893670247745,0.0
1301,-1.054444091277027,0.0
1302,-1.0540921497557676,0.0
1303,-1.0537335446858407,0.0
1304,-1.0533682783343679,0.0
1305,-1.0529963530100659,0.0
1306,-1.0526177710638933,0.0
1307,-1.0522325348902228,0.0
1308,-1.0518406469228694,0.0
1309,-1.051442109640682,0.0
1310,-1.0510369255617604,0.0
1311,-1.050625097248215,0.0
1312,-1.0502066273033535,0.0
1313,-1.0497815183727113,0.0
1314,-1.0493497731428931,0.0
1315,-1.0489113943445716,0.0
1316,-1.0484663847478402,0.0
1317,-1.048014747165908,0.0
1318,-1.0475564844549723,0.0
1319,-1.0470915995104235,0.0
1320,-1.0466200952726439,0.0
1321,-1.0461419747209675,0.0
1322,-1.0456572408786258,0.0
1323,-1.0451658968097348,0.0
1324,-1.0446679456205032,0.0
1325,-1.0441633904581238,0.0
1326,-1.0436522345134307,0.0
1327,-1.043134481016665,0.0
1328,-1.0426101332408564,0.0
1329,-1.0420791945018095,0.0
1330,-1.0415416681544372,0.0
1331,-1.0409975575982457,0.0
1332,-1.0404468662716084,0.0
1333,-1.039889597656483,0.0
1334,-1.0393257552755273,0.0
1335,-1.0387553426933351,0.0
1336,-1.0381783635150441,0.0
1337,-1.0375948213894048,0.0
1338,-1.0370047200042194,0.0
1339,-1.0364080630899224,0.0
1340,-1.0358048544193394,0.0
1341,-1.0351950978043476,0.0
1342,-1.034578797100977,0.0
1343,-1.0339559562040108,0.0
1344,-1.0333265790513195,0.0
1345,-1.032690669622113,0.0
1346,-1.0320482319354767,0.0
1347,-1.0313992700525745,0.0
1348,-1.0307437880771033,0.0
1349,-1.0300817901515131,0.0
1350,-1.0294132804608012,0.0
1351,-1.0287382632320572,0.0
1352,-1.028056742731053,0.0
1353,-1.0273687232675002,0.0
1354,-1.0266742091895082,0.0
1355,-1.0259732048881745,0.0
1356,-1.0252657147953101,0.0
1357,-1.0245517433826734,0.0
1358,-1.0238312951635464,0.0
1359,-1.0231043746935455,0.0
1360,-1.02237098656677,0.0
1361,-1.021631135419483,0.0
1362,-1.0208848259297554,0.0
1363,-1.0201320628140849,0.0
1364,-1.019372850832454,0.0
1365,-1.0186071947831863,0.0
1366,-1.0178350995068968,0.0
1367,-1.0170565698850424,0.0
1368,-1.016271610838217,0.0
1369,-1.0154802273287373,0.0
1370,-1.014682424360359,0.0
1371,-1.0138782069754484,0.0
1372,-1.0130675802579958,0.0
1373,-1.012250549333487,0.0
1374,-1.0114271193653792,0.0
1375,-1.0105972955604443,0.0
1376,-1.009761083163852,0.0
1377,-1.008918487461358,0.0
1378,-1.0080695137806117,0.0
1379,-1.0072141674875752,0.0
1380,-1.006352453989365,0.0
1381,-1.0054843787343941,0.0
1382,-1.0046099472093033,0.0
1383,-1.0037291649418307,0.0
1384,-1.0028420375010398,0.0
1385,-1.0019485704935391,0.0
1386,-1.0010487695687402,0.0
1387,-1.000142640414282,0.0
1388,-0.9992301887578208,0.0
1389,-0.9983114203687364,0.0
1390,-0.9973863410540957,0.0
1391,-0.9964549566618359,0.0
1392,-0.9955172730808215,0.0
1393,-0.9945732962377747,0.0
1394,-0.9936230321000608,0.0
1395,-0.992666486675688,0.0
1396,-0.9917036660110057,0.0
1397,-0.9907345761925797,0.0
1398,-0.9897592233469652,0.0
1399,-0.9887776136390869,0.0
1400,-0.9877897532756208,0.0
1401,-0.9867956485003049,0.0
1402,-0.9857953055975486,0.0
1403,-0.9847887308921486,0.0
1404,-0.983775930746134,0.0
1405,-0.9827569115620918,0.0
1406,-0.9817316797827402,0.0
1407,-0.9807002418884849,0.0
1408,-0.9796626043997776,0.0
1409,-0.9786187738763772,0.0
1410,-0.9775687569162983,0.0
1411,-0.9765125601584259,0.0
1412,-0.9754501902786785,0.0
1413,-0.9743816539928787,0.0
1414,-0.973306958056952,0.0
1415,-0.9722261092636586,0.0
1416,-0.9711391144456911,0.0
1417,-0.9700459804754473,0.0
1418,-0.9689467142627279,0.0
1419,-0.9678413227562146,0.0
1420,-0.9667298129449193,0.0
1421,-0.9656121918540066,0.0
1422,-0.9644884665499376,0.0
1423,-0.9633586441354396,0.0
1424,-0.9622227317529166,0.0
1425,-0.9610807365840799,0.0
1426,-0.9599326658469352,0.0
1427,-0.958778526799847,0.0
1428,-0.9576183267386398,0.0
1429,-0.9564520729979051,0.0
1430,-0.9552797729494387,0.0
1431,-0.9541014340051959,0.0
1432,-0.9529170636130004,0.0
1433,-0.9517266692610633,0.0
1434,-0.9505302584738331,0.0
1435,-0.9493278388143551,0.0
1436,-0.9481194178848966,0.0
1437,-0.9469050033235362,0.0
1438,-0.9456846028078303,0.0
1439,-0.9444582240525676,0.0
1440,-0.9432258748106221,0.0
1441,-0.9419875628717023,0.0
1442,-0.9407432960650794,0.0
1443,-0.9394930822552396,0.0
1444,-0.9382369293468003,0.0
1445,-0.9369748452796784,0.0
1446,-0.9357068380323028,0.0
1447,-0.9344329156214428,0.0
1448,-0.9331530860991393,0.0
1449,-0.9318673575567686,0.0
1450,-0.930575738121945,0.0
1451,-0.9292782359598277,0.0
1452,-0.9279748592722115,0.0
1453,-0.9266656162996298,0.0
1454,-0.9253505153172057,0.0
1455,-0.9240295646398806,0.0
1456,-0.9227027726171002,0.0
1457,-0.9213701476364236,0.0
1458,-0.9200316981230969,0.0
1459,-0.9186874325370695,0.0
1460,-0.9173373593770293,0.0
1461,-0.9159814871772767,0.0
1462,-0.9146198245094297,0.0
1463,-0.9132523799805767,0.0
1464,-0.9118791622363744,0.0
1465,-0.910500179956415,0.0
1466,-0.9091154418593703,0.0
1467,-0.9077249566980754,0.0
1468,-0.9063287332625691,0.0
1469,-0.904926780380265,0.0
1470,-0.9035191069124551,0.0
1471,-0.9021057217586019,0.0
1472,-0.9006866338538373,0.0
1473,-0.8992618521684221,0.0
1474,-0.8978313857090541,0.0
1475,-0.8963952435196916,0.0
1476,-0.8949534346778307,0.0
1477,-0.8935059682991096,0.0
1478,-0.8920528535329595,0.0
1479,-0.890594099565476,0.0
1480,-0.8891297156191058,0.0
1481,-0.8876597109500324,0.0
1482,-0.8861840948515862,0.0
1483,-0.8847028766524829,0.0
1484,-0.8832160657155725,0.0
1485,-0.8817236714398575,0.0
1486,-0.8802257032606349,0.0
1487,-0.8787221706461139,0.0
1488,-0.8772130831024469,0.0
1489,-0.8756984501684428,0.0
1490,-0.8741782814189776,0.0
1491,-0.8726525864648806,0.0
1492,-0.8711213749502633,0.0
1493,-0.8695846565545935,0.0
1494,-0.8680424409932925,0.0
1495,-0.8664947380148931,0.0
1496,-0.8649415574032844,0.0
1497,-0.8633829089778828,0.0
1498,-0.8618188025906761,0.0
1499,-0.8602492481305717,0.0
1500,-0.8586742555186788,0.0
1501,-0.8570938347116339,0.0
1502,-0.8555079957007194,0.0
1503,-0.8539167485107839,0.0
1504,-0.8523201032004408,0.0
1505,-0.8507180698640866,0.0
1506,-0.8491106586283763,0.0
1507,-0.8474978796546395,0.0
1508,-0.8458797431390792,0.0
1509,-0.8442562593096454,0.0
1510,-0.8426274384307817,0.0
1511,-0.8409932907981101,0.0
1512,-0.8393538267422969,0.0
1513,-0.8377090566278298,0.0
1514,-0.8360589908520524,0.0
1515,-0.8344036398455614,0.0
1516,-0.832743014073742,0.0
1517,-0.8310771240335839,0.0
1518,-0.829405980256297,0.0
1519,-0.8277295933068558,0.0
1520,-0.8260479737816127,0.0
1521,-0.82436113231239,0.0
1522,-0.8226690795614786,0.0
1523,-0.8209718262261276,0.0
1524,-0.8192693830354756,0.0
1525,-0.8175617607518575,0.0
1526,-0.8158489701695544,0.0
1527,-0.8141310221171807,0.0
1528,-0.8124079274538758,0.0
1529,-0.8106796970728283,0.0
1530,-0.8089463418996274,0.0
1531,-0.8072078728907854,0.0
1532,-0.8054643010376026,0.0
1533,-0.8037156373609378,0.0
1534,-0.8019618929157559,0.0
1535,-0.8002030787886838,0.0
1536,-0.798439206097953,0.0
1537,-0.796670285993855,0.0
1538,-0.7948963296595366,0.0
1539,-0.7931173483086127,0.0
1540,-0.7913333531868147,0.0
1541,-0.7895443555729571,0.0
1542,-0.7877503667750716,0.0
1543,-0.7859513981352961,0.0
1544,-0.7841474610249293,0.0
1545,-0.7823385668481251,0.0
1546,-0.7805247270401878,0.0
1547,-0.7787059530674583,0.0
1548,-0.7768822564269158,0.0
1549,-0.7750536486482815,0.0
1550,-0.7732201412903805,0.0
1551,-0.7713817459439269,0.0
1552,-0.7695384742314104,0.0
1553,-0.7676903378040834,0.0
1554,-0.765837348346281,0.0
1555,-0.7639795175707604,0.0
1556,-0.762116857222793,0.0
1557,-0.7602493790770382,0.0
1558,-0.7583770949390782,0.0
1559,-0.7565000166443383,0.0
1560,-0.7546181560597347,0.0
1561,-0.7527315250808897,0.0
1562,-0.7508401356345189,0.0
1563,-0.7489439996776923,0.0
1564,-0.7470431291961859,0.0
1565,-0.745137536207551,0.0
1566,-0.7432272327572491,0.0
1567,-0.7413122309218352,0.0
1568,-0.7393925428075363,0.0
1569,-0.7374681805494561,0.0
1570,-0.7355391563121998,0.0
1571,-0.733605482291523,0.0
1572,-0.7316671707101818,0.0
1573,-0.7297242338216847,0.0
1574,-0.7277766839090987,0.0
1575,-0.7258245332831166,0.0
1576,-0.723867794285411,0.0
1577,-0.7219064792849395,0.0
1578,-0.7199406006805589,0.0
1579,-0.717970170900287,0.0
1580,-0.7159952023997107,0.0
1581,-0.7140157076637479,0.0
1582,-0.7120316992067615,0.0
1583,-0.7100431895701149,0.0
1584,-0.7080501913243324,0.0
1585,-0.7060527170692126,0.0
1586,-0.7040507794308155,0.0
1587,-0.7020443910657832,0.0
1588,-0.7000335646566214,0.0
1589,-0.698018312915508,0.0
1590,-0.6959986485824743,0.0
1591,-0.6939745844239269,0.0
1592,-0.6919461332361152,0.0
1593,-0.6899133078417208,0.0
1594,-0.6878761210915627,0.0
1595,-0.6858345858639154,0.0
1596,-0.6837887150644519,0.0
1597,-0.6817385216264711,0.0
1598,-0.6796840185103292,0.0
1599,-0.677625218704236,0.0
1600,-0.67556213522181,0.0
1601,-0.6734947811071379,0.0
1602,-0.6714231694272144,0.0
1603,-0.6693473132789336,0.0
1604,-0.6672672257848262,0.0
1605,-0.6651829200944803,0.0
1606,-0.6630944093839162,0.0
1607,-0.6610017068558136,0.0
1608,-0.6589048257396826,0.0
1609,-0.6568037792907262,0.0
1610,-0.6546985807914893,0.0
1611,-0.6525892435491869,0.0
1612,-0.6504757808997965,0.0
1613,-0.6483582062022037,0.0
1614,-0.6462365328437158,0.0
1615,-0.6441107742364807,0.0
1616,-0.641980943818794,0.0
1617,-0.639847055054588,0.0
1618,-0.637709121433204,0.0
1619,-0.6355671564702448,0.0
1620,-0.6334211737058695,0.0
1621,-0.6312711867067264,0.0
1622,-0.6291172090630539,0.0
1623,-0.626959254393114,0.0
1624,-0.6247973363369965,0.0
1625,-0.6226314685623038,0.0
1626,-0.6204616647612511,0.0
1627,-0.6182879386491322,0.0
1628,-0.6161103039685827,0.0
1629,-0.613928774485089,0.0
1630,-0.6117433639896035,0.0
1631,-0.6095540862975213,0.0
1632,-0.6073609552486801,0.0
1633,-0.6051639847062233,0.0
1634,-0.6029631885602953,0.0
1635,-0.6007585807216174,0.0
1636,-0.5985501751277411,0.0
1637,-0.5963379857397513,0.0
1638,-0.5941220265411289,0.0
1639,-0.5919023115411051,0.0
1640,-0.5896788547715914,0.0
1641,-0.5874516702882033,0.0
1642,-0.5852207721706577,0.0
1643,-0.5829861745216931,0.0
1644,-0.5807478914669559,0.0
1645,-0.5785059371572174,0.0
1646,-0.5762603257639967,0.0
1647,-0.5740110714834827,0.0
1648,-0.5717581885355116,0.0
1649,-0.5695016911603261,0.0
1650,-0.5672415936236916,0.0
1651,-0.56497791021269,0.0
1652,-0.562710655237538,0.0
1653,-0.5604398430307924,0.0
1654,-0.5581654879478606,0.0
1655,-0.55588760436558,0.0
1656,-0.5536062066847762,0.0
1657,-0.5513213093274203,0.0
1658,-0.5490329267365155,0.0
1659,-0.546741073380133,0.0
1660,-0.544445763744875,0.0
1661,-0.5421470123416725,0.0
1662,-0.5398448337019204,0.0
1663,-0.5375392423795233,0.0
1664,-0.5352302529486224,0.0
1665,-0.5329178800068348,0.0
1666,-0.5306021381709343,0.0
1667,-0.5282830420812274,0.0
1668,-0.5259606063975752,0.0
1669,-0.5236348458008706,0.0
1670,-0.5213057749950281,0.0
1671,-0.518973408702152,0.0
1672,-0.5166377616673117,0.0
1673,-0.5142988486553008,0.0
1674,-0.5119566844520023,0.0
1675,-0.5096112838629097,0.0
1676,-0.5072626617159699,0.0
1677,-0.5049108328568082,0.0
1678,-0.5025558121539575,0.0
1679,-0.5001976144944251,0.0
1680,-0.49783625478517024,0.0
1681,-0.4954717479551505,0.0
1682,-0.49310410895049017,0.0
1683,-0.49073335273931207,0.0
1684,-0.48835949430809933,0.0
1685,-0.48598254866391244,0.0
1686,-0.4836025308320018,0.0
1687,-0.48121945585899084,0.0
1688,-0.4788333388090109,0.0
1689,-0.47644419476631583,0.0
1690,-0.47405203883425884,0.0
1691,-0.4716568861344399,0.0
1692,-0.46925875180920684,0.0
1693,-0.46685765101761945,0.0
1694,-0.46445359893886007,0.0
1695,-0.4620466107702441,0.0
1696,-0.4596367017282432,0.0
1697,-0.45722388704638206,0.0
1698,-0.4548081819786489,0.0
1699,-0.452389601795403,0.0
1700,-0.44996816178621657,0.0
1701,-0.44754387725851075,0.0
1702,-0.4451167635371007,0.0
1703,-0.44268683596635583,0.0
1704,-0.4402541099059363,0.0
1705,-0.43781860073562484,0.0
1706,-0.435380323851291,0.0
1707,-0.4329392946667667,0.0
1708,-0.4304955286132781,0.0
1709,-0.4280490411394453,0.0
1710,-0.4255998477108278,0.0
1711,-0.4231479638103792,0.0
1712,-0.42069340493799245,0.0
1713,-0.4182361866097608,0.0
1714,-0.4157763243604222,0.0
1715,-0.413313833739096,0.0
1716,-0.4108487303133188,0.0
1717,-0.4083810296663728,0.0
1718,-0.40591074739785427,0.0
1719,-0.4034378991241283,0.0
1720,-0.40096250047747617,0.0
1721,-0.3984845671062658,0.0
1722,-0.3960041146754065,0.0
1723,-0.39352115886487127,0.0
1724,-0.39103571537083326,0.0
1725,-0.3885477999060072,0.0
1726,-0.38605742819703437,0.0
1727,-0.3835646159877797,0.0
1728,-0.3810693790363757,0.0
1729,-0.37857173311704173,0.0
1730,-0.3760716940186626,0.0
1731,-0.3735692775455277,0.0
1732,-0.37106449951699005,0.0
1733,-0.368557375767125,0.0
1734,-0.3660479221452988,0.0
1735,-0.36353615451452015,0.0
1736,-0.3610220887542255,0.0
1737,-0.3585057407564136,0.0
1738,-0.355987126428829,0.0
1739,-0.35346626169325646,0.0
1740,-0.35094316248540736,0.0
1741,-0.34841784475526083,0.0
1742,-0.34589032446700685,0.0
1743,-0.34336061759864833,0.0
1744,-0.3408287401417738,0.0
1745,-0.33829470810218254,0.0
1746,-0.33575853749846374,0.0
1747,-0.3332202443641563,0.0
1748,-0.33067984474450896,0.0
1749,-0.3281373546992654,0.0
1750,-0.32559279030112975,0.0
1751,-0.32304616763553895,0.0
1752,-0.32049750280151557,0.0
1753,-0.3179468119104172,0.0
1754,-0.31539411108690274,0.0
1755,-0.3128394164680799,0.0
1756,-0.31028274420373236,0.0
1757,-0.3077241104558084,0.0
1758,-0.3051635313996144,0.0
1759,-0.3026010232213139,0.0
1760,-0.30003660212065597,0.0
1761,-0.29747028430875844,0.0
1762,-0.2949020860085625,0.0
1763,-0.2923320234556286,0.0
1764,-0.2897601128965448,0.0
1765,-0.28718637059000685,0.0
1766,-0.2846108128061928,0.0
1767,-0.28203345582682005,0.0
1768,-0.27945431594451975,0.0
1769,-0.2768734094642582,0.0
1770,-0.27429075270094927,0.0
1771,-0.27170636198121656,0.0
1772,-0.26912025364276815,0.0
1773,-0.26653244403360077,0.0
1774,-0.2639429495131935,0.0
1775,-0.2613517864509163,0.0
1776,-0.25875897122745073,0.0
1777,-0.25616452023314196,0.0
1778,-0.25356844986947635,0.0
1779,-0.25097077654726263,0.0
1780,-0.24837151668862134,0.0
1781,-0.24577068672437008,0.0
1782,-0.24316830309624038,0.0
1783,-0.2405643822555703,0.0
1784,-0.23795894066296341,0.0
1785,-0.23535199478936875,0.0
1786,-0.23274356111448924,0.0
1787,-0.23013365612814596,0.0
1788,-0.22752229632880017,0.0
1789,-0.2249094982246902,0.0
1790,-0.22229527833252405,0.0
1791,-0.21967965317884364,0.0
1792,-0.21706263929814895,0.0
1793,-0.214444253234376,0.0
1794,-0.21182451153987358,0.0
1795,-0.20920343077551706,0.0
1796,-0.2065810275109925,0.0
1797,-0.20395731832365982,0.0
1798,-0.2013323197999739,0.0
1799,-0.1987060485338361,0.0
1800,-0.19607852112767432,0.0
1801,-0.1934497541914766,0.0
1802,-0.1908197643435301,0.0
1803,-0.18818856820922747,0.0
1804,-0.18555618242214678,0.0
1805,-0.1829226236231989,0.0
1806,-0.18028790846068432,0.0
1807,-0.17765205359006586,0.0
1808,-0.17501507567430963,0.0
1809,-0.17237699138331664,0.0
1810,-0.1697378173939228,0.0
1811,-0.1670975703901263,0.0
1812,-0.16445626706212124,0.0
1813,-0.16181392410766193,0.0
1814,-0.15917055823024384,0.0
1815,-0.1565261861402405,0.0
1816,-0.15388082455433505,0.0
1817,-0.15123449019540658,0.0
1818,-0.14858719979270063,0.0
1819,-0.14593897008109025,0.0
1820,-0.1432898178017581,0.0
1821,-0.14063975970151432,0.0
1822,-0.13798881253308082,0.0
1823,-0.13533699305440905,0.0
1824,-0.13268431802970326,0.0
1825,-0.1300308042276015,0.0
1826,-0.1273764684229377,0.0
1827,-0.12472132739515018,0.0
1828,-0.12206539792913418,0.0
1829,-0.11940869681450295,0.0
1830,-0.11675124084575828,0.0
1831,-0.11409304682263155,0.0
1832,-0.1114341315487195,0.0
1833,-0.10877451183296216,0.0
1834,-0.10611420448816489,0.0
1835,-0.10345322633196474,0.0
1836,-0.10079159418569361,0.0
1837,-0.09812932487551507,0.0
1838,-0.0954664352308896,0.0
1839,-0.09280294208565465,0.0
1840,-0.090138862277513,0.0
1841,-0.08747421264729383,0.0
1842,-0.08480901004043062,0.0
1843,-0.08214327130468746,0.0
1844,-0.07947701329231904,0.0
1845,-0.07681025285779697,0.0
1846,-0.07414300685979924,0.0
1847,-0.07147529215927761,0.0
1848,-0.06880712562065128,0.0
1849,-0.06613852411089738,0.0
1850,-0.0634695044997784,0.0
1851,-0.06080008365995582,0.0
1852,-0.05813027846630803,0.0
1853,-0.05546010579632821,0.0
1854,-0.05278958252972643,0.0
1855,-0.05011872554848651,0.0
1856,-0.047447551736809146,0.0
1857,-0.04477607798060035,0.0
1858,-0.042104321167983016,0.0
1859,-0.03943229818878535,0.0
1860,-0.036760025934256646,0.0
1861,-0.03408752129757886,0.0
1862,-0.0314148011732982,0.0
1863,-0.02874188245715459,0.0
1864,-0.02606878204642271,0.0
1865,-0.023395516839116226,0.0
1866,-0.02072210373495409,0.0
1867,-0.018048559633712102,0.0
1868,-0.015374901436814525,0.0
1869,-0.012701146046026679,0.0
1870,-0.010027310363511788,0.0
1871,-0.007353411292399414,0.0
1872,-0.004679465735989652,0.0
1873,-0.0020054905979236537,0.0
1874,0.0006684972181574267,0.0
1875,0.003342480808214532,0.0
1876,0.006016443268379135,0.0
1877,0.008690367695123768,0.0
1878,0.011364237184693593,0.0
1879,0.014038034834300106,0.0
1880,0.01671174374092743,0.0
1881,0.01938534700263972,0.0
1882,0.02205882771789902,0.0
1883,0.024732168986190572,0.0
1884,0.027405353907454355,0.0
1885,0.030078365583165123,0.0
1886,0.03275118711542291,0.0
1887,0.03542380160780567,0.0
1888,0.03809619216519877,0.0
1889,0.04076834189345391,0.0
1890,0.0434402339008102,0.0
1891,0.046111851296302575,0.0
1892,0.04878317719118286,0.0
1893,0.0514541946981808,0.0
1894,0.05412488693252726,0.0
1895,0.05679523701087419,0.0
1896,0.059465228052602015,0.0
1897,0.062134843178853316,0.0
1898,0.06480406551349915,0.0
1899,0.0674728781829117,0.0
1900,0.07014126431556633,0.0
1901,0.07280920704340588,0.0
1902,0.07547668950059006,0.0
1903,0.07814369482412076,0.0
1904,0.08081020615475154,0.0
1905,0.0834762066355097,0.0
1906,0.0861416794130605,0.0
1907,0.08880660763742299,0.0
1908,0.09147097446196994,0.0
1909,0.09413476304359847,0.0
1910,0.09679795654295731,0.0
1911,0.0994605381243332,0.0
1912,0.10212249095604875,0.0
1913,0.10478379821029193,0.0
1914,0.10744444306311607,0.0
1915,0.11010440869546301,0.0
1916,0.11276367829145784,0.0
1917,0.11542223504090998,0.0
1918,0.11808006213703948,0.0
1919,0.12073714277829595,0.0
1920,0.12339346016773334,0.0
1921,0.1260489975130099,0.0
1922,0.12870373802701351,0.0
1923,0.1313576649274637,0.0
1924,0.1340107614374233,0.0
1925,0.13666301078484366,0.0
1926,0.13931439620358788,0.0
1927,0.1419649009323507,0.0
1928,0.1446145082158523,0.0
1929,0.14726320130426984,0.0
1930,0.14991096345380583,0.0
1931,0.1525577779261198,0.0
1932,0.15520362798918086,0.0
1933,0.15784849691715408,0.0
1934,0.16049236799000255,0.0
1935,0.16313522449451057,0.0
1936,0.16577704972314677,0.0
1937,0.16841782697588314,0.0
1938,0.17105753955831915,0.0
1939,0.17369617078361443,0.0
1940,0.17633370397106773,0.0
1941,0.17897012244765165,0.0
1942,0.1816054095465347,0.0
1943,0.1842395486088435,0.0
1944,0.1868725229824122,0.0
1945,0.1895043160226919,0.0
1946,0.19213491109263714,0.0
1947,0.19476429156225095,0.0
1948,0.1973924408104608,0.0
1949,0.20001934222216278,0.0
1950,0.20264497919202995,0.0
1951,0.20526933512115875,0.0
1952,0.20789239341991106,0.0
1953,0.21051413750603842,0.0
1954,0.21313455080604626,0.0
1955,0.21575361675485283,0.0
1956,0.21837131879550498,0.0
1957,0.22098764038031504,0.0
1958,0.22360256496932607,0.0
1959,0.22621607603275606,0.0
1960,0.22882815704855375,0.0
1961,0.23143879150433122,0.0
1962,0.23404796289668184,0.0
1963,0.23665565473152128,0.0
1964,0.2392618505240307,0.0
1965,0.24186653379894096,0.0
1966,0.24446968809030523,0.0
1967,0.24707129694223795,0.0
1968,0.2496713439084033,0.0
1969,0.25226981255195824,0.0
1970,0.25486668644708743,0.0
1971,0.2574619491767862,0.0
1972,0.26005558433519127,0.0
1973,0.26264757552627316,0.0
1974,0.26523790636446165,0.0
1975,0.26782656047481623,0.0
1976,0.2704135214928556,0.0
1977,0.2729987730647281,0.0
1978,0.2755822988477803,0.0
1979,0.2781640825098748,0.0
1980,0.28074410772961755,0.0
1981,0.2833223581979496,0.0
1982,0.28589881761541847,0.0
1983,0.2884734696951341,0.0
1984,0.291046298160893,0.0
1985,0.2936172867485993,0.0
1986,0.2961864192052417,0.0
1987,0.29875367928991636,0.0
1988,0.3013190507733725,0.0
1989,0.3038825174385238,0.0
1990,0.3064440630799936,0.0
1991,0.30900367150439934,0.0
1992,0.31156132653188706,0.0
1993,0.31411701199277786,0.0
1994,0.3166707117319447,0.0
1995,0.3192224096056293,0.0
1996,0.3217720894829199,0.0
1997,0.3243197352458651,0.0
1998,0.3268653307892464,0.0
1999,0.3294088600209193,0.0
2000,0.3319503068614722,0.0
2001,0.33448965524524965,0.0
2002,0.3370268891189312,0.0
2003,0.33956199244408936,0.0
2004,0.34209494919366534,0.0
2005,0.34462574335617546,0.0
2006,0.34715435893264157,0.0
2007,0.3496807799381827,0.0
2008,0.3522049904018445,0.0
2009,0.35472697436642875,0.0
2010,0.3572467158890049,0.0
2011,0.35976419904102386,0.0
2012,0.3622794079078062,0.0
2013,0.3647923265887698,0.0
2014,0.36730293919919177,0.0
2015,0.36981122986696846,0.0
2016,0.372317182736424,0.0
2017,0.3748207819655818,0.0
2018,0.37732201172775603,0.0
2019,0.37982085621132455,0.0
2020,0.38231729961927385,0.0
2021,0.3848113261704498,0.0
2022,0.3873029200983069,0.0
2023,0.38979206565238655,0.0
2024,0.39227874709644084,0.0
2025,0.3947629487120139,0.0
2026,0.39724465479372384,0.0
2027,0.39972384965381025,0.0
2028,0.40220051761974673,0.0
2029,0.40467464303503675,0.0
2030,0.4071462102590431,0.0
2031,0.4096152036678973,0.0
2032,0.41208160765319235,0.0
2033,0.41454540662363115,0.0
2034,0.4170065850040032,0.0
2035,0.4194651272351848,0.0
2036,0.4219210177763557,0.0
2037,0.42437424110124766,0.0
2038,0.4268247817021802,0.0
2039,0.4292726240876732,0.0
2040,0.4317177527835838,0.0
2041,0.43416015233242433,0.0
2042,0.4365998072947832,0.0
2043,0.4390367022477335,0.0
2044,0.44147082178648134,0.0
2045,0.44390215052339954,0.0
2046,0.44633067308831187,0.0
2047,0.44875637412985725,0.0
2048,0.4511792383127613,0.0
2049,0.45359925032130377,0.0
2050,0.45601639485681744,0.0
2051,0.4584306566393934,0.0
2052,0.4608420204066306,0.0
2053,0.4632504709152272,0.0
2054,0.46565599293973037,0.0
2055,0.46805857127333184,0.0
2056,0.47045819072820905,0.0
2057,0.4728548361342746,0.0
2058,0.475248492341791,0.0
2059,0.4776391442182444,0.0
2060,0.4800267766512434,0.0
2061,0.48241137454721184,0.0
2062,0.48479292283150244,0.0
2063,0.4871714064488515,0.0
2064,0.48954681036371994,0.0
2065,0.4919191195595545,0.0
2066,0.4942883190395264,0.0
2067,0.496654393826816,0.0
2068,0.499017328963248,0.0
2069,0.501377109512589,0.0
2070,0.5037337205559425,0.0
2071,0.5060871471964674,0.0
2072,0.5084373745569906,0.0
2073,0.5107843877793812,0.0
2074,0.5131281720275638,0.0
2075,0.5154687124848465,0.0
2076,0.5178059943551716,0.0
2077,0.5201400028632293,0.0
2078,0.5224707232546848,0.0
2079,0.5247981407947009,0.0
2080,0.5271222407716323,0.0
2081,0.5294430084921942,0.0
2082,0.5317604292859528,0.0
2083,0.5340744885037338,0.0
2084,0.5363851715157466,0.0
2085,0.5386924637156199,0.0
2086,0.5409963505172755,0.0
2087,0.54329681735652,0.0
2088,0.5455938496908175,0.0
2089,0.547887432999346,0.0
2090,0.5501775527822588,0.0
2091,0.5524641945634698,0.0
2092,0.5547473438868451,0.0
2093,0.5570269863193857,0.0
2094,0.559303107450944,0.0
2095,0.5615756928913243,0.0
2096,0.5638447282753987,0.0
2097,0.5661101992586168,0.0
2098,0.5683720915198478,0.0
2099,0.5706303907601296,0.0
2100,0.5728850827035785,0.0
2101,0.5751361530964232,0.0
2102,0.5773835877091642,0.0
2103,0.5796273723340164,0.0
2104,0.5818674927859888,0.0
2105,0.5841039349053858,0.0
2106,0.5863366845528617,0.0
2107,0.5885657276146503,0.0
2108,0.5907910499995523,0.0
2109,0.5930126376399585,0.0
2110,0.5952304764916221,0.0
2111,0.597444552534796,0.0
2112,0.5996548517720157,0.0
2113,0.601861360231851,0.0
2114,0.6040640639650974,0.0
2115,0.6062629490463678,0.0
2116,0.6084580015768779,0.0
2117,0.6106492076787617,0.0
2118,0.6128365535009834,0.0
2119,0.615020025215756,0.0
2120,0.6171996090201901,0.0
2121,0.6193752911356114,0.0
2122,0.6215470578084137,0.0
2123,0.6237148953094334,0.0
2124,0.6258787899346316,0.0
2125,0.6280387280046966,0.0
2126,0.6301946958646454,0.0
2127,0.6323466798869504,0.0
2128,0.6344946664659119,0.0
2129,0.6366386420237404,0.0
2130,0.6387785930069754,0.0
2131,0.6409145058874515,0.0
2132,0.6430463671630946,0.0
2133,0.6451741633568986,0.0
2134,0.6472978810178915,0.0
2135,0.649417506720738,0.0
2136,0.651533027066364,0.0
2137,0.6536444286801384,0.0
2138,0.6557516982164202,0.0
2139,0.6578548223522489,0.0
2140,0.6599537877933699,0.0
2141,0.6620485812708807,0.0
2142,0.6641391895421407,0.0
2143,0.6662255993913391,0.0
2144,0.66830779762887,0.0
2145,0.6703857710920715,0.0
2146,0.6724595066447705,0.0
2147,0.6745289911777377,0.0
2148,0.6765942116077781,0.0
2149,0.6786551548809143,0.0
2150,0.6807118079669863,0.0
2151,0.682764157865904,0.0
2152,0.6848121916029299,0.0
2153,0.6868558962314637,0.0
2154,0.6888952588319057,0.0
2155,0.6909302665121686,0.0
2156,0.6929609064079045,0.0
2157,0.6949871656821642,0.0
2158,0.6970090315259654,0.0
2159,0.6990264911568147,0.0
2160,0.701039531823028,0.0
2161,0.7030481407970797,0.0
2162,0.7050523053825373,0.0
2163,0.7070520129094575,0.0
2164,0.709047250736603,0.0
2165,0.7110380062507602,0.0
2166,0.713024266867194,0.0
2167,0.7150060200297048,0.0
2168,0.7169832532101736,0.0
2169,0.7189559539099264,0.0
2170,0.7209241096569485,0.0
2171,0.7228877080114557,0.0
2172,0.7248467365583906,0.0
2173,0.7268011829146417,0.0
2174,0.7287510347246666,0.0
2175,0.7306962796623111,0.0
2176,0.7326369054306383,0.0
2177,0.7345728997615879,0.0
2178,0.7365042504166581,0.0
2179,0.7384309451866784,0.0
2180,0.7403529718920936,0.0
2181,0.7422703183815997,0.0
2182,0.7441829725361799,0.0
2183,0.7460909222630789,0.0
2184,0.7479941555021696,0.0
2185,0.7498926602214624,0.0
2186,0.7517864244195493,0.0
2187,0.7536754361246949,0.0
2188,0.7555596833955747,0.0
2189,0.7574391543203092,0.0
2190,0.7593138370180554,0.0
2191,0.7611837196376996,0.0
2192,0.7630487903579137,0.0
2193,0.7649090373901117,0.0
2194,0.7667644489725944,0.0
2195,0.7686150133775413,0.0
2196,0.7704607189060084,0.0
2197,0.7723015538899745,0.0
2198,0.7741375066929095,0.0
2199,0.7759685657081832,0.0
2200,0.7777947193607133,0.0
2201,0.7796159561065679,0.0
2202,0.7814322644324534,0.0
2203,0.7832436328556014,0.0
2204,0.7850500499270652,0.0
2205,0.7868515042254103,0.0
2206,0.7886479843639336,0.0
2207,0.7904394789853768,0.0
2208,0.7922259767648825,0.0
2209,0.794007466408857,0.0
2210,0.7957839366554254,0.0
2211,0.7975553762743743,0.0
2212,0.7993217740675505,0.0
2213,0.8010831188685756,0.0
2214,0.8028393995419947,0.0
2215,0.8045906049871405,0.0
2216,0.8063367241317678,0.0
2217,0.8080777459384194,0.0
2218,0.8098136594012431,0.0
2219,0.8115444535459915,0.0
2220,0.8132701174317276,0.0
2221,0.8149906401491194,0.0
2222,0.8167060108220312,0.0
2223,0.8184162186062736,0.0
2224,0.8201212526911945,0.0
2225,0.8218211022968376,0.0
2226,0.8235157566795124,0.0
2227,0.825205205124405,0.0
2228,0.8268894369525128,0.0
2229,0.828568441516552,0.0
2230,0.8302422082026055,0.0
2231,0.8319107264296122,0.0
2232,0.8335739856500481,0.0
2233,0.8352319753493589,0.0
2234,0.8368846850463001,0.0
2235,0.8385321042937903,0.0
2236,0.8401742226757847,0.0
2237,0.8418110298139254,0.0
2238,0.8434425153587313,0.0
2239,0.8450686689978397,0.0
2240,0.8466894804511185,0.0
2241,0.8483049394722855,0.0
2242,0.84991503584925,0.0
2243,0.8515197594034021,0.0
2244,0.8531190999905505,0.0
2245,0.854713047500212,0.0
2246,0.8563015918562655,0.0
2247,0.8578847230156157,0.0
2248,0.8594624309722576,0.0
2249,0.8610347057504839,0.0
2250,0.862601537412246,0.0
2251,0.8641629160522939,0.0
2252,0.8657188318003932,0.0
2253,0.8672692748203872,0.0
2254,0.8688142353112198,0.0
2255,0.8703537035061686,0.0
2256,0.8718876696732991,0.0
2257,0.8734161241160336,0.0
2258,0.8749390571704794,0.0
2259,0.8764564592117381,0.0
2260,0.8779683206451239,0.0
2261,0.8794746319144906,0.0
2262,0.8809753834972298,0.0
2263,0.882470565906118,0.0
2264,0.8839601696894874,0.0
2265,0.8854441854302877,0.0
2266,0.8869226037473936,0.0
2267,0.8883954152948093,0.0
2268,0.8898626107622363,0.0
2269,0.8913241808735393,0.0
2270,0.8927801163912932,0.0
2271,0.8942304081096495,0.0
2272,0.8956750468614132,0.0
2273,0.8971140235141775,0.0
2274,0.8985473289710626,0.0
2275,0.8999749541713982,0.0
2276,0.9013968900902967,0.0
2277,0.9028131277387672,0.0
2278,0.904223658164085,0.0
2279,0.9056284724496493,0.0
2280,0.90702756171342,0.0
2281,0.9084209171133466,0.0
2282,0.9098085298388696,0.0
2283,0.9111903911192769,0.0
2284,0.9125664922187866,0.0
2285,0.9139368244381103,0.0
2286,0.9153013791146805,0.0
2287,0.9166601476222809,0.0
2288,0.9180131213712741,0.0
2289,0.919360291808772,0.0
2290,0.9207016504187777,0.0
2291,0.922037188720509,0.0
2292,0.9233668982734287,0.0
2293,0.9246907706694287,0.0
2294,0.9260087975405042,0.0
2295,0.9273209705555132,0.0
2296,0.9286272814175902,0.0
2297,0.9299277218699444,0.0
2298,0.9312222836914543,0.0
2299,0.9325109586984013,0.0
2300,0.9337937387442707,0.0
2301,0.9350706157202922,0.0
2302,0.9363415815530232,0.0
2303,0.9376066282104318,0.0
2304,0.9388657476930007,0.0
2305,0.9401189320420826,0.0
2306,0.9413661733365473,0.0
2307,0.942607463689825,0.0
2308,0.9438427952563302,0.0
2309,0.9450721602265162,0.0
2310,0.9462955508286655,0.0
2311,0.9475129593291456,0.0
2312,0.9487243780322387,0.0
2313,0.94992979927855,0.0
2314,0.9511292154502087,0.0
2315,0.9523226189626541,0.0
2316,0.9535100022726226,0.0
2317,0.9546913578750207,0.0
2318,0.9558666782997705,0.0
2319,0.9570359561182897,0.0
2320,0.9581991839385182,0.0
2321,0.9593563544070776,0.0
2322,0.9605074602086461,0.0
2323,0.9616524940668967,0.0
2324,0.9627914487419105,0.0
2325,0.9639243170358327,0.0
2326,0.9650510917859378,0.0
2327,0.9661717658683244,0.0
2328,0.9672863322008425,0.0
2329,0.9683947837352775,0.0
2330,0.9694971134659056,0.0
2331,0.970593314423752,0.0
2332,0.9716833796791775,0.0
2333,0.9727673023411398,0.0
2334,0.9738450755579038,0.0
2335,0.9749166925148529,0.0
2336,0.975982146439776,0.0
2337,0.9770414305961026,0.0
2338,0.9780945382865411,0.0
2339,0.9791414628562052,0.0
2340,0.9801821976843996,0.0
2341,0.9812167361933746,0.0
2342,0.9822450718428399,0.0
2343,0.9832671981321255,0.0
2344,0.9842831085997545,0.0
2345,0.9852927968234724,0.0
2346,0.986296256420502,0.0
2347,0.9872934810474021,0.0
2348,0.9882844644003512,0.0
2349,0.9892692002134709,0.0
2350,0.9902476822640551,0.0
2351,0.9912199043640442,0.0
2352,0.9921858603688634,0.0
2353,0.9931455441718526,0.0
2354,0.9940989497061707,0.0
2355,0.9950460709448521,0.0
2356,0.9959869019004657,0.0
2357,0.9969214366255414,0.0
2358,0.9978496692123144,0.0
2359,0.9987715937932649,0.0
2360,0.9996872045387875,0.0
2361,1.000596495663416,0.0
2362,1.0014994614163868,0.0
2363,1.002396096090962,0.0
2364,1.0032863940186303,0.0
2365,1.0041703495712397,0.0
2366,1.0050479571608548,0.0
2367,1.0059192112395294,0.0
2368,1.0067841062995626,0.0
2369,1.0076426368734133,0.0
2370,1.0084947975341834,0.0
2371,1.0093405828934578,0.0
2372,1.0101799876069606,0.0
2373,1.0110130063657436,0.0
2374,1.0118396339054243,0.0
2375,1.012659864999847,0.0
2376,1.0134736944638973,0.0
2377,1.0142811171529758,0.0
2378,1.0150821279627138,0.0
2379,1.0158767218295708,0.0
2380,1.016664893730308,0.0
2381,1.017446638682955,0.0
2382,1.018221951744053,0.0
2383,1.0189908280149353,0.0
2384,1.0197532626325767,0.0
2385,1.0205092507786162,0.0
2386,1.0212587876736023,0.0
2387,1.022001868579295,0.0
2388,1.0227384887982112,0.0
2389,1.023468643673766,0.0
2390,1.0241923285901748,0.0
2391,1.0249095389726222,0.0
2392,1.0256202702875186,0.0
2393,1.0263245180404823,0.0
2394,1.0270222777820806,0.0
2395,1.0277135450988055,0.0
2396,1.0283983156221979,0.0
2397,1.0290765850230201,0.0
2398,1.029748349013616,0.0
2399,1.0304136033472417,0.0
2400,1.0310723438184937,0.0
2401,1.0317245662630654,0.0
2402,1.0323702665578907,0.0
2403,1.0330094406214414,0.0
2404,1.0336420844116532,0.0
2405,1.0342681939317941,0.0
2406,1.0348877652212707,0.0
2407,1.0355007943648502,0.0
2408,1.0361072774869058,0.0
2409,1.0367072107533772,0.0
2410,1.0373005903718564,0.0
2411,1.0378874125911466,0.0
2412,1.0384676737016463,0.0
2413,1.0390413700351218,0.0
2414,1.039608497965304,0.0
2415,1.0401690539055437,0.0
2416,1.0407230343148512,0.0
2417,1.0412704356885172,0.0
2418,1.0418112545676905,0.0
2419,1.0423454875330123,0.0
2420,1.0428731312074149,0.0
2421,1.043394182255227,0.0
2422,1.0439086373826996,0.0
2423,1.044416493337522,0.0
2424,1.04491774690932,0.0
2425,1.0454123949296985,0.0
2426,1.0459004342702514,0.0
2427,1.0463818618483316,0.0
2428,1.0468566746179704,0.0
2429,1.0473248695791142,0.0
2430,1.0477864437715567,0.0
2431,1.0482413942775395,0.0
2432,1.0486897182209276,0.0
2433,1.0491314127676787,0.0
2434,1.0495664751255163,0.0
2435,1.0499949025442135,0.0
2436,1.0504166923157214,0.0
2437,1.0508318417722364,0.0
2438,1.0512403482919126,0.0
2439,1.05164220928976,0.0
2440,1.0520374222268032,0.0
2441,1.052425984604362,0.0
2442,1.0528078939660759,0.0
2443,1.0531831478976486,0.0
2444,1.0535517440268904,0.0
2445,1.0539136800237046,0.0
2446,1.0542689536000225,0.0
2447,1.0546175625103658,0.0
2448,1.0549595045494726,0.0
2449,1.0552947775583021,0.0
2450,1.0556233794148113,0.0
2451,1.0559453080432064,0.0
2452,1.0562605614079885,0.0
2453,1.056569137516263,0.0
2454,1.056871034417334,0.0
2455,1.0571662502027266,0.0
2456,1.0574547830062073,0.0
2457,1.0577366310037988,0.0
2458,1.0580117924141277,0.0
2459,1.0582802654962435,0.0
2460,1.0585420485555872,0.0
2461,1.0587971399346472,0.0
2462,1.059045538022339,0.0
2463,1.0592872412480219,0.0
2464,1.0595222480837236,0.0
2465,1.0597505570438557,0.0
2466,1.0599721666851138,0.0
2467,1.060187075606585,0.0
2468,1.06039528244969,0.0
2469,1.0605967858986105,0.0
2470,1.0607915846780287,0.0
2471,1.0609796775591107,0.0
2472,1.0611610633502018,0.0
2473,1.0613357409061521,0.0
2474,1.0615037091223307,0.0
2475,1.0616649669369238,0.0
2476,1.0618195133305193,0.0
2477,1.061967347326135,0.0
2478,1.0621084679892299,0.0
2479,1.0622428744276888,0.0
2480,1.0623705657922216,0.0
2481,1.0624915412741238,0.0
2482,1.0626058001112533,0.0
2483,1.0627133415786894,0.0
2484,1.0628141649981,0.0
2485,1.0629082697317394,0.0
2486,1.062995655184725,0.0
2487,1.063076320804626,0.0
2488,1.0631502660815233,0.0
2489,1.0632174905479506,0.0
2490,1.0632779937789518,0.0
2491,1.0633317753924159,0.0
2492,1.0633788350468638,0.0
2493,1.0634191724474285,0.0
2494,1.063452787336482,0.0
2495,1.063479679503029,0.0
2496,1.0634998487766918,0.0
2497,1.063513295029969,0.0
2498,1.063520018177858,0.0
2499,1.063520018177858,0.0
