,raw_series,harmonic_1,harmonic_2,harmonic_4,harmonic_6,harmonic_7,harmonic_9,harmonic_10,harmonic_12,harmonic_13,harmonic_15,harmonic_16,harmonic_18,harmonic_19,harmonic_21,harmonic_23,harmonic_24,harmonic_25,harmonic_27,harmonic_29,harmonic_31,harmonic_32,harmonic_33,harmonic_35,harmonic_37,harmonic_38,harmonic_40,harmonic_41,harmonic_42,harmonic_44,harmonic_45,harmonic_48,all_30_harmonics
92,17.53194299,-1.832340890240047,0.8503752823513333,-0.14264396197428944,-0.7782313803624775,-0.2495212851017441,-0.06741968103033569,0.2043634360527308,-0.24878874818670615,-0.18931745978411882,-0.18772871810411623,-0.30749195260778706,0.38378511407850874,0.20070710755892696,0.2676982346199734,0.4327094676761534,0.43314638877773615,-0.11351931424616693,-0.20936020802401198,-0.13962653929942112,-0.4658378824462363,-0.2777921571337991,-0.2112986693907351,0.07509366373833012,0.6879847608134881,0.01737063991405564,-0.0878866025005839,-0.27422915293081995,0.15076997656100366,0.1154314633468441,-0.09315296524916225,-0.09315296524916225,22.126777421359584
91,27.55026316,-1.7959823177943575,0.8522904364073458,-0.40341397825350056,-1.4088988723324636,-0.023532028890239035,0.5097882489475686,0.3656880286423648,0.34077339569542275,-0.20625028535256643,-0.44948952134905973,0.12917429072297612,0.26697050776946635,0.24542419924595657,0.4974661691978589,0.6864689255984866,-0.12328608189576865,0.01226661199300914,0.10157726680513136,0.16384814252470392,0.48082546981182767,-0.14531735512959076,0.048797507304073805,-0.2263930018933018,-0.6166993473075414,0.03719240450737306,0.23355757790343712,0.054634219066085225,-0.12012002444129695,-0.09720969779684305,0.08098005748055725,0.08098005748055724,25.69138769547805
90,27.55026316,-1.7514290899593303,0.8386681110727081,-0.6349006933596953,-1.811205868663225,0.2076230512144966,0.9042507960168118,0.366347432955341,0.7183519412571764,-0.07404952835974092,-0.2877988415213747,0.4290360421407971,-0.19834459467253962,-0.0616961381598272,-0.11703784184927846,-0.40952126127799265,-0.42065771362293186,0.11062545568364981,0.15843900973476027,0.01550210562968079,-0.01498758736559137,0.43976999099374225,0.1515601770822614,0.2477668051647731,0.2999689434903036,-0.07982332830419503,-0.33490610157671197,0.17241800504992155,0.07845248503734588,0.0762213044527717,-0.06797618473867527,-0.0679761847386753,25.67784653053409
89,20.03663745,-1.6988844928948428,0.8097566449302533,-0.8203007847472495,-1.9199446905884885,0.39320007582083205,0.974563741158786,0.20605193943105904,0.6490680518645683,0.11169428886392634,0.14501906259185923,0.2745190048003723,-0.40474274697576584,-0.2803695713817472,-0.5329117297481957,-0.7003021279137556,0.16589800901695811,-0.038364643164528596,-0.18100354480229486,-0.17559188311475973,-0.4658378824462363,-0.34487179312630145,-0.23433928952014457,-0.12694878087003372,0.13614844322242514,0.09684521728331866,0.3726991643040264,-0.3759360571729637,-0.029589167031241367,-0.05306362158122916,0.05427478435489945,0.05427478435489945,23.962648075374034
88,27.55026316,-1.6385882755456638,0.7660831016312357,-0.9461562985368485,-1.7174904739269319,0.4924606014984311,0.6955217837218335,-0.044772559831712536,0.17602089067000246,0.2166752144317747,0.44121857136626796,-0.17073261108480245,-0.08279396947851136,-0.09710827488310907,-0.04435743583449923,0.38586578369176705,0.4038525210855195,-0.10157472095894693,-0.06770101602976032,0.11751888998726168,0.48082546981182767,-0.055359017093366436,0.13532078504023726,-0.06672435873043812,-0.5180790475532343,-0.08279708457799533,-0.33976473932657864,0.5281407686428423,-0.021988113379974968,0.028395726316809235,-0.04001645123812439,-0.04001645123812437,27.20225382397577
87,27.55026316,-1.5708155557220083,0.7084436613859902,-1.0033315450567037,-1.2366578842084832,0.48361465010339255,0.16715396412552383,-0.2759262162132013,-0.40652291038882843,0.16498459442961086,0.3217584272894092,-0.43516660465752216,0.3472331859682443,0.22536637499911638,0.5194778338997554,0.7133362727971996,-0.20680759806975865,0.06232748442418982,0.21494240701099016,0.08656453473962607,-0.01498758736559137,0.4065776620873939,0.0686779653477936,0.2221048040987071,0.693815325001169,0.04218587229671845,0.24235282492919372,-0.6082569782063311,0.07154861133125986,-0.0029196770570432944,0.025347495180735674,0.025347495180735695,26.065221568158037
86,20.03663745,-1.4958755648000714,0.6378891063887581,-0.9876762467910715,-0.5553823720633329,0.36860411229410334,-0.4211340581076283,-0.38585157413782345,-0.7361825648785476,-0.006001587237580135,-0.10082131525526351,-0.23872912052013856,0.3239857883761386,0.22475827172466686,0.20168418353516251,-0.36177002624652627,-0.38290325518199175,0.0868708300570511,-0.04005070118441819,-0.1830965259914088,-0.4658378824462363,-0.397832337387498,-0.21939717195740832,-0.25002068461121335,-0.5934146218179022,0.011959472116265885,-0.09894937610644242,0.6053492348080393,-0.11454656424415385,-0.02263946740699543,-0.010418439522151287,-0.010418439522151287,24.393593276559862
85,27.55026316,-1.4141102367701832,0.5557056647812125,-0.9003268016804755,0.215911945720937,0.17267645767718784,-0.858456841609528,-0.3262528816420639,-0.607887956814391,-0.17264819572908147,-0.4284201217771354,0.21053898381876188,-0.1221892536680379,-0.09806081454946995,-0.4583966585586459,-0.7255564880530596,0.24559506131096942,-0.0828214802835874,-0.19486478766976661,0.05214166140876132,0.48082546981182767,0.036865725607068627,0.19991067767054232,0.13445125016968013,0.25683619809938196,-0.062267961510381636,-0.06323179333457508,-0.519814430485008,0.1470381359309349,0.04755428336070341,-0.004617523424331618,-0.004617523424331637,28.074177765069226
84,32.54669655,-1.325892648070436,0.4633915623742785,-0.7476237934586358,0.9522103103480896,-0.061157667946876146,-0.9880459247871034,-0.12331484919189871,-0.10144682062070234,-0.21445791535129216,-0.35241633618473484,0.4368317689359577,-0.40885972765633416,-0.280300997064991,-0.34051215797728257,0.3372614826386259,0.35802488372940516,-0.06733213020940014,0.13773740613938798,0.1435962051868196,-0.01498758736559137,0.3567399959243407,-0.025335871597184575,0.0582789200188172,0.18196247026398074,0.09259955407216294,0.21341340303959838,0.36332762664245366,-0.1660431511150292,-0.07111568494265014,0.019606104331973358,0.01960610433197333,30.41863719933169
83,25.03596598,-1.2316253153244694,0.36262970959654195,-0.5406517368445143,1.5341702602784646,-0.28156627281334506,-0.7634471049886496,0.1338016138081497,0.4681009499082528,-0.10119935387857693,0.05558900479111069,0.20048955241125258,-0.16180900851545713,-0.060704757245221674,0.3552706599670715,0.7369488301940472,-0.2818623868799117,0.0987060343601357,0.12581632839859577,-0.16092408256590357,-0.4658378824462363,-0.43450557901273545,-0.1688942005151502,-0.21756318069352937,-0.5483404737669849,-0.09322322471793049,-0.32309534093102577,-0.1572484681457355,0.1698184415394949,0.09265310501847317,-0.034393500077870835,-0.034393500077870835,26.201822870749304
82,45.06467955,-1.131738358750434,0.2552570215933813,-0.2944344668932793,1.8674651797285862,-0.4401645770715918,-0.2651730213533303,0.3321322818396925,0.7464589591700846,0.08523351700660502,0.41122550199351615,-0.24818494167397512,0.2964654904262731,0.2459171539976725,0.4481078508800782,-0.3123681175609213,-0.3294726924846788,0.0440460506571997,-0.20080976876459358,-0.021686915862385,0.48082546981182767,0.12758118116961148,0.23209817270304048,0.25198928592099595,0.6964801689944508,0.0639388865354801,0.3714631575637213,-0.07029429848112236,-0.15801773195198848,-0.11155357979603249,0.04882797197112755,0.048827971971127565,35.35934189559104
81,40.01947876,-1.0266875396210893,0.1432309307795029,-0.02684457815704381,1.898073169402259,-0.5021365895725093,0.3281584619460698,0.38454049298184906,0.560470108723461,0.2100365107560362,0.3794579765753065,-0.4340144481372797,0.36773705273997803,0.1999949416447837,-0.21955870808482653,-0.7475003003511163,0.31523742293871526,-0.10909708943810197,-0.025149374312328755,0.17735317421127264,-0.01498758736559137,0.2922973524129754,-0.11524315958467336,-0.1418003081538614,-0.5674222815145692,-0.014141582954593428,-0.3493380447088463,0.28824225446102636,0.13172340098589014,0.12727919402586402,-0.06276140279715735,-0.06276140279715732,33.88485908131154
80,29.347668,-0.9169521807296533,0.028593702329877728,0.24269392393770353,1.621033152369365,-0.45387802211884765,0.8038539583296168,0.2680006777576587,0.025831768912351567,0.1829682124770838,-0.009786275913858753,-0.16019269018891497,-0.04103147026173896,-0.13263781643285485,-0.5146024252742011,0.28711833479454596,0.29753966556727146,-0.018308581615538205,0.21341727747680886,-0.1126683595121034,-0.4658378824462363,-0.4533901111809538,-0.09101611784409334,-0.049766984002242345,0.2125315680445196,-0.040192643577957744,0.2609187068371549,-0.4668466233824815,-0.09334720378233691,-0.1393823902893858,0.07605081670074068,0.07605081670074068,28.799972145147713
79,34.68365042,-0.8030329793498304,-0.08656479685290923,0.49461558663016575,1.0812489871281319,-0.30598274496157407,0.991389420187344,0.03371465271067892,-0.5248756402398254,0.023600921375427852,-0.3898111520824282,0.2832841861797273,-0.39623794304767396,-0.275122461660986,0.06370850496935204,0.7571988591054075,-0.345377696453777,0.11341632980421644,-0.08183778774231953,-0.0920003828921401,0.48082546981182767,0.2130734481849182,0.22666618006593856,0.21277331375246156,0.22694624428865987,0.08163220847875176,-0.12298456883375862,0.5817288263628738,0.046409062221915355,0.14751870666624786,-0.0885598463117765,-0.0885598463117765,30.163324195711574
78,24.01168695,-0.6854497226689911,-0.20014519696335703,0.710633740845146,0.3662112536863527,-0.09091718757850957,0.8235384258492846,-0.21538391910069293,-0.7490756744201732,-0.1528315095414186,-0.40260586463753073,0.42674355178532686,-0.23419956773202885,-0.02319457587590971,0.5338968999054975,-0.2615409447996815,-0.2625534790456454,-0.008447854254467828,-0.17239158001268068,0.18236396452736564,-0.01498758736559137,0.21588802095034207,-0.18647133187508028,-0.2536703628843149,-0.5760999481663853,-0.09688241102658433,-0.038288471998433535,-0.6172080328353005,0.004785787545053048,-0.1514565802615977,0.10016013205903396,0.10016013205903394,24.918847238924087
77,26.67975238,-0.564738916118459,-0.31007689735817245,0.8750679069520119,-0.408183602571508,0.14410679251808473,0.36047104454562057,-0.3698534760040598,-0.5073010788797926,-0.21875592100414537,-0.03611687339721658,0.11825203418989405,0.23356046287303425,0.26198479843454964,0.0979851369691938,-0.7660334402254453,0.3719739274325256,-0.11142336749456475,0.16825855988284003,-0.04615085562626427,-0.4658378824462363,-0.45371279892634764,0.0016142555627960673,0.1489875694141016,0.695967133721401,0.081050659339843,0.1922954717662185,0.5684415133698842,-0.05554167776096645,0.15108393758086272,-0.11073263931305143,-0.11073263931305143,26.1363552227764
76,24.01168695,-0.44145133542227594,-0.4143558141519799,0.9759820205880768,-1.1164182740031028,0.34749600302303013,-0.23181551589559476,-0.361827753590852,0.05004835170100838,-0.12650428849160442,0.36439681225220494,-0.31547655159052274,0.39643311895737365,0.17158565104334558,-0.5042215568660444,0.23566513184230045,0.2248731385373873,0.03473412354157012,0.08804271179500184,-0.14740202519918374,0.48082546981182767,0.28984246319646717,0.18449514090038363,0.04119826295411981,-0.5388409234847401,-0.03921611873002483,-0.30981037034986425,-0.44208564736427,0.10120320269106627,-0.14641138418728558,0.12016887984251455,0.12016887984251456,25.321193498719595
75,23.94813555,-0.3161495135339017,-0.5110809151949961,1.0060508561996642,-1.6436989852899446,0.47460181426854847,-0.7410024456490374,-0.19483285635883338,0.5762643962323125,0.057218915659579324,0.42162247171579165,-0.4150936891157647,0.04180614635806849,-0.1647967959482622,-0.250691436421439,0.7739939632939072,-0.39475320255466834,0.1032291211224137,-0.21239481719952394,0.157816405309642,-0.01498758736559137,0.1306402085442364,-0.22747541455499373,-0.2077406686005743,0.16725720519094064,-0.015199793407487682,0.3685322496342952,0.25538736144909097,-0.13758221936094828,0.1375719028632525,-0.12837202505031736,-0.12837202505031733,26.11166320513179
74,21.11395244,-0.1894051739273697,-0.5984888763903919,0.9630917557317706,-1.9045617709657794,0.49752156474750114,-0.9845599185722286,0.05776193777324085,0.744005859589366,0.19956878610604817,0.08164941471329797,-0.07509795229951534,-0.3673941304946605,-0.26492837123564134,0.4282982627525876,-0.2095204206943889,-0.1848852953257594,-0.05908726002550407,0.018431885744375612,0.027846980930677383,-0.4658378824462363,-0.4354604313747066,0.0939829833628591,0.25506199736185947,0.27089451465307235,0.06473928599618371,-0.3573174007173308,-0.033830012598854174,0.16134199025878096,-0.12481706886586735,0.13525789956599873,0.13525789956599873,22.12292526109766
73,19.84644271,-0.0617966219542045,-0.6749862275575357,0.8502230649654952,-1.8567248489945827,0.41122383982057625,-0.875179128035159,0.2849790003946172,0.44892645347877397,0.19761627176539678,-0.3352432680206009,0.34443170067401613,-0.2970019691283705,0.014738448727647565,0.3804039444968301,-0.7810713452095638,0.4134817756321676,-0.08928964268631993,0.20315481952726158,-0.17891210211872385,0.48082546981182767,0.3547452937097093,0.11242032180682668,-0.15600483315492172,-0.6012308106366681,-0.09350902788203828,0.2782940765301696,-0.1923449591892834,-0.1703032338622861,0.10850988999214717,-0.1407558449989508,-0.1407558449989508,22.099042766560615
72,27.72658951,0.06609389383125601,-0.7391784018135596,0.6756377768135324,-1.50794183706015,0.2346529834471619,-0.4520701470256123,0.3869904200440907,-0.12541490849967504,0.05277317896858777,-0.4363126616878856,0.3991844034843663,0.16109344252758415,0.2732763909148905,-0.31309081501432895,0.1831366429456465,0.1430002787943106,0.08015188627920475,-0.12027442565451855,0.1076892723948742,-0.01498758736559137,0.040043970650756995,-0.23160928643864334,-0.032582533940606846,0.6922785600443006,0.0922790691581352,-0.1464586111812445,0.3922658321074699,0.16364401158098962,-0.0891144752285142,0.14480944498912254,0.14480944498912252,26.160193291265195
71,24.64582412,0.19368283833846928,-0.789895158895358,0.4520088125154117,-0.9147450122761893,0.006570377102542152,0.13309382895551697,0.31897743684811725,-0.6217398997091346,-0.13022866463566493,-0.1263441225451094,0.031173263794777223,0.40889916670574067,0.14004830877907837,-0.4752252370462629,0.7872575105512618,-0.42796746616143966,0.0703807359284341,-0.142860640814725,0.09733125693883538,-0.4658378824462363,-0.39938026259815684,0.17111853787855097,0.2024709875772809,-0.5078009579096806,-0.06144400694857248,-0.01317044914641263,-0.5386444339785713,-0.1419751171861267,0.06718282601905007,-0.1473771041152176,-0.1473771041152176,26.1930901837574
70,29.01330179,0.3203880524774672,-0.8262119189481559,0.19556911060465235,-0.1732823122835459,-0.22295457878117428,0.670547245139578,0.11082158340979169,-0.7313015378383826,-0.21906594853476116,0.302649674202481,-0.3698525144180336,0.12293221443396313,-0.19395148641933319,0.16916621209432653,-0.15654390296510115,-0.09964788589213694,-0.09675564740076215,0.19189118841514727,-0.18142332247161166,0.48082546981182767,0.4051248102176738,0.02212392491810347,-0.2561626014734457,0.12121968607221155,0.010896390192443728,0.1703001403600859,0.6115008375813745,0.10728405389757184,-0.043339126078423884,0.14843247472000434,0.14843247472000431,29.38809588667373
69,26.92146137,0.44563140941725965,-0.8474666178600604,-0.07506670119493265,0.5962667432990282,-0.40353585473210446,0.9676274998701211,-0.14602377903366628,-0.38594523517050944,-0.1495030165683336,0.44652569332569536,-0.3791789456904127,-0.3235091590722183,-0.24990456674542488,0.5264581640988863,-0.7925454007921255,0.43806163135538284,-0.047554778862036705,0.04666461622594116,0.04010739088029507,-0.01498758736559137,-0.05219167210613121,-0.1982029114781639,0.1628440925510965,0.31360675547952716,0.04314702211310276,-0.2951118061069466,-0.6008905180811283,-0.06275273763269724,0.0182619768678507,-0.14796472727293294,-0.14796472727293294,28.819915947679934
68,27.72658951,0.568841452445964,-0.8532717768653931,-0.340253517824165,1.2691702754115388,-0.4955316895434912,0.91783930806081,-0.3387135331067518,0.1994945386236481,0.028161198392394286,0.16974236870869344,0.013071304580661289,-0.3476450750123471,0.052402787524613706,-0.00972543261705841,0.12977254355147788,0.05527297083557552,0.10797445859956271,-0.21528439686297432,0.15103965682683976,-0.4658378824462363,-0.3469494189456503,0.22051845083019445,0.023929627664802115,-0.6236183948163995,-0.08334794482257989,0.3639198135763969,0.5082617295853243,0.012465646946286348,0.007334915680294124,0.1459786614957739,0.1459786614957739,28.915133165259785
67,24.64582412,0.6894560023967135,-0.8435215663847622,-0.5807417697661761,1.7363611344322387,-0.47874687251918074,0.5390303980484706,-0.3825893547946749,0.6608355104664303,0.18546286986234647,-0.26695048517659864,0.3914781408737043,0.0820312377173789,0.27958608273037167,-0.5294035653918296,0.7969289823534648,-0.44366069141951947,0.022082153516948002,0.06125854223305057,-0.1545286566720435,0.48082546981182767,0.43891846939518275,-0.07175841455244536,-0.19697028348422388,0.6854312780788264,0.09680906018136712,-0.36366639938071177,-0.346257825897581,0.038964811416946854,-0.03272305352548049,-0.1424946571109772,-0.14249465711097717,28.09927745134008
66,26.20731315,0.8069247227422529,-0.8183937353261991,-0.7790747245084282,1.9221149811490028,-0.35686605869814647,-0.03300641922562882,-0.2583743834945488,0.711093072700082,0.20866173431127197,-0.4521567671041774,0.3552825988025799,0.40462483452556275,0.10595784891733723,-0.1506073780035087,-0.10285311131151527,-0.010330880301960986,-0.1131839352725231,0.18457517939659052,-0.03397527208856791,-0.01498758736559137,-0.1422905816747333,-0.13267094113882028,0.25697091940981664,-0.4744440130329787,-0.07921175382907923,0.29439965418154596,0.1369915076712617,-0.08682135932855392,0.05717987987148241,0.13754846471814203,0.13754846471814203,28.135091282611135
65,23.5866432,0.9207116306542882,-0.7783463706756969,-0.9208556482753699,1.7963240190860588,-0.1566449019638597,-0.5932113224995847,-0.020642518780843964,0.31900369648204724,0.08098336759373256,-0.21139882847120142,-0.05718174368280084,0.19902542320700936,-0.21957039015116855,0.4837912843381037,-0.8004032534891978,0.4447071924208526,0.004619457360973342,-0.1537870144487766,0.18026688807209118,-0.4658378824462363,-0.2803144253166829,0.2341757681150468,-0.16949754388358682,0.07462906932889936,0.03620161886045775,-0.16926439647767813,0.090973447638682,0.12671452304182895,-0.08000934342859206,-0.1311908389444867,-0.1311908389444867,26.725537574902848
64,23.5866432,1.030297542570198,-0.7241095464506639,-0.9957928463933806,1.379376997931361,0.0779634289954814,-0.9407659136101284,0.22615864518977544,-0.2715270848220991,-0.10525171683445006,0.22851202293108067,-0.4090866718494448,-0.26637968466664724,-0.230324936107723,0.2971262559303162,0.0758163218057329,-0.03471721904346634,0.11209414322188567,-0.1074809701964019,-0.10258730986429841,0.48082546981182767,0.4547427548649225,-0.15400983612300848,-0.01524941724973493,0.3548880806096187,0.018422771458698733,0.012007667444287282,-0.3065209946686621,-0.15498524225188112,0.10056170831826769,0.12348701763369108,0.12348701763369105,27.408199742369636
63,19.11888526,1.1351824431085495,-0.6566720142580799,-0.9984467241536893,0.7388545157505149,0.29545698646114826,-0.9510812147507276,0.37359691384028365,-0.6931500546330156,-0.2153823460595074,0.45314810058630384,-0.3277405716768608,-0.3840555506787562,0.08911180968725457,-0.393804947190536,0.8029642499929333,-0.44119039584296643,-0.031063971653554113,0.20766776914748103,-0.10255107425571962,-0.01498758736559137,-0.22656409811113834,-0.0456350839908895,0.19124483272455936,-0.6431605512937868,-0.06713674178225698,0.14752776847355442,0.4802300004981554,0.16904048454855364,-0.11825204582221942,-0.11451605241733982,-0.11451605241733984,24.657525272507648
62,17.8695096,1.2348877665246025,-0.5772631780919814,-0.9286246399872865,-0.02142474013172412,0.4480909108198721,-0.6204594677626791,0.3568952221957564,-0.6835878303732063,-0.16977626523154002,0.25088605018527343,0.10070542071549246,-0.00038933560323701794,0.28079884653543496,-0.4163922717770564,-0.04869302450141922,0.07940907274160415,-0.10476573498604529,0.0033760657857308226,0.1802756731137962,-0.4658378824462363,-0.20220332617970416,0.20987685197278558,-0.25748602886554367,0.6754565304020935,0.09431180619479364,-0.27906671437964875,-0.5883900781595448,-0.1675910822054407,0.13257688169318438,0.10436999753820828,0.10436999753820828,23.249205117751515
61,20.42236246,1.328958580296037,-0.4873306819744778,-0.7913948890683354,-0.7782313803624775,0.502358530078024,-0.06741968103033569,0.18339146546312443,-0.24878874818670615,-0.0014099049471281205,-0.18772871810411623,0.4224974199892944,0.38378511407850874,0.0699357495304942,0.2676982346199734,-0.8046090497212023,0.43314638877773615,0.05577961599125299,-0.20936020802401198,-0.03401816287376082,0.48082546981182767,0.4519498185204874,-0.21129866939073508,0.17595759544372486,-0.4389222889433533,-0.09122962150643611,0.35764689487784934,0.6162379326609961,0.15076997656100366,-0.14312852523811118,-0.09315296524916225,-0.09315296524916222,23.773239656835653
60,19.41332236,1.4169656608757082,-0.388514019023509,-0.5967188022943304,-1.4088988723324636,0.4463468483141695,0.5097882489475686,-0.07068540829593582,0.3407733956954226,0.16797591659755137,-0.44948952134905973,0.29683548278188293,0.2669705077694663,-0.24118646777345432,0.4974661691978589,0.02151416757283053,-0.12328608189576865,0.09160657421351923,0.10157726680513135,-0.15450494946611185,-0.01498758736559137,-0.30156205375072226,0.0487975073040738,0.0065518069729527595,0.0276979372591734,0.05887901863510758,-0.3683560716742953,-0.5599724749150765,-0.12012002444129695,0.1496066723621808,0.08098005748055724,0.08098005748055725,22.952626114470327
59,20.42236246,1.4985074521402484,-0.2826146430609964,-0.3587276661042487,-1.811205868663225,0.29235172345476906,0.9042507960168118,-0.2937066183669031,0.7183519412571764,0.21590323841999162,-0.2877988415213747,-0.14319572385543541,-0.19834459467253962,-0.20654642115188684,-0.11703784184927846,0.8053357759276778,-0.42065771362293186,-0.07739083751857713,0.15843900973476027,0.1510645880339452,-0.4658378824462363,-0.11581399911104616,0.1515601770822614,-0.18530116814146705,0.39455013282506884,-0.007638764451417816,0.3091619537344383,0.42727365087332375,0.07845248503734588,-0.1518269523462806,-0.06797618473867528,-0.06797618473867528,24.374797788954297
58,25.60975366,1.5732118975985534,-0.1715631276346574,-0.09469695059393105,-1.9199446905884887,0.07417864244488098,0.974563741158786,-0.3876877028608631,0.6490680518645683,0.10771720807366406,0.14501906259185923,-0.43157277286969675,-0.40474274697576584,0.12419630006198096,-0.5329117297481956,0.005689237411237862,0.16589800901695811,-0.07334903595102747,-0.1810035448022948,0.04006479684467477,0.48082546981182767,0.4306540035039745,-0.23433928952014454,0.2577073420913933,-0.6597681136910157,-0.04605216911330543,-0.19129786715549005,-0.23625416835507784,-0.02958916703124134,0.14972617511314615,0.054274784354899464,0.05427478435489944,27.800755157732365
57,28.17083566,1.64073813800022,-0.057383971153168845,0.1762076946111723,-1.7174904739269319,-0.1602783639883741,0.6955217837218334,-0.31133803301229634,0.1760208906700026,-0.07835600248219976,0.44121857136626796,-0.2628844601509761,-0.08279396947851128,0.2768925733261284,-0.04435743583449924,-0.8051435994045746,0.4038525210855194,0.09469486049250228,-0.06770101602976032,-0.18141598623602526,-0.01498758736559137,-0.36421402347771464,0.13532078504023728,-0.18221687619549165,0.6623998294999413,0.08496857964938676,0.03713099580251936,0.012987205473552251,-0.02198811337997494,-0.14336412964282852,-0.040016451238124376,-0.0400164512381244,28.196521958059954
56,30.73176374,1.7007780665981227,0.057841310253649636,0.43432165018117475,-1.2366578842084834,-0.35955056735509555,0.1671539641255238,-0.09820186819064812,-0.4065229103888284,-0.20777226662281315,0.3217584272894092,0.1842166450938469,0.3472331859682443,0.03263870298880551,0.5194778338997555,-0.03288615087221413,-0.20680759806975862,0.05100924620152162,0.21494240701099013,0.09736829335217573,-0.4658378824462363,-0.024683233311214827,0.06867796534779358,0.0021532790344390364,-0.4013978631205576,-0.096625248442312,0.124082261216468,0.2120524442409643,0.07154861133125986,0.13292188235384594,0.02534749518073569,0.02534749518073569,27.83974029221323
55,30.73176374,1.753057734968836,0.17201212932274365,0.660908756475209,-0.5553823720633332,-0.4798931161505541,-0.42113405810762833,0.15807932847835166,-0.7361825648785477,-0.1869544478123719,-0.10082131525526354,0.4362196050891839,0.3239857883761386,-0.2584056524913327,0.2016841835351624,0.8040327394287917,-0.3829032551819918,-0.1067286269450438,-0.04005070118441819,0.1076538789365437,0.48082546981182767,0.391727162984312,-0.21939717195740827,0.1791460715640576,-0.019359574145463587,0.07728246627025061,-0.2617483052414175,-0.40814802461161814,-0.11454656424415385,-0.11869662387878979,-0.010418439522151296,-0.010418439522151277,28.260542082114434
54,30.73176374,1.7973386029764564,0.28304712191751985,0.8395213472417081,0.21591194572093694,-0.49488804119582763,-0.858456841609528,0.34490830608808176,-0.607887956814391,-0.030955305347695684,-0.4284201217771355,0.22623588721940752,-0.12218925366803794,-0.17900251047556398,-0.4583966585586459,0.06004554063847182,0.24559506131096942,-0.02583052928061224,-0.19486478766976661,-0.1789223259426555,-0.01498758736559137,-0.4119550282901988,0.19991067767054232,-0.2576346065649601,0.43241194327851257,-0.03314581228705311,0.3497421154279165,0.5485334962438172,0.1470381359309349,0.10109321089725978,-0.004617523424331637,-0.004617523424331608,28.654730406157423
53,30.73176374,1.8334186271765316,0.3889220908448777,0.9571941645306329,0.9522103103480892,-0.40124361008495246,-0.9880459247871035,0.38020167521329323,-0.10144682062070236,0.1474267180807016,-0.3524163361847349,-0.22334725426864527,-0.40885972765633416,0.1570166591380595,-0.34051215797728257,-0.8020044635117136,0.35802488372940516,0.11282239581746345,0.13773740613938798,0.027890119526278925,-0.4658378824462363,0.06745806696053432,-0.025335871597184558,0.18826824418600255,-0.6733653055099805,-0.021624728793475913,-0.37136501969902974,-0.6140469634077678,-0.16604315111502924,-0.08061264374902634,0.01960610433197335,0.01960610433197335,27.498154977506385
52,49.68026412,1.8611331826939563,0.48770690750378654,1.005385490071667,1.534170260278465,-0.21951693848172912,-0.7634471049886498,0.2484532793728146,0.4681009499082528,0.2192087695621884,0.05558900479111074,-0.43639023386101555,-0.1618090085154571,0.2679384754930776,0.3552706599670715,-0.08713641735360107,-0.2818623868799117,-0.0007857895828304205,0.12581632839859577,0.15779394915523612,0.48082546981182767,0.3367629663860845,-0.16889420051515017,-0.010855908111390821,0.6463207501038993,0.06945759332805834,0.3225136182018697,0.5957461743725939,0.1698184415394949,0.05783780775926598,-0.03439350007787084,-0.03439350007787085,36.07537064771649
51,44.45081295,1.880355814368518,0.5776006986386262,0.9805971776036063,1.867465179728586,0.010398771604619023,-0.2651730213533302,0.0075468313626131135,0.7464589591700845,0.1324873354471598,0.41122550199351626,-0.18726582793889796,0.2964654904262732,-0.005253355714657278,0.4481078508800781,0.799061085952955,-0.32947269248467875,-0.11263701749833945,-0.20080976876459358,-0.14742815196050338,-0.01498758736559137,-0.4428305458418216,0.23209817270304053,-0.17278656606918286,-0.3620419509130135,-0.09500697302581144,-0.2124584895415773,-0.4961290928320295,-0.15801773195198848,-0.03341688408359084,0.048827971971127565,0.04882797197112755,34.338198969191595
50,47.06553991,1.8909988137407923,0.6569646767334971,0.8846285788066172,1.898073169402259,0.23803171112894095,0.32815846194606985,-0.236675320162051,0.5604701087234611,-0.05003183754351226,0.37945797657530655,0.2601860183775225,0.36773705273997803,-0.27091403402698133,-0.21955870808482653,0.11412786983582601,0.3152374229387152,0.02735837521036345,-0.025149374312328727,-0.04610860694078385,-0.4658378824462363,0.1568376260449329,-0.1152431595846734,0.25726790527879934,-0.06632875225358932,0.09007607920164142,0.06208490394327486,0.32879293869204695,0.13172340098589017,0.008044902207013774,-0.06276140279715735,-0.06276140279715735,35.484227564207536
49,49.68026412,1.8930136192457223,0.7243520155407563,0.7244459306809423,1.621033152369365,0.41341119191275977,0.8038539583296171,-0.37691407082055683,0.02583176891235149,-0.19637444397946197,-0.009786275913858772,0.4320829083030949,-0.041031470261739034,-0.14819533683325917,-0.514602425274201,-0.7952059651997054,0.29753966556727146,0.1061828092455483,0.2134172774768088,0.18235808546867577,0.48082546981182767,0.2680116543760423,-0.09101611784409333,-0.194104794694605,0.4683007572128408,-0.05624684829328144,0.10007059506097589,-0.11657823740143178,-0.09334720378233688,0.017556040879719684,0.07605081670074068,0.0760508167007407,37.10988417767096
48,46.39406642,1.8863910377879056,0.7785342261050169,0.5116766853740328,1.0812489871281317,0.4980373669415579,0.9913894201873438,-0.35155546687785494,-0.5248756402398251,-0.20072440151277693,-0.38981115208242834,0.1463741678525814,-0.396237943047674,0.18697456311534555,0.06370850496935203,-0.14098910034822443,-0.345377696453777,-0.052408326403282204,-0.08183778774231953,-0.09203817785102247,-0.01498758736559137,-0.45557652881630034,0.22666618006593867,0.019546150400255213,-0.6838900858830649,0.004372422741581325,-0.24323559862099794,-0.11154879444217632,0.04640906222191536,-0.04265733185609299,-0.08855984631177652,-0.0885598463117765,35.053109798389954
47,45.27971579,1.8711612866875784,0.8185235524407357,0.26176548840276354,0.3662112536863529,0.47333283606868637,0.8235384258492848,-0.17174082157849743,-0.7490756744201733,-0.059936382369370766,-0.40260586463753073,-0.2943549218499087,-0.23419956773202885,0.25409978860082694,0.5338968999054976,0.7904435000146787,-0.2625534790456454,-0.09381898097774596,-0.17239158001268065,-0.11263384858859912,-0.4658378824462363,0.23979623429141336,-0.18647133187508028,0.16622990796797738,0.627292657365352,0.048904769753137484,0.3402415429221872,0.3244499888609172,0.004785787545053058,0.06654457770519318,0.10016013205903394,0.10016013205903394,34.54075851098666
46,35.87648461,1.8473938558059126,0.8435909785842868,-0.007146928275332469,-0.40818360257150804,0.3447208144554636,0.36047104454562073,0.0835282254854918,-0.5073010788797924,0.12418989161924432,-0.036116873397216566,-0.42334182740438914,0.2335604628730342,-0.04304964435821851,0.09798513696919375,0.16768945973950375,0.3719739274325255,0.07454148440842738,0.16825855988284003,0.17736482515186233,0.48082546981182767,0.1882879137458126,0.001614255562796096,-0.25660765664573054,-0.32103412432144635,-0.08649226378543574,-0.372679514315211,-0.4930654264716179,-0.05554167776096646,-0.08853793763142369,-0.11073263931305144,-0.11073263931305144,30.47661268190202
45,36.78981842,1.8151971904787203,0.8532795187472059,-0.2755405586335927,-1.116418274003103,0.1404346115757638,-0.23181551589559474,0.30209911175962867,0.050048351701008305,0.21851806703352614,0.36439681225220494,-0.10398051072820079,0.39643311895737365,-0.27848358128675144,-0.5042215568660444,-0.7847791244570441,0.2248731385373873,0.07623364339300785,0.08804271179500184,-0.02173025304647502,-0.01498758736559137,-0.4496711551730705,0.1844951409003837,0.1997198681112905,-0.11299528747835393,0.0963311855419477,0.33439372700121517,0.5943799662033079,0.10120320269106624,0.10801147160785361,0.12016887984251455,0.12016887984251452,30.669591640648218
44,28.299917999999998,1.7747181967052585,0.847412548287614,-0.5239330546762283,-1.6436989852899446,-0.0946802323573023,-0.7410024456490376,0.38794262697579784,0.5762643962323127,0.1548421837607265,0.4216224717157917,0.3255033454982632,0.04180614635806856,-0.11468652312381561,-0.25069143642143915,-0.19419848241523907,-0.39475320255466834,-0.09252602503060235,-0.21239481719952388,-0.16090290308590305,-0.4658378824462363,0.31293755653114214,-0.22747541455499373,-0.02821409017693476,0.5020528222015349,-0.07526499801546012,-0.23264971256939562,-0.6145646938266219,-0.1375822193609483,-0.12441095488562548,-0.12837202505031733,-0.12837202505031733,27.95223394600956
43,31.12983238,1.7261415708498473,0.8260970236240137,-0.7342939249903637,-1.9045617709657796,-0.309010578327643,-0.9845599185722289,0.3033433868329609,0.744005859589366,-0.02079557901383538,0.08164941471329795,0.4102566864834911,-0.3673941304946605,0.21352387150492752,0.4282982627525876,0.7782193016820682,-0.18488529532575934,-0.05440551106575413,0.0184318857443756,0.1436234976912448,0.48082546981182767,0.10085564380393881,0.0939829833628591,-0.15948357852627618,-0.6912944326513917,0.03005218574054519,0.08675553290713958,0.5508644977081744,0.16134199025878096,0.13726965145719103,0.13525789956599873,0.13525789956599873,27.549947599840593
42,22.3034352,1.6696889569147226,0.7897215323915748,-0.8913533448983926,-1.856724848994583,-0.4555059647102851,-0.875179128035159,0.0854701028584616,0.4489264534787739,-0.1813966634416601,-0.3352432680206009,0.060519872855636196,-0.29700196912837046,0.2356287955604559,0.3804039444968302,0.2204859210996685,0.4134817756321676,0.10536101599106312,0.20315481952726158,0.0520998062799374,-0.01498758736559137,-0.42535619160293786,0.11242032180682673,0.2556546140214213,0.6054023721071792,0.024802011920414983,0.07560232973242623,-0.411974127395746,-0.17030323386228613,-0.14622159755415384,-0.1407558449989508,-0.14075584499895077,24.157047725680187
41,12.180036300000001,1.6056179352292919,0.7389492093870821,-0.9837105733671522,-1.50794183706015,-0.5020072703876527,-0.4520701470256123,-0.16995450654159522,-0.1254149084996751,-0.21083509644588683,-0.4363126616878855,-0.3533116643454021,0.16109344252758406,-0.08006112663364759,-0.31309081501432895,-0.7707715165665362,0.14300027879431057,0.02954943194178693,-0.12027442565451857,-0.18309211081772794,-0.4658378824462363,0.37326717843788426,-0.23160928643864334,-0.20510705753543004,-0.27856149265303265,-0.07169919249987247,-0.2236130637526222,0.21685140496918784,0.16364401158098962,0.15101201712593265,0.14480944498912254,0.14480944498912254,21.909071089261378
40,11.02074519,1.5342208471701664,0.6747056474467326,-1.004661518117876,-0.9147450122761895,-0.43830638465858135,0.13309382895551697,-0.3507095324353341,-0.6217398997091347,-0.0878248033362158,-0.12634412254510938,-0.3929617567932743,0.4088991667057407,-0.2809762994281325,-0.4752252370462629,-0.2465217813483842,-0.42796746616143966,-0.11233212396211417,-0.142860640814725,0.08660304511931678,0.48082546981182767,0.009294331954696818,0.17111853787855097,0.03684983716490286,-0.15914625112296998,0.09559373517712673,0.32918852629395234,0.007870420288790219,-0.1419751171861267,-0.15150457287045868,-0.14737710411521762,-0.1473771041152176,21.49196422158573
39,23.384408399999998,1.4558234612745136,0.5981620236446676,-0.952685377051314,-0.17328231228354574,-0.278387123328077,0.6705472451395778,-0.37738017862342055,-0.7313015378383824,0.0986890506867402,0.302649674202481,-0.016438219191099824,0.1229322144339631,-0.07908694385687848,0.16916621209432653,0.7624442671683717,-0.09964788589213693,-0.003048774795481187,0.19189118841514724,0.11748530097617348,-0.01498758736559137,-0.3836270955713504,0.0221239249181035,0.15255527542835445,0.5335141353134296,-0.08881975845644678,-0.3722935577853979,-0.23151797360701531,0.10728405389757187,0.14768524644960504,0.14843247472000434,0.14843247472000434,25.353512982000126
38,32.25652817,1.3707834868329405,0.5107137484260907,-0.8315550313136595,0.5962667432990281,-0.05735545813458034,0.9676274998701211,-0.2382486855522334,-0.38594523517050944,0.213843722523229,0.4465256933256954,0.37749452740928585,-0.3235091590722183,0.23618058341424805,0.5264581640988863,0.27227635577253734,0.43806163135538284,0.11305137089452857,0.04666461622594114,-0.17560494787807293,-0.4658378824462363,0.4183151982023482,-0.19820291147816388,-0.25440986484479494,-0.695544561478919,0.053550499277203116,0.3447480739208466,0.4235645128156492,-0.06275273763269727,-0.1396627374568283,-0.14796472727293294,-0.14796472727293294,29.487653128316214
37,26.25425219,1.2794889417440436,0.4139550269069065,-0.6500631767127865,1.269170275411539,0.17626705493781286,0.91783930806081,0.005557467127106154,0.1994945386236482,0.17437421823500282,0.16974236870869336,0.3716345077161393,-0.347645075012347,0.21286222744558717,-0.009725432617058449,-0.7532470550301992,0.0552729708355755,-0.023621562364761404,-0.21528439686297432,0.015545591953746095,0.48082546981182767,-0.0826474909368081,0.2205184508301944,0.21026021608616394,0.5807497746802549,-0.0011010920180784588,-0.25177940831933066,-0.5577966718391418,0.012465646946286357,0.1276653697822406,0.1459786614957739,0.1459786614957739,25.538754597373433
36,27.95153221,1.1823563820777325,0.30964979609408977,-0.42138407325261273,1.7363611344322387,0.37119487796735867,0.5390303980484704,0.246921944300598,0.6608355104664301,0.008819788404715274,-0.2669504851765987,-0.027812112846801892,0.08203123771737893,-0.11561307345974535,-0.5294035653918296,-0.2977202579355073,-0.44366069141951947,-0.10747872699348612,0.06125854223305057,0.16382826388527963,-0.01498758736559137,-0.3261922611728022,-0.07175841455244537,-0.04544353782018902,-0.23481784878454648,-0.05170156916352111,0.11103031627261034,0.6158924505097545,0.038964811416946826,-0.11203459342122776,-0.14249465711097717,-0.1424946571109772,27.75946972276807
35,32.63295587,1.0798290014254284,0.19969956784892884,-0.162117242564964,1.9221149811490033,0.48463685128150014,-0.03300641922562887,0.3798011620085901,0.711093072700082,-0.16311197389800564,-0.4521567671041773,-0.3978037857902368,0.4046248345255627,-0.2783467455421184,-0.15060737800350882,0.7431903743379109,-0.010330880301960986,0.048977237964168675,0.18457517939659052,-0.13965496640570926,-0.4658378824462363,0.4462373446024593,-0.13267094113882025,-0.14545290399373026,-0.20457106692551857,0.08791725867948709,0.05078910831346867,-0.5899220734719289,-0.08682135932855395,0.09321526666780137,0.13754846471814203,0.13754846471814203,29.921161421246744
34,31.47364861,0.9723746087093523,0.08610876382439653,0.108917469989152,1.7963240190860592,0.4916898414116016,-0.5932113224995849,0.3458145803948313,0.3190036964820472,-0.21710221197704732,-0.21139882847120134,-0.34649378568799677,0.19902542320700936,-0.04204558874950662,0.48379128433810364,0.32282445588335956,0.4447071924208526,0.0959243385827479,-0.15378701444877665,-0.058031558795005635,0.48082546981182767,-0.1712057158386922,0.23417576811504676,0.25287482939724204,0.5625411457927667,-0.09592720701137802,-0.20297023376226717,0.48343036378375187,0.12671452304182895,-0.07174299526543901,-0.1311908389444867,-0.13119083894448666,28.026643022997742
33,19.69068915,0.8604834936777132,-0.02905182567011664,0.37204600365848206,1.379376997931361,0.39080555411143647,-0.9407659136101284,0.15989421830097403,-0.271527084822099,-0.1141121549802882,0.22851202293108067,0.07177705497109353,-0.26637968466664724,0.2545316610109988,0.2971262559303163,-0.7322856999466105,-0.034717219043466356,-0.07160707811234303,-0.1074809701964019,0.18361722474694295,-0.01498758736559137,-0.25540307727587613,-0.1540098361230085,-0.21517346391610462,-0.6966210800026169,0.07316165103258447,0.3166334979229651,-0.31095289277897603,-0.15498524225188115,0.048228888848364126,0.12348701763369105,0.12348701763369108,22.23657041633212
32,28.00075604,0.7446661898250383,-0.143682792722176,0.6081681970356015,0.7388545157505151,0.20413042070732756,-0.9510812147507276,-0.09627573545451988,-0.6931500546330156,0.0713890823375403,0.45314810058630384,0.4140310390144487,-0.3840555506787562,0.18621512479612332,-0.393804947190536,-0.3475603052708312,-0.44119039584296643,-0.0790312668649555,0.20766776914748103,-0.08106909674210186,-0.4658378824462363,0.45589048168388385,-0.04563508399088948,0.05398538657445096,0.5534473492323152,-0.026924269104943752,-0.37020891114071325,0.09603194924793189,0.16904048454855364,-0.02334216851118567,-0.11451605241733984,-0.11451605241733984,26.537941671804422
31,30.87181918,0.6254511449449347,-0.2556943845761251,0.8001442441766755,-0.021424740131723966,-0.02735605512473971,-0.6204594677626791,-0.31014690458558825,-0.683587830373206,0.20527095056426742,0.25088605018527343,0.31779756853768826,-0.000389335603237037,-0.14905736347140958,-0.41639227177705634,0.7205454742875955,0.07940907274160414,0.09025161569566821,0.0033760657857308416,-0.12220270050408434,0.48082546981182767,-0.2527547586183229,0.20987685197278555,0.13818456815705152,-0.19000278492991132,-0.02795099550183038,0.3535294144506441,0.131996862047654,-0.1675910822054407,-0.0022088794974138336,0.10436999753820828,0.10436999753820828,28.5142813967967
30,26.29037206,0.5033823099440101,-0.36304460037685543,0.9340388510426247,-0.7782313803624775,-0.2528372449762799,-0.06741968103033573,-0.3877549015158552,-0.2487887481867061,0.19072736473124696,-0.18772871810411632,-0.11500546738150741,0.38378511407850874,-0.27064285708942115,0.2676982346199734,0.3718995820450489,0.43314638877773615,0.057739698254913936,-0.20936020802401198,0.17364470217318195,-0.01498758736559137,-0.17415766138668823,-0.2112986693907351,-0.251051259182055,-0.24906247187013483,0.07385898159238048,-0.2697602923772654,-0.34200877973017624,0.15076997656100366,0.027697061891267076,-0.09315296524916222,-0.09315296524916225,26.92210830568904
29,26.29037206,0.3790166569186489,-0.46377641738383696,1.000132780547831,-1.4088988723324636,-0.4228148194239305,0.5097882489475686,-0.29500262034642905,0.34077339569542275,0.03827436875501505,-0.44948952134905973,-0.4260097735048591,0.26697050776946635,-0.004237731472502274,0.4974661691978589,-0.7079830931713171,-0.12328608189576865,-0.10387318620652836,0.10157726680513136,-0.009343193058592108,-0.4658378824462363,0.4468794088803131,0.04879750730407381,0.21984119492034906,0.5890014100483681,-0.09607142314248063,0.1347984937708582,0.5053382558489914,-0.12012002444129695,-0.05239697456533777,0.08098005748055724,0.08098005748055724,26.570617785448132
28,19.7178168,0.2529216378190822,-0.5560534680117117,0.993628359463944,-1.811205868663225,-0.4999747746692656,0.9042507960168119,-0.0726408145884379,0.7183519412571765,-0.14185371006025072,-0.2877988415213746,-0.28584031828536166,-0.19834459467253962,0.2682425593117141,-0.11703784184927847,-0.39581451464968503,-0.4206577136229318,-0.03323461816507268,0.15843900973476024,-0.166566693663626,0.48082546981182767,-0.32395599188269625,0.15156017708226138,-0.06246563702330604,-0.6945190763153726,0.08746209275561283,0.025744147842273808,-0.5996916559232454,0.07845248503734588,0.07560564789350888,-0.0679761847386753,-0.06797618473867527,23.596019689147848
27,25.15285709,0.12567259529628932,-0.638193517295596,0.9149977353411805,-1.9199446905884885,-0.467378718265713,0.9745637411587862,0.1816357634298042,0.6490680518645683,-0.21941149693759038,0.14501906259185926,0.15705376806932436,-0.40474274697576584,0.15617327131976622,-0.5329117297481957,0.6946128905025178,0.16589800901695811,0.11171367911555606,-0.1810035448022948,0.135527086270085,-0.01498758736559137,-0.08578221037767297,-0.23433928952014463,-0.13075856122135956,0.5236196704685907,-0.050793048170013254,-0.18140129714853628,0.6121902255280416,-0.029589167031241367,-0.09666255353191702,0.054274784354899436,0.05427478435489945,26.820683441570033
26,26.31429795,-0.002149862454556018,-0.708699130478067,0.7699486039256762,-1.7174904739269317,-0.332182237510057,0.6955217837218334,0.3561105928440089,0.1760208906700026,-0.13831921194957494,0.4412185713662681,0.4336170712357786,-0.08279396947851139,-0.17978429844301938,-0.044357435834499304,0.41927781571280753,0.4038525210855194,0.006879860466444647,-0.0677010160297603,0.06389709624876358,-0.4658378824462363,0.41957304057108114,0.13532078504023728,0.24894123492592982,-0.14432078194670683,-0.0021714950713914347,0.3026337435240593,-0.5411279741163946,-0.02198811337997494,0.11496840332601928,-0.04001645123812438,-0.04001645123812438,26.14890503172613
25,27.24058438,-0.12996251087611407,-0.7662849716396398,0.5690098948755292,-1.2366578842084834,-0.12406408274829708,0.1671539641255238,0.37412808440384937,-0.40652291038882843,0.04278767219320232,0.3217584272894092,0.25094995956367533,0.34723318596824443,-0.258005077987922,0.5194778338997555,-0.6804501219249856,-0.20680759806975862,-0.11333673062571145,0.21494240701099013,-0.1839328280918018,0.48082546981182767,-0.3818944287761791,0.06867796534779357,-0.22425808313314613,-0.2924174618806115,0.054439376145593556,-0.3664350861456617,0.3962045339653667,0.07154861133125988,-0.13000220529680265,0.02534749518073569,0.02534749518073567,26.57011657575264
24,24.97028402,-0.2571821701687643,-0.8099012357115017,0.3267674903158625,-0.555382372063333,0.11128900385645073,-0.42113405810762833,0.22777224565947168,-0.7361825648785475,0.19295603504995207,-0.10082131525526358,-0.1974904845690454,0.3239857883761386,0.03364738076666577,0.2016841835351625,-0.44226271318226557,-0.38290325518199175,0.019857796887992694,-0.040050701184418176,0.07544264705486504,-0.01498758736559137,0.0061051744031859305,-0.21939717195740832,0.07087461304715567,0.6127741959633656,-0.08924193838651649,0.3606976813478599,-0.19720121019642112,-0.11454656424415385,0.14133609128578525,-0.010418439522151277,-0.010418439522151306,26.17714906088011
23,22.09342755,-0.3832283662062733,-0.8387527866987324,0.060805454438767406,0.21591194572093686,0.3222115835186398,-0.858456841609528,-0.018655424446017917,-0.607887956814391,0.20360350107677716,-0.4284201217771355,-0.43677487103816937,-0.12218925366803789,0.27706332502503395,-0.4583966585586459,0.6655109474145878,0.24559506131096942,0.10865200956419964,-0.19486478766976667,0.12678066453389417,-0.4658378824462363,0.37508930268313023,0.19991067767054235,0.12318335639528002,-0.6892481413778945,0.09541377379743472,-0.2865103220933415,-0.02871906575880926,0.1470381359309349,-0.14864749425796323,-0.004617523424331608,-0.004617523424331608,24.805365256362663
22,29.31170206,-0.5075259791060954,-0.8523136532191563,-0.2095703710719968,0.9522103103480892,0.4624012780318285,-0.9880459247871037,-0.25688682602139457,-0.10144682062070225,0.06703119727059056,-0.35241633618473484,-0.21348451466731247,-0.40885972765633427,0.12328433792693151,-0.34051215797728246,0.4647429808730875,0.3580248837294052,-0.04549026560806332,0.13773740613938798,-0.17148632471309852,0.48082546981182767,-0.42419806288487516,-0.025335871597184572,-0.24654716420481976,0.49140283524599965,-0.07097482527868704,0.15795161665943125,0.2507193367653141,-0.1660431511150292,0.15172832869167646,0.01960610433197333,0.01960610433197335,29.915687743251812
21,25.1470668,-0.6295078673694868,-0.8503366171003285,-0.4647337532271526,1.534170260278465,0.5010832112950742,-0.7634471049886496,-0.3822548931809643,0.46810094990825274,-0.11800941568361152,0.055589004791110785,0.23590068144976295,-0.16180900851545713,-0.20723371824785589,0.35527065996707147,-0.6498124128404463,-0.2818623868799117,-0.09792024477730528,0.12581632839859574,0.003130133410667475,-0.01498758736559137,0.09774261262665085,-0.1688942005151502,0.2284190888049202,-0.09798027633691446,0.023765631389872123,0.0005817227291559533,-0.4384977062268584,0.1698184415394949,-0.15049091277773916,-0.034393500077870835,-0.034393500077870814,26.72535747803327
20,29.22909958,-0.7486174556180847,-0.8328577202320075,-0.686162710710327,1.867465179728586,0.4297658054669728,-0.2651730213533302,-0.3396791132023057,0.7464589591700846,-0.2177208524537648,0.41122550199351615,0.43545076961287316,0.2964654904262731,-0.2406637982830152,0.44810785088007826,-0.48669296839203363,-0.32947269248467875,0.06859096684113974,-0.20080976876459364,0.16911506782288835,-0.4658378824462363,0.31524936467221015,0.23209817270304053,-0.0792027198518131,-0.33443821808143737,0.031068086490331347,-0.15900466802214394,0.5664233913131519,-0.15801773195198848,0.14497046387962337,0.048827971971127544,0.048827971971127544,28.97789142513986
19,35.1429828,-0.8643112741197029,-0.800195607513,-0.8577840006495733,1.8980731694022597,0.26410487844356834,0.32815846194606996,-0.14786517281979797,0.5604701087234611,-0.16000467321252393,0.3794579765753065,0.1738284297597572,0.36773705273997803,0.07091909238219761,-0.21955870808482653,0.6333724305152902,0.3152374229387152,0.08173871422773853,-0.025149374312328738,-0.13124456727048878,0.48082546981182767,-0.4491349784579083,-0.11524315958467332,-0.11546759712493793,0.6337510337681586,-0.07593449624704801,0.2872531407655714,-0.6170351931530733,0.13172340098589014,-0.13532409623287778,-0.06276140279715735,-0.06276140279715735,33.0316375552957
18,28.07421375,-0.9760614385160687,-0.7529457178706341,-0.9671398546186459,1.6210331523693653,0.0404668302060878,0.8038539583296169,0.10891339306289818,0.025831768912351567,0.013406231502378156,-0.009786275913858772,-0.27189021811418,-0.04103147026173901,0.28083315326611397,-0.514602425274201,0.5080876304051596,0.2975396655672714,-0.08787422763001011,0.21341727747680886,-0.06968972595657234,-0.01498758736559137,0.18537845680491138,-0.09101611784409334,0.24387177869684737,-0.6808323252573605,0.09643949187123918,-0.3609893018981306,0.5834248607839133,-0.09334720378233691,0.12182634940966612,0.0760508167007407,0.07605081670074067,29.283465304786045
17,24.3548913,-1.0833580584380755,-0.6919694292521077,-1.0062922720041987,1.0812489871281319,-0.19205462197998394,0.9913894201873439,0.31784081416717597,-0.5248756402398254,0.17712348013734902,-0.38981115208242834,-0.42965835403230873,-0.39623794304767396,0.08814789854564037,0.06370850496935204,-0.616209758757183,-0.345377696453777,-0.0610080034009342,-0.08183778774231953,0.18403856074316258,-0.4658378824462363,0.24250308063138223,0.22666618006593864,-0.23231946415271681,0.456943841594405,-0.08600463122033307,0.3662201674547566,-0.47018003192069757,0.046409062221915355,-0.10486137481015491,-0.0885598463117765,-0.0885598463117765,27.41446747072463
16,24.94848884,-1.185711564018587,-0.6183783554773787,-0.9723992292479094,0.36621125368635293,-0.38241564849017684,0.8235384258492848,0.3871247406791904,-0.7490756744201733,0.21276789191078932,-0.4026058646375306,-0.13238862993541803,-0.23419956773202885,-0.23090521272491724,0.5338968999054974,-0.5289025552149971,-0.2625534790456454,0.1022668352322138,-0.17239158001268068,-0.06973011593876655,0.48082546981182767,-0.4556842552417555,-0.18647133187508025,0.08744045491633752,-0.05119270919896663,0.04797764127344686,-0.30195307092375356,0.2927580439743833,0.004785787545053077,0.08491200255640452,0.10016013205903394,0.10016013205903394,27.234156051659266
15,30.44357777,-1.2826549396874534,-0.5335140812261144,-0.8679209786766792,-0.40818360257150804,-0.4888276069735483,0.3604710445456207,0.28632525051856794,-0.5073010788797924,0.09456602938490102,-0.03611687339721658,0.3050897932144951,0.23356046287303425,-0.2189351540763311,0.0979851369691938,0.5983439804859415,0.3719739274325256,0.03688188308613737,0.16825855988284003,-0.13121396952559808,-0.01498758736559137,0.265424885180535,0.0016142555627960482,0.10762008723162894,-0.37493300939995455,0.005441604445592745,0.18038404254899243,-0.07537608689826637,-0.05554167776096645,-0.06254599994943903,-0.11073263931305143,-0.11073263931305141,29.99594430373462
14,30.40151355,-1.3737458550564445,-0.43892370459522584,-0.7004414619544839,-1.1164182740031026,-0.487930614598794,-0.23181551589559468,0.05972864183122329,0.050048351701008305,-0.0920137785419217,0.36439681225220494,0.41945706231872354,0.39643311895737376,0.1068979302434059,-0.5042215568660444,0.5491139926147437,0.22487313853738725,-0.11096776693457795,0.08804271179500184,0.16913227824565877,-0.4658378824462363,0.1598286919766035,0.1844951409003837,-0.24091813106541035,0.6518362109630941,-0.057115066811922875,-0.0245833566513509,-0.15229431883903782,0.10120320269106624,0.03839991257943197,0.12016887984251452,0.12016887984251452,30.055414919978897
13,19.346418,-1.4585686831713567,-0.33633163309261793,-0.48211780152343586,-1.6436989852899446,-0.37992158191124614,-0.7410024456490374,-0.19310977061696452,0.5762643962323127,-0.21206109942030585,0.42162247171579165,0.08959034361750147,0.04180614635806852,0.27948331907207785,-0.2506914364214391,-0.5797954808786682,-0.39475320255466834,-0.010703096091811344,-0.21239481719952394,0.003086497776261086,0.48082546981182767,-0.44357776507537855,-0.2274754145549937,0.23595475877750904,-0.6693100273924755,0.09046479142294782,-0.1358825370648997,0.35917733237753097,-0.1375822193609483,-0.013160947977627001,-0.12837202505031736,-0.12837202505031736,25.0166420960558
12,22.11019261,-1.5367363969224774,-0.22760814723362194,-0.22879783074140672,-1.9045617709657794,-0.18851098641985803,-0.9845599185722286,-0.36110532460620187,0.7440058595893659,-0.17877320709221287,0.08164941471329792,-0.3351587341839759,-0.36739413049466063,0.0514044997307138,0.4282982627525876,-0.5686988809876794,-0.18488529532575934,0.11349277109125819,0.01843188574437559,-0.1714704786219222,-0.01498758736559137,0.3346047875707676,0.09398298336285911,-0.0955784188355833,0.4203999179983193,-0.09479147173672892,0.27056186781019115,-0.5170344851093203,0.16134199025878096,-0.012452582591323697,0.13525789956599873,0.1352578995659987,25.405932523443433
11,24.87396722,-1.607892334960518,-0.11473530483403908,0.041130279932897564,-1.8567248489945827,0.0442821248897089,-0.875179128035159,-0.37044910325307884,0.44892645347877397,-0.016219608323736673,-0.3352432680206009,-0.4049515735296523,-0.2970019691283705,-0.2503672442881034,0.3804039444968302,0.5605854241098954,0.4134817756321676,-0.016071373304743158,0.20315481952726158,0.12681229583878648,-0.4658378824462363,0.07061089789322858,0.11242032180682672,-0.0996497808664996,-0.004171561470511066,0.06870701596162329,-0.35389640626259594,0.6043190865850294,-0.17030323386228613,0.03771170756200669,-0.14075584499895077,-0.14075584499895077,26.51482778628565
10,24.87396722,-1.671711829060548,0.00022919242647761602,0.3080727965536198,-1.5079418370601505,0.2673542869404908,-0.45207014702561255,-0.21703591350249543,-0.12541490849967518,0.15806191747729906,-0.4363126616878854,-0.04587273913896411,0.16109344252758412,-0.19321526428124292,-0.31309081501432895,0.5876348736208896,0.14300027879431063,-0.10970131822099169,-0.12027442565451857,0.07540283842285371,0.48082546981182767,-0.41331114908864125,-0.23160928643864326,0.23768959147603685,-0.4137170673912679,-0.0205798766582627,0.37007167493386667,-0.6091172370766578,0.1636440115809896,-0.061897541897418425,0.14480944498912254,0.14480944498912254,25.80435108052107
9,23.4548169,-1.7279036855086352,0.11518951144862531,0.5526527056024644,-0.9147450122761892,0.43173600755603925,0.1330938289555169,0.03173209558721683,-0.6217398997091345,0.21805346797188074,-0.12634412254510938,0.3617884929984971,0.4088991667057407,0.14092799064905412,-0.47522523704626285,-0.5407357292028776,-0.42796746616143966,0.041951388033680086,-0.142860640814725,-0.18393430205815214,-0.01498758736559137,0.3900859306434599,0.17111853787855097,-0.23932082474218375,0.6669472090326505,-0.03414972822855425,-0.3160180771475397,0.5307740136897812,-0.1419751171861267,0.08432174685140864,-0.14737710411521762,-0.1473771041152176,24.498353117943704
8,21.34834379,-1.7762115137519812,0.2280498953034886,0.7571162664466619,-0.17328231228354582,0.5013417021092514,0.6705472451395779,0.2665585952136289,-0.7313015378383826,0.12037689784802098,0.30264967420248096,0.3862907336091334,0.12293221443396311,0.27303843027621166,0.16916621209432656,-0.6059003642032706,-0.0996478858921369,0.0998044221962433,0.19189118841514727,0.0639380214954382,-0.4658378824462363,-0.021497714646323354,0.02212392491810348,0.10360732604509124,-0.6547338213856412,0.07792336826400305,0.2019934174253121,-0.37998286397435926,0.10728405389757188,-0.10434612037118114,0.14843247472000434,0.14843247472000434,20.628480293626176
7,24.016868399999996,-1.8164148962502007,0.33675286943396954,0.9066217325085921,0.5962667432990281,0.4608913128666849,0.9676274998701212,0.38427246458589964,-0.38594523517050944,-0.0643407059548954,0.44652569332569536,0.001684418281126791,-0.3235091590722183,0.013723983331176795,0.5264581640988862,0.520269045019588,0.4380616313553829,-0.06549659203249188,0.04666461622594114,0.13549755699777788,0.48082546981182767,-0.366123526096217,-0.19820291147816388,0.09156577229369839,0.38193780599939176,-0.09669752139030588,-0.04963626781389987,0.1773260052654791,-0.06275273763269722,0.12140076058897759,-0.147964727272933,-0.14796472727293297,23.211008416616224
6,24.016868399999996,-1.848330394190007,0.4393167499584865,0.9903166945369514,1.269170275411539,0.31926463460567833,0.9178393080608099,0.33315606597964564,0.19949453862364802,-0.20253541662739705,0.1697423687086934,-0.38470581229680056,-0.347645075012347,-0.2652650149702008,-0.00972543261705843,0.6234745114787212,0.0552729708355755,-0.08435289623480131,-0.21528439686297432,-0.16658524878058584,-0.01498758736559137,0.42959690988245824,0.22051845083019445,-0.23418984375096605,0.04286862013614452,0.08444903684065835,-0.1121404052570661,0.049534942253817535,0.012465646946286357,-0.1350002854625347,0.1459786614957739,0.1459786614957739,24.496864232425597
5,20.8533492,-1.8718123844744459,0.5338717702906722,1.0021258430187887,1.7363611344322387,0.10755199455182204,0.5390303980484704,0.1356674104940769,0.6608355104664302,-0.1942826582670617,-0.26695048517659864,-0.36366602802690234,0.08203123771737884,-0.16397300927062622,-0.5294035653918298,-0.49920872441795755,-0.44366069141951947,0.08539657347653812,0.06125854223305058,-0.009299607213236126,-0.4658378824462363,-0.11272620822238055,-0.07175841455244536,0.2424138213044129,-0.45061342929428005,-0.045107491017845995,0.25263608310810143,-0.2696346246121736,0.03896481141694684,0.14475764694670826,-0.1424946571109772,-0.1424946571109772,23.210661175543112
4,22.23668339,-1.8867537241676813,0.6186941674772701,0.9411919670733923,1.9221149811490035,-0.12777079258335358,-0.0330064192256289,-0.12142677851404132,0.711093072700082,-0.045549760413266326,-0.45215676710417724,0.04252118698765701,0.4046248345255627,0.17238889662478116,-0.15060737800350876,-0.6403372630263955,-0.010330880301960986,0.06420669730835442,0.18457517939659052,0.17363023849427717,0.48082546981182767,-0.3039467629277259,-0.13267094113882025,-0.1115180154160864,0.6790150799584972,-0.00870550485040787,-0.3451887624950147,0.4529305658006672,-0.08682135932855395,-0.15039514653928376,0.13754846471814205,0.13754846471814203,23.039907338646074
3,21.34834379,-1.89308623936364,0.6922376068513001,0.811938178286218,1.7963240190860592,-0.33504493944774194,-0.5932113224995847,-0.32517206161398743,0.3190036964820472,0.1361188443833148,-0.21139882847120137,0.4036755293707977,0.1990254232070093,0.2616159789006751,0.4837912843381037,0.47757879760583827,0.4447071924208526,-0.10054379594372123,-0.15378701444877663,-0.12223532927708555,-0.01498758736559137,0.45152014115537503,0.23417576811504684,-0.08337728551365527,-0.637170215121666,0.05972558815092027,0.3722346302399452,-0.5744038114224339,0.12671452304182895,0.1517523386940311,-0.1311908389444867,-0.1311908389444867,22.186781770229747
2,19.36394446,-1.8907810362479103,0.7531613721207807,0.6237468427348986,1.379376997931361,-0.4687689831069179,-0.9407659136101283,-0.38605286349074946,-0.2715270848220989,0.21936387181473826,0.22851202293108067,0.33730961687835126,-0.2663796846666472,-0.024206724903275818,0.29712625593031633,0.6564693781408776,-0.03471721904346635,-0.04048706510954263,-0.10748097019640186,-0.08102991488264458,-0.4658378824462363,-0.1993396775890464,-0.1540098361230085,0.23042288116583953,0.3417329993929982,-0.09158442249128321,-0.3286411653672525,0.6174738874476381,-0.15498524225188115,-0.14879059716663184,0.12348701763369105,0.12348701763369105,22.07721230575559
1,11.93907727,-1.879848632933588,0.8003548069802557,0.39027852711808797,0.7388545157505151,-0.4995874071684758,-0.9510812147507276,-0.2773211783857637,-0.6931500546330156,0.14399326372196714,0.4531481005863038,-0.08629046733758795,-0.38405555067875613,-0.27532693448337797,-0.393804947190536,-0.4554039447221019,-0.44119039584296643,0.11009523851850964,0.20766776914748103,0.18362017099782146,0.48082546981182767,-0.22932638357274537,-0.045635083990889475,-0.24523021929901032,0.08971320206147174,0.09406101088720074,0.22268114266715883,-0.5762619497460874,0.16904048454855364,0.14159421433340505,-0.11451605241733984,-0.11451605241733982,19.279391564831595
0,8.398336975,-1.8603389114695368,0.8329575626681063,0.1284803958106109,-0.02142474013172412,-0.42073485569513236,-0.6204594677626791,-0.046748317610168094,-0.683587830373206,-0.03549468533272739,0.25088605018527343,-0.4185029892531807,-0.00038933560323696064,-0.1317414830640253,-0.41639227177705634,-0.6718524497861763,0.07940907274160416,0.0145141192903771,0.0033760657857308416,-0.05807297260971183,-0.01498758736559137,0.4549580847980268,0.20987685197278558,0.11930146070849212,-0.485453745472182,-0.06636081069296329,-0.07446270007099542,0.4563932161118908,-0.1675910822054407,-0.1303680021957705,0.10436999753820828,0.10436999753820828,18.019183413444587
