<?xml version="1.0" encoding="UTF-8"?>
<metadata xml:lang="en"><Esri><CreaDate>20210310</CreaDate><CreaTime>01351200</CreaTime><ArcGISFormat>1.0</ArcGISFormat><SyncOnce>TRUE</SyncOnce><DataProperties><lineage><Process ToolSource="c:\program files\arcgis\pro\Resources\ArcToolbox\toolboxes\Conversion Tools.tbx\RasterToASCII" Date="20210310" Time="013512">RasterToASCII F:\usu-RiverBuilder\samples\sfe_209\sfe_209_v0\sfe_209_v0\sfe_209_v0.tif F:\usu-RiverBuilder\samples\sfe_209\sfe_209_v0\sfe_209_v0\sfe_209_v0.asc</Process></lineage></DataProperties></Esri></metadata>
