,raw_series,harmonic_2,harmonic_4,harmonic_5,harmonic_6,harmonic_8,harmonic_10,harmonic_11,harmonic_12,harmonic_16,harmonic_115,harmonic_119,harmonic_120,harmonic_121,harmonic_123,harmonic_125,harmonic_126,harmonic_127,harmonic_129,all_18_harmonics
0,0.0608,-0.015472720939392831,0.08361486374018877,-0.02095708968423655,-0.013455498054951016,-0.00019075452258293012,0.031762928333104776,0.033819638143289484,0.042922233780861935,0.004075184516195728,0.027759934652731716,0.03176292833310477,0.06297758036810235,-0.00019075452258294733,-0.013455498054951016,0.08361486374018877,-0.20058671367760997,-0.015472720939392835,0.0,-0.11439144715285646
1,0.0254,-0.015205771539287883,0.10881456145662682,0.013565910688838645,-0.010250220265766016,0.01337291454085655,0.060963842945448404,0.05206105314032516,0.023409739069890398,0.011861082017252039,0.006803218061231158,0.060963842945448404,0.06325228088794048,0.013372914540856543,-0.010250220265766016,0.10881456145662685,-0.20222381991426563,-0.015205771539287889,0.0,-0.015352463287852641
2,-0.053,-0.01479464204419301,0.12989695318572514,0.04728829969181683,-0.006175736096430659,0.02493172178599493,0.07598562176007512,0.05571214905730739,-0.0038748911775419084,0.0128007337570642,-0.01719618229456816,0.0759856217600751,0.051565752126711974,0.024931721785994933,-0.006175736096430658,0.12989695318572517,-0.19955087652037826,-0.014794642044193014,0.0,-0.009185149133337702
3,-0.1834,-0.014243230756111683,0.14606432714579118,0.07821990293229013,-0.0015775569158699748,0.03275277561017669,0.07333445875287235,0.04374969161049885,-0.029873040643151782,0.006351770436492581,-0.033504730438269535,0.07333445875287237,0.030127957868339182,0.032752775610176706,-0.0015775569158699748,0.14606432714579118,-0.1926248526437573,-0.014243230756111688,0.0,-0.06454844575520355
4,-0.4117,-0.013556766119499263,0.15670494512169753,0.10453524817933585,0.0031543971983771747,0.035663546858065186,0.053626968600422244,0.019526207508494063,-0.04595321024270653,-0.0037634504282038346,-0.03482856128874323,0.05362696860042225,0.002992860575599,0.0356635468580652,0.0031543971983771747,0.15670494512169755,-0.18159336445871496,-0.01355676611949927,0.0,-0.1394581528831324
5,-0.3002,-0.012741757145507094,0.16141618930646395,0.12468129818421646,0.007618862214900725,0.03322765390777301,0.021446772767562627,-0.010169574612614621,-0.04677671349175229,-0.01170639843412844,-0.020575602300443804,0.021446772767562645,-0.024708197201861494,0.03322765390777304,0.007618862214900724,0.16141618930646398,-0.16669152898359493,-0.012741757145507099,0.0,-0.1990594780195659
6,-0.1585,-0.011805931693979983,0.1600197964820974,0.1374691053660135,0.011437256856839668,0.025810284823172838,-0.015721571594026703,-0.03701529263481768,-0.032070143717656326,-0.012892384424065331,0.002879626921848285,-0.015721571594026696,-0.04773684779171618,0.025810284823172866,0.011437256856839668,0.1600197964820974,-0.14823695296972428,-0.011805931693979988,0.0,-0.22571025493737182
7,-0.133,-0.01075816319841301,0.1525686031114708,0.1421439792315352,0.01428578583993167,0.014523448510365784,-0.049233350230507386,-0.053487326342032855,-0.006716146268128003,-0.006636854362835384,0.02504696650081475,-0.049233350230507386,-0.06173829219111454,0.014523448510365803,0.01428578583993167,0.15256860311147083,-0.12662296366492254,-0.010758163198413015,0.0,-0.21830368757349303
8,-0.1023,-0.009608386528656606,0.13934454612165567,0.13843002550015762,0.015922897324123483,0.0010592628022914826,-0.0712943028532871,-0.054969322180330404,0.02086764105316032,0.003449484387135372,0.03601225469306253,-0.07129430285328708,-0.06406480790884696,0.0010592628022915032,0.01592289732412348,0.13934454612165567,-0.10231022572608925,-0.009608386528656615,0.0,-0.1837633445179716
9,-0.0277,-0.008367503789154102,0.12084799502471202,0.12654642839427147,0.016209766219789534,-0.012563727147100034,-0.07677343331854829,-0.04104594486830925,0.04152328047381788,0.011544772250723779,0.03087135583027654,-0.07677343331854829,-0.0542764426216904,-0.012563727147100025,0.016209766219789534,0.12084799502471205,-0.07581692295182536,-0.008367503789154112,0.0,-0.12750942236374335
10,0.1499,-0.0070472809459264,0.09777881902524946,0.10719451517297865,0.015122066388767457,-0.02430316831766562,-0.06439639061482563,-0.015619276776581571,0.04839300956042666,0.01297638912956688,0.011923494979611262,-0.06439639061482565,-0.034224210709567986,-0.02430316831766562,0.015122066388767457,0.09777881902524947,-0.047707714094410755,-0.007047280945926407,0.0,-0.0494744799447689
11,0.0945,-0.005660236262479734,0.07100990549416858,0.08151636631384307,0.012752033471687385,-0.032399088543341364,-0.037041860874606924,0.014184756316882432,0.039196048275221794,0.006918002234274191,-0.012357051706144772,-0.03704186087460693,-0.00770005991145442,-0.03239908854334137,0.012752033471687385,0.07100990549416858,-0.01858169813883214,-0.005660236262479741,0.0,0.05177034998222107
12,0.048,-0.004219521602479679,0.04155413181185594,0.05102741402124902,0.009300643416312367,-0.035637750811535134,-0.0010720347527088672,0.040013454524625264,0.01698582790245592,-0.0031334725937878964,-0.031111007848647974,-0.0010720347527088808,0.02028019935873191,-0.035637750811535154,0.009300643416312367,0.041554131811855965,0.010940354451956347,-0.004219521602479686,0.0,0.16969251619795644
13,0.1167,-0.002738797724671394,0.010526040294343859,0.017527006855546326,0.005060569958302392,-0.033533616214177435,0.035147128117073205,0.0546282215151894,-0.010863761463819314,-0.011376299321112443,-0.035950819593592045,0.035147128117073205,0.04442540144220131,-0.033533616214177456,0.005060569958302392,0.010526040294343859,0.04022923238170021,-0.0027387977246713996,0.0,0.2820035420269378
14,0.0952,-0.0012321047524912088,-0.020900333660249536,-0.017007781362352425,0.00039136623958528936,-0.026402135740050157,0.06319167668444538,0.0539332101857855,-0.03510653461225883,-0.013052698053712184,-0.024711920630436174,0.06319167668444535,0.06016960351280144,-0.026402135740050188,0.00039136623958528936,-0.020900333660249563,0.06866069406721878,-0.0012321047524912166,0.0,0.35103552556336554
15,0.1409,0.0002862709534320656,-0.051535884513919626,-0.0505388313535189,-0.004311024866680854,-0.015312457992986517,0.0765389338458946,0.03812320025077936,-0.04769378505677936,-0.0071950473131652875,-0.002420816812147254,0.0765389338458946,0.0645355214604537,-0.015312457992986542,-0.004311024866680854,-0.05153588451391962,0.09562877226397372,0.0002862709534320585,0.0,0.3348257703405925
16,0.2595,0.001801932257580194,-0.08022142975224206,-0.08108726086743773,-0.008647846236692572,-0.0019271428752744384,0.07208455836117816,0.011629010445028287,-0.04444649071626687,0.002815602462213444,0.02095297757174863,0.07208455836117818,0.05669754481133645,-0.0019271428752744538,-0.008647846236692572,-0.08022142975224208,0.1205586892058361,0.001801932257580189,0.0,0.20539577580698115
17,0.1731,0.003300507762208576,-0.10587157082580556,-0.10685021121157953,-0.01225134062166406,0.011747088705430404,0.0508645609514104,-0.01812425620884007,-0.026442767483679217,0.011201079559902244,0.034955723710905696,0.050864560951410405,0.03813786257877288,0.011747088705430397,-0.012251340621664058,-0.10587157082580559,0.1429191069952709,0.0033005077622085682,0.0,-0.034057482555516244
18,-0.4403,0.004767788075965475,-0.12751576226712338,-0.1263072455022093,-0.014815936021282882,0.023660201604806627,0.017814346118068227,-0.04279812732180668,0.0003400699555510953,0.013121265940707056,0.03332480765561025,0.017814346118068237,0.01236617609607501,0.02366020160480663,-0.014815936021282882,-0.12751576226712338,0.16223345214814067,0.004767788075965468,0.0,-0.34213128006350574
19,-0.6628,0.006189860546377597,-0.14433503501709585,-0.1383100793934584,-0.01612415782270604,0.03202618686301982,-0.019379177610378284,-0.055477651490411554,0.027010002685398268,0.007467825295068379,0.016789643303479384,-0.019379177610378277,-0.01574399787733088,0.03202618686301983,-0.01612415782270604,-0.1443350350170959,0.17809007293011647,0.0061898605463775935,0.0,-0.6475147316895644
20,-0.7441,0.0075532411786777744,-0.15569298443034146,-0.142150348699012,-0.016065070386799357,0.03559081942947102,-0.052065439694713764,-0.05260934117946115,0.0447124966460927,-0.0024960625085707023,-0.007254552014302951,-0.052065439694713736,-0.04087692635432518,0.03559081942947104,-0.016065070386799354,-0.1556929844303415,0.19015101299870624,0.007553241178677768,0.0,-0.870875606116303
21,-0.8016,0.0088450024901293,-0.161159850440771,-0.13760141450455138,-0.014643684257233626,0.03381969106376379,-0.07264218072310495,-0.034997051865036065,0.047570246585101325,-0.011019216882979042,-0.02805420814011561,-0.07264218072310495,-0.05827988396599091,0.03381969106376382,-0.014643684257233626,-0.16115985044077105,0.1981592143559517,0.008845002490129296,0.0,-0.9520144208713047
22,-0.6899,0.010052896087540928,-0.16052877874639207,-0.12493173858322583,-0.011980531272393041,0.02697832859812819,-0.0763236065064112,-0.007576698311193146,0.034634467050823146,-0.013182052125659201,-0.03630684859482679,-0.0763236065064112,-0.06466191008229794,0.02697832859812821,-0.011980531272393041,-0.16052877874639213,0.20194399609336372,0.010052896087540926,0.0,-0.8709974434921872
23,-0.5864,0.01116546880570085,-0.15382364772552948,-0.10488903974512619,-0.008301443610096363,0.016092386264527345,-0.062253481059682786,0.021967055352049104,0.01019989330322944,-0.007736174406189032,-0.02832154727579724,-0.062253481059682786,-0.058816141067923086,0.016092386264527372,-0.008301443610096363,-0.15382364772552948,0.20142469215915904,0.011165468805700846,0.0,-0.6542282115398776
24,-0.3587,0.01217217130551285,-0.14129816493100086,-0.07865616615616394,-0.00391840348987512,0.002793880036306901,-0.03370427228784808,0.04535445359213653,-0.017621089535617283,0.002175042239323544,-0.007669665038693524,-0.03370427228784809,-0.04184803244990053,0.00279388003630692,-0.00391840348987512,-0.1412981649310009,0.19661237061510553,0.012172171305512847,0.0,-0.36293909456984386
25,-0.2082,0.013063458102114523,-0.12342626734894017,-0.0477812878837509,0.0007969125449211506,-0.010923483531694807,0.002683967467651094,0.05603108419125619,-0.03959179374632339,0.010830819145878332,0.016412412303257316,0.002683967467651087,-0.016966313380713794,-0.010923483531694799,0.0007969125449211506,-0.1234262673489402,0.18760959774000163,0.013063458102114523,0.0,-0.0693273947506209
26,0.0225,0.013830878074517676,-0.10088418865556427,-0.014086529454741857,0.005444651352057174,-0.02300320296545583,0.03844796279626051,0.05100477857530835,-0.04841784964594236,0.01323502055869494,0.033154172166238324,0.03844796279626049,0.011123795355253135,-0.02300320296545583,0.005444651352057173,-0.10088418865556427,0.1746082520075141,0.013830878074517675,0.0,0.16915115771915148
27,0.2541,0.01446715459856468,-0.07452487200782658,0.020439565395783767,0.009630690257122978,-0.03163429172239812,0.06526962674786727,0.031684179065317016,-0.04116896815694888,0.007999935499320297,0.03506799906263679,0.06526962674786727,0.0371103551780106,-0.03163429172239813,0.009630690257122978,-0.0745248720078266,0.15788543452964157,0.01446715459856468,0.0,0.32647272892686185
28,0.3556,0.014966254543385456,-0.04534569653222549,0.053759390440245476,0.013000058183448836,-0.03552278054501283,0.076910704036779,0.0034839612136357808,-0.0202518095694041,-0.0018527320388522723,0.02129794952967677,0.076910704036779,0.056079216022095583,-0.035522780545012844,0.013000058183448836,-0.04534569653222549,0.1377975631276017,0.01496625454338546,0.0,0.40953360953177503
29,0.5163,0.015323445477135444,-0.014450738671133279,0.08390652916654084,0.015267036773506595,-0.034085708796893203,0.07066368136107193,-0.0256926507504055,0.007389038178540145,-0.010635998079820432,-0.0019974341412683397,0.07066368136107191,0.06444329943639716,-0.03408570879689323,0.015267036773506593,-0.014450738671133265,0.11477277590476657,0.015323445477135444,0.0,0.44558465708745604
30,0.5798,0.015535340539593536,0.01699100366490125,0.10910180562446825,0.016239388962818384,-0.027538521680292045,0.04798150818342223,-0.04766879422890953,0.03257669300381905,-0.01328013982633897,-0.02439948169139634,0.04798150818342225,0.06062092776376222,-0.027538521680292076,0.016239388962818384,0.016991003664901236,0.08930180622630157,0.015535340539593536,0.0,0.4631523991662102
31,0.5815,0.015599930556141119,0.04778984343179485,0.12785828500606455,0.015834660452375065,-0.016862770780485984,0.014139665807740068,-0.056285566814808986,0.04694874357996695,-0.00825895214822658,-0.035889060152406005,0.014139665807740068,0.04533492496139854,-0.016862770780486005,0.015834660452375065,0.047789843431794855,0.06192752358947349,0.015599930556141122,0.0,0.4763852811973788
32,0.539,0.015516603088619624,0.07678041961832022,0.13906902720238068,0.014087171734262164,-0.003658960257979708,-0.022990818358481484,-0.049128083409070974,0.045733606392908646,0.0015293230565442118,-0.03132754931143524,-0.022990818358481463,0.02147592804260253,-0.0036589602579797324,0.014087171734262162,0.07678041961832024,0.033233363302819494,0.015516603088619628,0.0,0.4801685799599674
33,0.5987,0.015286148242427614,0.1028657919683997,0.1420724144366623,0.011145107755109311,0.010093400073432672,-0.05477403568823974,-0.02820225746139896,0.029334712291873816,0.010434869225447122,-0.01275504767063068,-0.05477403568823974,-0.006444242571990343,0.010093400073432662,0.011145107755109311,0.1028657919683997,0.0038308915754769663,0.015286148242427617,0.0,0.45727213996592475
34,0.3903,0.014910751174794956,0.12505894681105711,0.13669119757144102,0.007257952010410841,0.02233256203942975,-0.07381775936587533,0.0006273643244119209,0.0031965656867916424,0.013317383170144451,0.011522044960935314,-0.07381775936587533,-0.03314578420017645,0.02233256203942975,0.007257952010410841,0.12505894681105714,-0.025653228954793637,0.014910751174794961,0.0,0.3924364645231812
35,0.4189,0.014393971375270109,0.14252014350782974,0.12324295671660203,0.0027553306434423756,0.031223635538929713,-0.0756927485319986,0.029281164740494855,-0.024002854676822043,0.008513070740413865,0.0306459970024709,-0.07569274853199859,-0.05357934119676556,0.031223635538929727,0.002755330643442375,0.14252014350782977,-0.05459059544775191,0.014393971375270114,0.0,0.28491335817118707
36,0.1765,0.013740708914881482,0.1545886884094177,0.1025213587908761,-0.001980939456197976,0.035433674509322464,-0.05996291312533341,0.04972880122347602,-0.0432332225339865,-0.0012050070934305724,0.03606377695295752,-0.05996291312533343,-0.06388085590513419,0.03543367450932248,-0.001980939456197976,0.1545886884094177,-0.08236445817621565,0.013740708914881487,0.0,0.15220025536659282
37,0.04,0.012957157983996121,0.16080793406426103,0.07574931814822278,-0.006549228266717203,0.03433151164900647,-0.03028674089092594,0.056239741586165536,-0.04810997183056245,-0.010227551864299068,0.025352326938088865,-0.030286740890925947,-0.06210227558094926,0.03433151164900649,-0.006549228266717203,0.16080793406426108,-0.10838286547572559,0.012957157983996128,0.0,0.022772382880672626
38,-0.0213,0.012050748159426536,0.1609425577634443,0.04450682456086158,-0.010562150378092987,0.028082382758258927,0.006433603613706958,0.04698926866145606,-0.03701400051687865,-0.01334672850256237,0.003302255572641679,0.006433603613706937,-0.0485799360330342,0.02808238275825896,-0.010562150378092985,0.16094255776344432,-0.13209128016655622,0.012050748159426543,0.0,-0.0782232119755727
39,-0.1128,0.011030073957686964,0.15498746563942556,0.010637697892416073,-0.01367941481005208,0.017623154656382783,0.0416576031554893,0.02456986461157191,-0.013629219494340771,-0.008762140568231163,-0.02022472265159047,0.0416576031554893,-0.02587095933633198,0.017623154656382808,-0.01367941481005208,0.1549874656394256,-0.1529843985509419,0.011030073957686971,0.0,-0.14237205519877016
40,-0.2401,0.0099048133423704,0.14316798540688905,-0.02385922753423093,-0.015636681278910623,0.004521870495548668,0.06719276446773903,-0.004735342602345344,0.01428052188123388,0.0008799764884368863,-0.03470635870163637,0.06719276446773903,0.001730306966356892,0.004521870495548684,-0.015636681278910623,0.14316798540688908,-0.17061692008411145,0.009904813342370406,0.0,-0.18286956824872858
41,-0.3705,0.00868563595835383,0.1259313404528266,-0.056948066966227166,-0.016267975936470627,-0.009257330620196848,0.07710005053490938,-0.03271345104752729,0.03744906766889619,0.010014168948074682,-0.033665859022831646,0.07710005053490937,0.0290043661223519,-0.009257330620196838,-0.016267975936470624,0.12593134045282664,-0.18461303818229163,0.008685635958353838,0.0,-0.22769452695038656
42,-0.3399,0.007384101962948761,0.10392972787770903,-0.0866760358334688,-0.01551976575320895,-0.0216486765572437,0.06907519791581707,-0.05152348354721079,0.048184359554505715,0.013368158420040797,-0.017568578606147172,0.06907519791581708,0.05079359740382203,-0.0216486765572437,-0.01551976575320895,0.10392972787770906,-0.1946744498875832,0.007384101962948769,0.0,-0.3041551880840346
43,-0.3293,0.006012552413273233,0.0779956407778097,-0.11128869608672222,-0.013455498054951014,-0.030794461856497972,0.04498464857909897,-0.055893853002748,0.042922233780861935,0.009006013918249244,0.006386105234271872,0.04498464857909898,0.06297758036810233,-0.030794461856497982,-0.013455498054951014,0.0779956407778097,-0.20058671367760997,0.0060125524132732385,0.0,-0.42265107540868596
44,-0.3797,0.004583992249184762,0.04911036851976515,-0.12933349683581374,-0.010250220265766016,-0.03532355416765303,0.010431447772289482,-0.04459974583454928,0.023409739069890394,-0.0005544240043144213,0.027484655618650256,0.0104314477722895,0.06325228088794049,-0.035323554167653044,-0.010250220265766016,0.04911036851976514,-0.20222381991426563,0.0045839922491847694,0.0,-0.5682317829041842
45,-0.6791,0.0031119669813221814,0.018366866888370696,-0.1397454986909577,-0.006175736096430659,-0.034556953844187964,-0.02654792742550182,-0.020806380903327638,-0.0038748911775419084,-0.009794847025712351,0.03629091804966027,-0.02654792742550181,0.05156575212671197,-0.034556953844187985,-0.006175736096430659,0.018366866888370723,-0.19955087652037826,0.003111966981322189,0.0,-0.70478096011285
46,-0.8876,0.0016104342534919655,-0.013071596979656958,-0.141910222664204,-0.0015775569158699757,-0.028609589289609487,-0.05735271372063886,0.008818055778640853,-0.029873040643151782,-0.013381660213346231,0.028866363513263597,-0.057352713720638854,0.030127957868339172,-0.028609589289609508,-0.0015775569158699757,-0.01307159697965697,-0.1926248526437573,0.0016104342534919716,0.0,-0.7902804561956882
47,-1.1509,9.363149723579488e-05,-0.04401546009032286,-0.1356999145143628,0.003154397198377172,-0.0183730869387208,-0.0748182504389374,0.035971196938997564,-0.04595321024270653,-0.009244546158863613,0.00853156344223258,-0.07481825043893739,0.0029928605755989964,-0.018373086938720827,0.0031543971983771712,-0.04401546009032289,-0.181593364458715,9.363149723580349e-05,0.0,-0.795873921963166
48,-1.0544,-0.0014240590665302165,-0.07329387406495898,-0.12148108434389693,0.0076188622149007245,-0.005382098991201008,-0.07488235572072754,0.05304326579340631,-0.046776713491752296,0.00022854271332024004,-0.01561890876162263,-0.07488235572072754,-0.024708197201861487,-0.005382098991201028,0.0076188622149007245,-0.07329387406495898,-0.16669152898359493,-0.0014240590665302098,0.0,-0.7193233067312605
49,-0.4517,-0.0029282467987593284,-0.09979900749254932,-0.10009287648782844,0.01143725685683967,0.008415771011596216,-0.05753011978585211,0.05524974652980551,-0.03207014371765632,0.009569716168339279,-0.03278395147059366,-0.05753011978585212,-0.04773684779171617,0.008415771011596206,0.01143725685683967,-0.09979900749254933,-0.14823695296972428,-0.0029282467987593245,0.0,-0.5860866577466459
50,-0.3012,-0.004404669093338123,-0.12252796385726167,-0.07279754622619945,0.01428578583993167,0.020951952104233566,-0.026797372690739514,0.04197226406651397,-0.006716146268128,0.013387225875100954,-0.03528663939814494,-0.026797372690739524,-0.06173829219111455,0.020951952104233566,0.014285785839931668,-0.1225279638572617,-0.1266229636649226,-0.004404669093338115,0.0,-0.4373610381391662
51,-0.1615,-0.005839326614150863,-0.14062072895811334,-0.04120596600681348,0.015922897324123487,0.03034702520097992,0.01016797996278621,0.016931886150607017,0.020867641053160316,0.009477595826069779,-0.02200766579036525,0.0101679799627862,-0.06406480790884696,0.03034702520097993,0.015922897324123487,-0.14062072895811334,-0.10231022572608929,-0.005839326614150857,0.0,-0.3109529512994024
52,-0.11900000000000001,-0.0072186160358355695,-0.15339271197306648,-0.007182557533683485,0.016209766219789534,0.03519248482800848,0.04476843628243385,-0.012853720812023576,0.04152328047381788,9.747411728628798e-05,0.0011140567617779367,0.04476843628243385,-0.0542764426216904,0.03519248482800849,0.016209766219789534,-0.1533927119730665,-0.07581692295182536,-0.007218616035835567,0.0,-0.22444705251772631
53,0.0147,-0.008529459029592996,-0.1603606488845693,0.02726473971180694,0.015122066388767457,0.034761901681619606,0.06895652837386054,-0.0390370209310363,0.04839300956042666,-0.009338909892131464,0.02373752651780899,0.06895652837386053,-0.03422421070956799,0.034761901681619634,0.015122066388767454,-0.16036064888456933,-0.047707714094410755,-0.00852945902959299,0.0,-0.1689852764400954
54,0.1033,-0.009759426271013758,-0.161260888137342,0.06010296985397582,0.012752033471687385,0.029119828609074954,0.07710652423131142,-0.05428003926621056,0.0391960482752218,-0.013384852104531882,0.03574458123461988,0.07710652423131144,-0.0077000599114544245,0.02911982860907498,0.012752033471687385,-0.16126088813734202,-0.018581698138832158,-0.009759426271013753,0.0,-0.11660114957673398
55,0.0829,-0.010896855294089835,-0.15605936663894665,0.08939413838373994,0.009300643416312367,0.019112122872428416,0.06732287573264743,-0.05431085875405863,0.016985827902455918,-0.00970502470735992,0.031765163666496496,0.06732287573264745,0.020280199358731904,0.01911212287242843,0.009300643416312367,-0.15605936663894668,0.010940354451956357,-0.010896855294089833,0.0,-0.03718243693379493
56,0.0054,-0.011930961073926726,-0.14495289863300967,0.1134095856404065,0.005060569958302392,0.00623913557755868,0.04188109035832412,-0.03912084210942274,-0.01086376146381932,-0.00042343313986262595,0.013579035849128047,0.04188109035832414,0.044425401442201314,0.0062391355775586995,0.0050605699583023914,-0.1449528986330097,0.04022923238170021,-0.011930961073926723,0.0,0.08375560699837055
57,0.078,-0.012851938289618399,-0.1283617286769405,0.13073200610187205,0.00039136623958528855,-0.0075692203432329045,0.006698487495206562,-0.012967052459304674,-0.03510653461225883,0.009102565079130567,-0.0106802049481727,0.006698487495206576,0.060169603512801456,-0.007569220343232893,0.00039136623958528855,-0.12836172867694054,0.06866069406721875,-0.012851938289618397,0.0,0.23571898656399654
58,0.1987,-0.013651054297635459,-0.10691363050324937,0.14033909267079886,-0.004311024866680856,-0.020242801880019215,-0.030042067741727584,0.01682080568341754,-0.04769378505677936,0.013374540309428123,-0.030162811231819832,-0.03004206774172758,0.06453552146045369,-0.020242801880019215,-0.004311024866680856,-0.1069136305032494,0.09562877226397373,-0.01365105429763546,0.0,0.38724597854101456
59,0.2513,-0.014320731934159149,-0.08142015342891619,0.14166386957113986,-0.00864784623669257,-0.029881590929297056,-0.05979535745251483,0.04189456552614704,-0.04444649071626687,0.009926697923691262,-0.03615534631759356,-0.05979535745251481,0.05669754481133646,-0.029881590929297066,-0.008647846236692569,-0.08142015342891619,0.12055868920583611,-0.014320731934159146,0.0,0.5013814450763877
60,0.3369,-0.014854621361235026,-0.05284591509693992,0.13462815322395352,-0.012251340621664058,-0.035040544222411964,-0.07564128088800179,0.05522720524402776,-0.026442767483679224,0.0007491410410498931,-0.025977697786875514,-0.07564128088800179,0.03813786257877288,-0.035040544222411985,-0.012251340621664058,-0.052845915096939935,0.14291910699527094,-0.014854621361235028,0.0,0.554793196165003
61,0.4225,-0.015247660275506045,-0.022272102445842715,0.11964716636168557,-0.014815936021282882,-0.034946233614873444,-0.07389435023481286,0.05308219904802229,0.0003400699555510953,-0.008860821896064583,-0.004181735896423404,-0.07389435023481286,0.012366176096075007,-0.034946233614873465,-0.014815936021282882,-0.0222721024458427,0.1622334521481407,-0.015247660275506046,0.0,0.5507175969746902
62,0.5921,-0.015496121908629807,0.00914443804905933,0.09760503307245005,-0.01612415782270604,-0.029612798113966488,-0.05496087135826109,0.036060693533149654,0.027010002685398264,-0.013356296605306075,0.019484473251152518,-0.054960871358261096,-0.01574399787733088,-0.029612798113966516,-0.016124157822706035,0.009144438049059359,0.17809007293011647,-0.015496121908629807,0.0,0.518894871217767
63,0.5447,-0.01559765036424337,0.04021497292645722,0.06980260096886427,-0.016065070386799357,-0.01983982416462586,-0.02324444408314849,0.008933033932639804,0.04471249664609269,-0.010142484009477473,0.03443641072852615,-0.023244444083148512,-0.04087692635432519,-0.019839824164625885,-0.016065070386799357,0.040214972926457204,0.19015101299870624,-0.01559765036424337,0.0,0.5021183418344807
64,0.5682,-0.015551282956412858,0.06976386082394415,0.03788066982980302,-0.014643684257233622,-0.007092471980238333,0.013878238986768899,-0.020698144278583755,0.047570246585101325,-0.00107440465641933,0.03398694450527392,0.013878238986768892,-0.0582798839659909,-0.0070924719802383535,-0.014643684257233622,0.06976386082394416,0.1981592143559517,-0.015551282956412862,0.0,0.5357350890671144
65,0.5829,-0.015357459337756244,0.09667303618640553,0.003723157485155373,-0.01198053127239304,0.00671818067070849,0.047773083624606985,-0.04452858448753275,0.03463446705082314,0.008613823711220532,0.018337094682145432,0.04777308362460697,-0.06466191008229794,0.006718180670708475,-0.011980531272393038,0.09667303618640556,0.20194399609336375,-0.015357459337756245,0.0,0.6300264104835602
66,0.7595,-0.015018017330687005,0.11992431443127156,-0.03065408225440498,-0.008301443610096363,0.019521646453452286,0.07055673501311001,-0.0558797101865532,0.010199893303229441,0.013330131811782555,-0.005513871108692645,0.07055673501311002,-0.05881614106792309,0.019521646453452283,-0.008301443610096363,0.11992431443127159,0.20142469215915906,-0.015018017330687009,0.0,0.7640636734939505
67,0.875,-0.014536175501306597,0.13863791783532778,-0.06322222805580771,-0.003918403489875119,0.029398435072042695,0.07693010977109253,-0.05157032284283592,-0.017621089535617286,0.010352254990555679,-0.02689880303881112,0.07693010977109253,-0.04184803244990053,0.029398435072042702,-0.003918403489875119,0.13863791783532783,0.1966123706151055,-0.014536175501306604,0.0,0.8940521288187939
68,0.9026,-0.013916502641178852,0.1521057644074435,-0.09205922481861399,0.0007969125449211489,0.034867822460806115,0.06541087112618212,-0.03280814555439249,-0.03959179374632339,0.0013990310850304638,-0.03625346480139514,0.06541087112618212,-0.0169663133807138,0.03486782246080613,0.0007969125449211489,0.1521057644074435,0.18760959774000163,-0.013916502641178857,0.0,0.9721419294205886
69,0.8963,-0.013164874446358058,0.15981826016878298,-0.11546321647010553,0.005444651352057175,0.03510984032399606,0.03867819481831115,-0.004851353804862614,-0.04841784964594237,-0.008361717009418422,-0.029394060256244258,0.03867819481831116,0.011123795355253128,0.03510984032399608,0.005444651352057175,0.15981826016878298,0.1746082520075141,-0.013164874446358063,0.0,0.966707657379703
70,0.7868,-0.012288417804437287,0.16148358107897498,-0.13205298340390118,0.00963069025712298,0.03008820544363685,0.002949639145844929,0.024465049318497686,-0.04116896815694888,-0.013296061446158117,-0.009388402114114179,0.002949639145844936,0.03711035517801059,0.030088205443636874,0.00963069025712298,0.16148358107897504,0.15788543452964157,-0.012288417804437292,0.0,0.8746174136841335
71,0.7155,-0.011295443217883325,0.15703871502215394,-0.14084945710487476,0.013000058183448834,0.020555759244559428,-0.03346495159236708,0.04692502418436586,-0.0202518095694041,-0.010555886460082872,0.014816142265120267,-0.03346495159236706,0.05607921602209559,0.020555759244559456,0.013000058183448833,0.15703871502215394,0.1377975631276017,-0.011295443217883332,0.0,0.720189296131492
72,0.6629999999999999,-0.010195366004415635,0.14665184604817202,-0.14133350125971156,0.015267036773506595,0.007941602119288696,-0.062096173202802966,0.0562340726975973,0.007389038178540147,-0.0017228278038330014,0.03239428791453597,-0.062096173202802966,0.06444329943639718,0.007941602119288719,0.015267036773506595,0.14665184604817205,0.1147727759047666,-0.010195366004415644,0.0,0.5421880741736196
73,0.5816,-0.008998617021601965,0.13071599065448886,-0.13347654931929603,0.016239388962818384,-0.005863156711874733,-0.07628489857577306,0.04978329665220204,0.03257669300381905,0.008104651305136906,0.03548435262836262,-0.07628489857577306,0.06062092776376221,-0.005863156711874724,0.016239388962818384,0.13071599065448888,0.08930180622630156,-0.008998617021601972,0.0,0.3759607210816546
74,0.3822,-0.007716543762173965,0.10983412689797008,-0.11774229039393445,0.015834660452375065,-0.018788913513193405,-0.07273107551411064,0.02938055192390727,0.04694874357996695,0.013254105714214346,0.022704330177963857,-0.07273107551411062,0.04533492496139855,-0.018788913513193402,0.015834660452375065,0.10983412689797008,0.061927523589473475,-0.007716543762173972,0.0,0.23978216002096045
75,0.1618,-0.006361302757870303,0.08479637901861259,-0.09505930398592734,0.014087171734262166,-0.028897844169779197,-0.05226126181597583,0.000743789605487193,0.045733606392908646,0.01075325765231667,-0.0002300186794393448,-0.052261261815975846,0.02147592804260253,-0.028897844169779204,0.014087171734262166,0.08479637901861262,0.03323336330281952,-0.006361302757870311,0.0,0.13178960318070385
76,-0.0655,-0.004945744312026785,0.05655012085933981,-0.06676625855937914,0.01114510775510931,-0.03467442197761235,-0.019636382222276705,-0.02810142273493367,0.029334712291873816,0.0020456027818446013,-0.02306149355939298,-0.019636382222276712,-0.006444242571990344,-0.03467442197761236,0.01114510775510931,0.05655012085933981,0.0038308915754769563,-0.004945744312026791,0.0,0.03803226514677959
77,-0.2039,-0.0034832906538711855,0.026164129303340042,-0.03453290813101085,0.00725795201041084,-0.03525262478034187,0.01755558036116566,-0.049071098573989225,0.0031965656867916368,-0.00784277905384218,-0.03557890362441588,0.017555580361165644,-0.033145784200176456,-0.03525262478034189,0.0072579520104108395,0.026164129303340028,-0.025653228954793644,-0.0034832906538711933,0.0,-0.053743974819814896
78,-0.3714,-0.0019878086698555627,-0.005211855915200146,-0.0002615493796959969,0.002755330643442375,-0.030545768652867848,0.05066441849047147,-0.0562884020998406,-0.024002854676822043,-0.013204289498230626,-0.03218393936375535,0.050664418490471465,-0.05357934119676556,-0.030545768652867872,0.002755330643442375,-0.005211855915200132,-0.054590595447751904,-0.00198780866985557,0.0,-0.1428370324977324
79,-0.3637,-0.0004734784187789052,-0.036390635858292344,0.03402524507748701,-0.0019809394561979767,-0.021259503519548868,0.07198958887213262,-0.04773065503404552,-0.04323322253398651,-0.010944251514236667,-0.014394970840419009,0.07198958887213262,-0.06388085590513418,-0.02125950351954889,-0.0019809394561979767,-0.03639063585829236,-0.08236445817621565,-0.0004734784187789108,0.0,-0.213497179037907
80,-0.2751,0.0010453413225691814,-0.06619247340602168,0.06630399166348759,-0.006549228266717201,-0.00878602240932651,0.07657122558986176,-0.025796200336739503,-0.048109971830562454,-0.002367164594036831,0.009832030929755634,0.07657122558986175,-0.06210227558094926,-0.008786022409326532,-0.0065492282667172,-0.0661924734060217,-0.1083828654757256,0.0010453413225691727,0.0,-0.24343022679835816
81,-0.2255,0.002554249208356668,-0.09348973193947935,0.09466971458110439,-0.010562150378092987,0.005004655547505496,0.06334371916010618,0.003367743033251111,-0.037014000516878656,0.007576255561572711,0.029661737094997552,0.06334371916010621,-0.0485799360330342,0.005004655547505481,-0.010562150378092987,-0.09348973193947935,-0.13209128016655625,0.002554249208356661,0.0,-0.21829534607943785
82,-0.047,0.0040389378762940575,-0.11724954265422173,0.11744837064888339,-0.013679414810052082,0.018045037614067054,0.03538355887341975,0.03158786290235481,-0.013629219494340773,0.013146642342227436,0.036225473381344395,0.035383558873419756,-0.02587095933633197,0.01804503761406705,-0.013679414810052082,-0.11724954265422177,-0.15298439855094187,0.004038937876294053,0.0,-0.14398648018436025
83,0.0276,0.0054853296090737755,-0.13657288606605172,0.13329564532269317,-0.015636681278910623,0.02838011510310209,-0.0008062054216896638,0.050955357420985996,0.014280521881233877,0.011128754774963967,0.026587662294166828,-0.0008062054216896431,0.0017303069663568956,0.028380115103102097,-0.015636681278910623,-0.13657288606605175,-0.17061692008411147,0.005485329609073768,0.0,-0.04926722605792532
84,0.1642,0.006879709818331395,-0.15072860895007065,0.14127628931629593,-0.01626797593647063,0.034460457470981136,-0.036808460275092415,0.056042408522415266,0.037449067668896184,0.0026873225348617654,0.005058736198619232,-0.03680846027509241,0.029004366122351893,0.03446045747098116,-0.01626797593647063,-0.15072860895007067,-0.18461303818229163,0.006879709818331389,0.0,0.02381495217073176
85,0.2349,0.00820885708544285,-0.15918108958612182,0.1409193136582522,-0.01551976575320895,0.035374502304116956,-0.06424970369074147,0.04542334971952158,0.048184359554505715,-0.007305238892833367,-0.018732668382973498,-0.06424970369074147,0.05079359740382201,0.03537450230411698,-0.01551976575320895,-0.15918108958612184,-0.19467444988758317,0.008208857085442849,0.0,0.03784855592324517
86,-0.0066,0.009460168526119597,-0.16161050451799847,0.13224578577095877,-0.013455498054951016,0.0309852163790809,-0.07674757691220375,0.022074214859458506,0.04292223378086193,-0.013081198434444972,-0.034146039887003585,-0.07674757691220374,0.06297758036810233,0.03098521637908093,-0.013455498054951012,-0.1616105045179985,-0.20058671367760997,0.00946016852611959,0.0,-0.022275096135720276
87,-0.207,0.010621779290103122,-0.157924929976392,0.11576758614697508,-0.010250220265766016,0.021950639626796477,-0.07139529071773788,-0.0074613073057758755,0.023409739069890398,-0.011306658012937615,-0.03428787367988142,-0.0713952907177379,0.06325228088794049,0.021950639626796505,-0.010250220265766016,-0.157924929976392,-0.20222381991426566,0.010621779290103116,0.0,-0.14095138162333343
88,-0.3773,0.011682675062870827,-0.14826382007409583,0.09245719899914086,-0.006175736096430659,0.009625232058193035,-0.0494376943345733,-0.03490576815397975,-0.0038748911775419084,-0.0030058867313518495,-0.0190947357550921,-0.049437694334573304,0.05156575212671197,0.009625232058193054,-0.006175736096430659,-0.1482638200740959,-0.19955087652037828,0.011682675062870827,0.0,-0.2774841427641863
89,-0.4617,0.012632796502619715,-0.13299273016613422,0.06369031973191389,-0.0015775569158699766,-0.00414318632056721,-0.015981745032233492,-0.05256774738913972,-0.02987304064315178,0.007029889776853651,0.0046383669250059266,-0.01598174503223351,0.030127957868339186,-0.004143186320567193,-0.0015775569158699757,-0.13299273016613422,-0.1926248526437573,0.012632796502619711,0.0,-0.38367276028810426
90,-0.3672,0.013463134622263468,-0.11268948503137467,0.031164666335026927,0.0031543971983771712,-0.017290459919344383,0.021191281838515152,-0.05549740444749163,-0.04595321024270654,0.01300799658706745,0.02629699784651066,0.021191281838515142,0.0029928605755990033,-0.01729045991934438,0.0031543971983771712,-0.1126894850313747,-0.181593364458715,0.013463134622263465,0.0,-0.42525661130740217
91,-0.2826,0.014165816212037307,-0.08812231524150498,-0.0032002138403195296,0.007618862214900725,-0.027845554916572014,0.05343558295316492,-0.0428736911807917,-0.046776713491752296,0.0114778557208082,0.036194511062066434,0.05343558295316492,-0.024708197201861494,-0.027845554916572018,0.007618862214900725,-0.088122315241505,-0.1666915289835949,0.01416581621203731,0.0,-0.39695224458778494
92,-0.1909,0.014734178492739312,-0.06022078898954809,-0.03737622887818506,0.011437256856839668,-0.03422605583476906,0.07325169137987883,-0.018234453894987814,-0.03207014371765632,0.0033226682557260514,0.02990432454874539,0.07325169137987882,-0.04773684779171618,-0.03422605583476907,0.011437256856839667,-0.06022078898954808,-0.14823695296972428,0.01473417849273931,0.0,-0.3237198085369144
93,-0.4654,0.015162832291751131,-0.030040639254209113,-0.06934643300533573,0.01428578583993167,-0.03547540061459934,0.0760307229212469,0.011515062275518894,-0.006716146268128,-0.006750371512265571,0.010239672897330195,0.07603072292124691,-0.061738292191114555,-0.03547540061459937,0.01428578583993167,-0.030040639254209127,-0.12662296366492257,0.015162832291751133,0.0,-0.24749864696492602
94,-0.1437,0.015447713142807469,0.0012761828364576825,-0.09722405949334413,0.015922897324123487,-0.03140628800327141,0.06112632289050088,0.038037436029723384,0.02086764105316032,-0.012927080213205154,-0.014004588902697282,0.061126322890500885,-0.06406480790884693,-0.03140628800327143,0.015922897324123487,0.0012761828364576825,-0.10231022572608928,0.015447713142807473,0.0,-0.2057272182074669
95,-0.2602,0.015586119824989676,0.032544716948354424,-0.11936387086058797,0.01620976621978953,-0.022628757680908447,0.03200499703611444,0.05389966568033284,0.04152328047381788,-0.011642246368010065,-0.03198541259205447,0.03200499703611445,-0.054276442621690395,-0.02262875768090847,0.01620976621978953,0.03254471694835444,-0.07581692295182535,0.015586119824989676,0.0,-0.21201160722393464
96,-0.2876,0.0155767399755194,0.06258182985931984,-0.13445925488478558,0.01512206638876746,-0.010458733363953983,-0.004560137759034903,0.05465629770761786,0.04839300956042666,-0.003637479237435414,-0.03566102149742026,-0.00456013775903489,-0.03422421070956799,-0.010458733363954007,0.01512206638876746,0.06258182985931984,-0.04770771409441077,0.015576739975519404,0.0,-0.24831492117465226
97,-0.1979,0.015419662533493491,0.09025098264317341,-0.14161933616781888,0.012752033471687385,0.0032792599342664048,-0.04006466335670451,0.04009528294932814,0.039196048275221794,0.00646684987025769,-0.023387529528475098,-0.04006466335670451,-0.00770005991145442,0.0032792599342663926,0.012752033471687385,0.09025098264317344,-0.018581698138832148,0.015419662533493497,0.0,-0.2724860292820451
98,-0.0653,0.015116376896569516,0.11450523482709073,-0.14042155240498896,0.009300643416312367,0.01652562793910672,-0.06625084097993858,0.01429740422943338,0.016985827902455914,0.012838497301147814,-0.0006541558178485304,-0.06625084097993857,0.02028019935873191,0.016525627939106717,0.009300643416312366,0.11450523482709075,0.01094035445195636,0.015116376896569517,0.0,-0.2375649417881268
99,0.1142,0.014669758798598121,0.1344268583386658,-0.13093659249595282,0.005060569958302393,0.027294480636618754,-0.07702821847539734,-0.015507379405766662,-0.010863761463819318,0.01179973246097507,0.022371783744464,-0.07702821847539736,0.044425401442201314,0.027294480636618757,0.005060569958302393,0.13442685833866583,0.04022923238170018,0.014669758798598125,0.0,-0.11371534414337583
100,0.2388,0.014084043042109607,0.14926206233719005,-0.11372422473951964,0.00039136623958528855,0.03397135608328306,-0.06989016417965192,-0.04096615772648082,-0.03510653461225883,0.003950132974581618,0.03539212557860887,-0.06989016417965192,0.060169603512801435,0.033971356083283076,0.00039136623958528855,0.14926206233719008,0.06866069406721878,0.014084043042109614,0.0,0.09745489120995084
101,0.4104,0.013364783344203397,0.158449515017169,-0.08980026131727999,-0.004311024866680852,0.03555525987300573,-0.046496866104167,-0.05494400593419691,-0.047693785056779354,-0.006179492996262834,0.03258362804396709,-0.046496866104167006,0.0645355214604537,0.03555525987300575,-0.0043110248666808505,0.15844951501716903,0.09562877226397373,0.013364783344203402,0.0,0.3625676098947051
102,0.607,0.012518799676578953,0.16164158318115826,-0.06057660870370214,-0.00864784623669257,0.03180873380457149,-0.01228920090866333,-0.05352357597117531,-0.04444649071626687,-0.012742300385904709,0.015202368745844928,-0.012289200908663344,0.056697544811336466,0.03180873380457152,-0.00864784623669257,0.16164158318115826,0.12055868920583612,0.01251879967657896,0.0,0.6297200831966786
103,0.8317,0.01155411359902645,0.15871748592274548,-0.027777942012373994,-0.012251340621664062,0.02329345551698157,0.024776719936591387,-0.03710294903518769,-0.026442767483679224,-0.01195022060095214,-0.008978025924030185,0.024776719936591383,0.03813786257877288,0.02329345551698159,-0.012251340621664062,0.1587174859227455,0.14291910699527094,0.011554113599026456,0.0,0.8485383884198355
104,0.8723,0.010479872199540573,0.14978786471296607,0.006660079140523736,-0.01481593602128288,0.011286032010066817,0.05608000411674463,-0.01028407172621561,0.0003400699555510949,-0.004260444044642473,-0.02914307175918684,0.0560800041167446,0.012366176096075014,0.011286032010066843,-0.014815936021282878,0.1497878647129661,0.16223345214814067,0.01047987219954058,0.0,0.9874917428952971
105,0.9859,0.009306261362252207,0.1351905969680365,0.04070504632100837,-0.01612415782270604,-0.0024133887490533326,0.07434004896863937,0.019416957957261904,0.02701000268539826,0.005888471310237696,-0.03627411655463191,0.07434004896863937,-0.015743997877330877,-0.002413388749053317,-0.01612415782270604,0.13519059696803654,0.1780900729301165,0.009306261362252214,0.0,1.0409320060671248
106,1.0235,0.008044409185565591,0.11547801150388426,0.07234774773014767,-0.016065070386799357,-0.015750995264845146,0.07530988377786224,0.04367630724682135,0.04471249664609269,0.012638546518048174,-0.027181858714223194,0.07530988377786225,-0.040876926354325174,-0.015750995264845143,-0.016065070386799357,0.11547801150388427,0.19015101299870624,0.008044409185565598,0.0,1.023920821720923
107,0.9681,0.006706280466283558,0.0913959896168269,0.09972074467474838,-0.014643684257233622,-0.02672721908352546,0.058763941736336055,0.05569519614361984,0.047570246585101325,0.012093621539398372,-0.005932736365158303,0.05876394173633606,-0.0582798839659909,-0.026727219083525468,-0.01464368425723362,0.0913959896168269,0.1981592143559517,0.006706280466283566,0.0,0.959112556274901
108,0.8976,0.005304563250215313,0.06385574255998656,0.12120858109807045,-0.011980531272393041,-0.033696509268836675,0.028550522881804225,0.052105282798725894,0.03463446705082315,0.004568228414438667,0.017969753912681366,0.028550522881804236,-0.06466191008229794,-0.03369650926883669,-0.011980531272393041,0.06385574255998659,0.20194399609336372,0.005304563250215321,0.0,0.863579871828763
109,0.8092,0.0038525485249861543,0.0338993332942579,0.1355431219995311,-0.008301443610096363,-0.03561403271797963,-0.008303253953427233,0.03391265483450409,0.010199893303229445,-0.005593957405593523,0.03383541838448988,-0.008303253953427233,-0.058816141067923086,-0.035614032717979645,-0.008301443610096363,0.03389933329425791,0.20142469215915904,0.0038525485249861604,0.0,0.7427355440287131
110,0.5129,0.002364004195793748,0.002660247095673094,0.14187839421197168,-0.0039184034898751205,-0.0321923151083496,-0.04322583748324447,0.006215869250699383,-0.017621089535617283,-0.01252729722987922,0.03456846807750464,-0.04322583748324444,-0.041848032449900534,-0.03219231510834963,-0.00391840348987512,0.0026602470956730803,0.1966123706151055,0.0023640041957937565,0.0,0.593968427638486
111,0.4004,0.0008530445390643285,-0.02867949705850333,0.13984051270236492,0.0007969125449211506,-0.023944338929111304,-0.06809483859383322,-0.023222938636863706,-0.03959179374632339,-0.012229850230908798,0.019841052498137828,-0.06809483859383322,-0.0169663133807138,-0.02394433892911133,0.0007969125449211506,-0.028679497058503315,0.18760959774000163,0.0008530445390643359,0.0,0.41681413696497227
112,0.0901,-0.0006660036281596193,-0.05893407151321872,0.1295497459248474,0.005444651352057176,-0.012106637358540237,-0.07712615761457164,-0.04615342477044572,-0.048417849645942375,-0.004873303549276516,-0.0037601119099940675,-0.07712615761457166,0.01112379535525313,-0.012106637358540256,0.005444651352057176,-0.058934071513218736,0.1746082520075141,-0.0006660036281596141,0.0,0.22259903219719043
113,-0.1613,-0.0021787367941273933,-0.08695870907114843,0.11161341800811744,0.009630690257122978,0.0015460862787612733,-0.0682192658937122,-0.05614922838381471,-0.04116896815694888,0.0052961259468378204,-0.025679596948522603,-0.06821926589371219,0.03711035517801059,0.001546086278761256,0.009630690257122978,-0.08695870907114846,0.15788543452964154,-0.002178736794127385,0.0,0.036662114509818086
114,-0.2117,-0.003670811325502133,-0.11169301848992845,0.08709006666462926,0.013000058183448836,0.014967021300453397,-0.043445752444411935,-0.05040898539800163,-0.0202518095694041,0.012408618498935145,-0.03611409179479705,-0.04344575244441194,0.05607921602209559,0.01496702130045339,0.013000058183448836,-0.11169301848992845,0.1377975631276017,-0.003670811325502126,0.0,-0.10957017253768991
115,-0.0942,-0.005128079472719807,-0.13220110737703875,0.05742697209317075,0.015267036773506597,0.02614410667760451,-0.008567508158268965,-0.030541421947191814,0.0073890381785401416,0.012358825883653434,-0.030396853773267625,-0.008567508158268972,0.06444329943639715,0.02614410667760451,0.015267036773506597,-0.13220110737703877,0.11477277590476657,-0.005128079472719804,0.0,-0.1934194264129019
116,0.0295,-0.006536723517991567,-0.14770699431939013,0.024374743694827786,0.016239388962818384,0.03340167839216678,0.02830339039235083,-0.0021145024232925177,0.03257669300381905,0.005175488521202063,-0.011084870936966284,0.028303390392350806,0.06062092776376222,0.033401678392166796,0.01623938896281838,-0.14770699431939016,0.08930180622630154,-0.006536723517991559,0.0,-0.21494605646720466
117,-0.0059,-0.007883386793967155,-0.15762397032976488,-0.010115994612130095,0.01583466045237507,0.03565168429367938,0.05859140970637057,0.02690501489090172,0.046948743579966944,-0.004995153565987765,0.01318472997444215,0.05859140970637057,0.04533492496139855,0.0356516842936794,0.01583466045237507,-0.1576239703297649,0.061927523589473496,-0.007883386793967148,0.0,-0.2018244517772409
118,-0.1374,-0.009155300330749318,-0.16157679863693278,-0.04400972321645335,0.014087171734262166,0.03255680442775891,0.07525208017445731,0.04838429380358378,0.04573360639290864,-0.012282580708860878,0.03155756799087458,0.07525208017445731,0.021475928042602524,0.032556804427758934,0.014087171734262166,-0.16157679863693283,0.03323336330281951,-0.009155300330749317,0.0,-0.20082944826250598
119,-0.1347,-0.010340403930400827,-0.15941591282773948,-0.07530615587728316,0.01114510775510931,0.024581021904179677,0.07441041791051645,0.056303680196332646,0.02933471229187381,-0.012480472007291722,0.03581654123002366,0.07441041791051645,-0.006444242571990345,0.0245810219041797,0.01114510775510931,-0.15941591282773954,0.003830891575476949,-0.01034040393040082,0.0,-0.2583098186801948
120,-0.2282,-0.011427460520923772,-0.15122307611439711,-0.10215828944043019,0.0072579520104108395,0.012920062740912121,0.056262179004709666,0.04844373424957729,0.003196565686791639,-0.005474604116302268,0.02405685866348058,0.05626217900470968,-0.033145784200176456,0.012920062740912144,0.0072579520104108395,-0.15122307611439714,-0.025653228954793626,-0.011427460520923768,0.0,-0.3979893910558328
121,-0.7945,-0.012406162705414543,-0.13730828759262956,-0.12298140733690605,0.0027553306434423734,-0.0006778668860618672,0.025028330041527127,0.02700723735934576,-0.02400285467682204,0.00469121875781676,0.0015379423612844499,0.025028330041527134,-0.05357934119676555,-0.0006778668860618534,0.0027553306434423734,-0.13730828759262959,-0.054590595447751904,-0.012406162705414543,0.0,-0.606593570805299
122,-1.067,-0.013267230496102574,-0.11819805255112537,-0.1365466038683631,-0.001980939456197976,-0.014174170989773596,-0.01202667574679921,-0.001998146189430501,-0.04323322253398651,0.012149258607667239,-0.02166880611253851,-0.01202667574679919,-0.06388085590513419,-0.014174170989773588,-0.001980939456197976,-0.11819805255112537,-0.08236445817621567,-0.01326723049610257,0.0,-0.8348476656881563
123,-0.8843,-0.014002499306565304,-0.09461546065823939,-0.14205330981171035,-0.0065492282667172,-0.025545489239679954,-0.046284484698935834,-0.03044354124942603,-0.048109971830562454,0.012594716458335901,-0.035184357867844504,-0.04628448469893583,-0.06210227558094927,-0.025545489239679954,-0.0065492282667172,-0.09461546065823939,-0.10838286547572556,-0.014002499306565303,0.0,-1.0145691994871877
124,-0.9367,-0.014604997367783201,-0.06745282582396493,-0.13917653914196595,-0.010562150378092989,-0.03308703830576443,-0.06977732277381316,-0.05035701169470715,-0.03701400051687865,0.005770472940989662,-0.032963992667639226,-0.06977732277381316,-0.0485799360330342,-0.033087038305764434,-0.010562150378092989,-0.06745282582396493,-0.1320912801665562,-0.014604997367783203,0.0,-1.0850904293108166
125,-1.6941,-0.01506901183398102,-0.037737922985203856,-0.12808606854129947,-0.01367941481005208,-0.03566819227044984,-0.07704116202890907,-0.056157727513926725,-0.01362921949434077,-0.004384501773996273,-0.016000750729753942,-0.07704116202890905,-0.02587095933633197,-0.03566819227044986,-0.013679414810052078,-0.03773792298520384,-0.15298439855094187,-0.015069011833981018,0.0,-1.0177185447381227
126,-1.4736,-0.015390142951444176,-0.006595099340837319,-0.10943641778846223,-0.015636681278910623,-0.03290198559865075,-0.06638655904604936,-0.046220014818640645,0.014280521881233875,-0.012008731263400855,0.008118696407469546,-0.06638655904604937,0.001730306966356892,-0.032901985598650776,-0.015636681278910623,-0.006595099340837333,-0.17061692008411147,-0.015390142951444178,0.0,-0.8276039176181729
127,-0.574,-0.015565345776685223,0.024797268497244045,-0.08432822235006873,-0.016267975936470627,-0.025203126850784293,-0.04029159025981696,-0.023328957474887977,0.03744906766889619,-0.012701491482936447,0.02860712282421241,-0.04029159025981697,0.029004366122351893,-0.025203126850784317,-0.016267975936470627,0.02479726849724406,-0.18461303818229163,-0.015565345776685226,0.0,-0.5679737132528027
128,0.2627,-0.015592959048391614,0.05525136170841281,-0.054243277824783394,-0.015519765753208946,-0.013725825746873256,-0.004825494225075581,0.006100133827689209,0.048184359554505715,-0.00606291952720743,0.03630124698912068,-0.0048254942250756,0.05079359740382202,-0.013725825746873282,-0.015519765753208946,0.05525136170841284,-0.19467444988758317,-0.015592959048391617,0.0,-0.3095510415679627
