,raw_series,harmonic_1,harmonic_2,harmonic_3,harmonic_4,harmonic_5,harmonic_6,harmonic_7,harmonic_151,harmonic_152,harmonic_153,harmonic_154,harmonic_155,all_6_harmonics
0,2.508,-0.7776132494798442,-0.186329358827301,0.17131063334303426,-0.5537700879371152,-0.30222798483528446,-0.09491887031169194,-0.20474267352517997,-0.5537700879371154,0.1713106333430342,-0.18632935882730103,-0.7776132494798442,0.0,-3.2946936544746093
1,2.502,-0.8050836189511102,-0.34805369026178157,0.19413336397881398,-0.6212093120826659,-0.3357046952777057,-0.19520017507990953,-0.10662928565320114,-0.6212093120826659,0.1941333639788139,-0.34805369026178157,-0.8050836189511104,0.0,-3.7979606706443034
2,2.495,-0.831231238150416,-0.507491556049701,0.21408859259683694,-0.6723517282438624,-0.3554376160518308,-0.28399102923707403,1.2214752686645625e-05,-0.6723517282438626,0.21408859259683688,-0.5074915560497008,-0.8312312381504162,0.0,-4.233388290230503
3,2.488,-0.8560131466080747,-0.6635955626047108,0.23088156482230515,-0.7058556660371094,-0.36061887906264734,-0.35606476265346626,0.10665273823385026,-0.7058556660371096,0.23088156482230515,-0.6635955626047108,-0.8560131466080747,0.0,-4.599196524337443
4,2.481,-0.8793886277135626,-0.8153402174287706,0.24426423528705668,-0.7208421830024079,-0.35103636279371997,-0.4071787578527637,0.20476327346520032,-0.720842183002408,0.24426423528705668,-0.8153402174287707,-0.8793886277135626,0.0,-4.896065432896652
5,2.475,-0.9013192756128026,-0.96172866586982,0.2540389314541605,-0.7169181227839411,-0.3270823765869963,-0.43432419152253476,0.286497029763582,-0.7169181227839413,0.2540389314541604,-0.9617286658698198,-0.9013192756128026,0.0,-5.126763803970755
6,1.922,-0.9217690583088808,-1.1017992397491294,0.260061273396294,-0.6941864291957435,-0.28973759945225364,-0.4359031487799142,0.34531701621452265,-0.6941864291957436,0.260061273396294,-1.1017992397491292,-0.9217690583088808,0.0,-5.295710639732565
7,2.436,-0.9407043768625248,-1.2346317748385078,0.26224230640048707,-0.6532434455932035,-0.24053093095321323,-0.41182268436819064,0.37651886421399644,-0.6532434455932037,0.26224230640048707,-1.2346317748385074,-0.940704376862525,0.0,-5.408509332894905
8,2.988,-0.9580941205950707,-1.3593536556860133,0.2605498148989868,-0.5951632703987035,-0.18147689787976398,-0.3635002938756793,0.37760707855751635,-0.5951632703987038,0.2605498148989869,-1.359353655686013,-0.9580941205950707,0.0,-5.471492576759529
9,3.028,-0.9739097182032279,-1.475145548079968,0.2550087983184562,-0.5214695791986078,-0.11499317928448699,-0.29378047291379517,0.3484946248593063,-0.5214695791986079,0.25500879831845624,-1.4751455480799678,-0.9739097182032277,0.0,-5.49131112166567
10,3.266,-0.9881251847016543,-1.5812467814930464,0.245701101818838,-0.4340956526308381,-0.04380162641817831,-0.2067672759950203,0.2915098904827035,-0.43409565263083816,0.2457011018188381,-1.5812467814930462,-0.9881251847016543,0.0,-5.474592045943896
11,3.046,-1.0007171641162198,-1.6769603461476061,0.23276420737616313,-0.3353336586916213,0.029183170180163226,-0.10758273152581335,0.21121046225295517,-0.33533365869162146,0.2327642073761632,-1.6769603461476057,-1.00071716411622,0.0,-5.427683022251263
12,3.087,-1.0116649678578105,-1.7616574718750921,0.21638920306595646,-0.2277745199896082,0.10097320436245195,-0.002065333806380095,0.11401861484025928,-0.2277745199896083,0.21638920306595652,-1.7616574718750915,-1.0116649678578107,0.0,-5.356489027916777
13,3.522,-1.0209506087136253,-1.8347817586896478,0.19681796054251743,-0.11423994347009973,0.16862938369429414,0.10357363970614765,0.007707663118071306,-0.11423994347009984,0.19681796054251754,-1.8347817586896478,-1.0209506087136253,0.0,-5.266398014143197
14,3.512,-1.0285588304001199,-1.8958528319410155,0.1743395624049201,0.0022916042580887384,0.22938185624458068,0.20311575500037066,-0.09921974043572841,0.002291604258088744,0.1743395624049202,-1.895852831941015,-1.0285588304001196,0.0,-5.162283120547029
15,3.036,-1.0344771326290412,-1.9444694980349455,0.14928603222033732,0.11876303402950514,0.28074340864899033,0.29070146938356434,-0.19821164009078535,0.1187630340295052,0.1492860322203374,-1.9444694980349455,-1.0344771326290412,0.0,-5.048561890886518
16,3.0,-1.038695791645367,-1.980312379990288,0.12202743027559351,0.2321188338134551,0.3206112929173604,0.3611750532312962,-0.2813507544451641,0.232118833813455,0.12202743027559365,-1.9803123799902873,-1.0386957916453667,0.0,-4.929288223389719
17,3.914,-1.0412078762034114,-2.0031460155190173,0.09296638749654204,0.339385227030836,0.34735331318346635,0.4103880818085231,-0.3419876933351748,0.339385227030836,0.09296638749654212,-2.0031460155190164,-1.0412078762034114,0.0,-4.808250852733286
18,3.354,-1.0420092589548409,-2.0128204038463,0.06253215827356227,0.437748186622753,0.35987464799555985,0.43544363212808324,-0.37527276996606923,0.4377481866227532,0.06253215827356239,-2.0128204038462996,-1.0420092589548409,0.0,-4.689053125652077
19,2.91,-1.0410986232298995,-2.0092719911090966,0.031174280037609674,0.5246272582494801,0.3576626724352394,0.4348668102081358,-0.378543874416833,0.5246272582494802,0.03117428003760978,-2.009271991109096,-1.0410986232298995,0.0,-4.5751525438772696
20,2.8,-1.0384774652006927,-1.992524087859918,-0.0006440667601492899,0.5977432559416164,0.34080794504184064,0.4086915706482595,-0.35153938675167284,0.5977432559416164,-0.0006440667601491753,-1.9925240878599175,-1.0384774652006927,0.0,-4.46984459881986
21,2.948,-1.034150091422979,-1.9626867159330448,-0.032452900186808915,0.6551780542754162,0.31000050033519566,0.3584587178932868,-0.2964191011426894,0.6551780542754164,-0.032452900186808756,-1.9626867159330441,-1.034150091422979,0.0,-4.376183189449039
22,3.564,-1.0281236117605135,-1.9199558856791887,-0.06378237882941455,0.6954249084840832,0.2665015987213155,0.2871252068403999,-0.21759148751158372,0.6954249084840834,-0.06378237882941448,-1.919955885679188,-1.0281236117605133,0.0,-4.296838617519934
23,6.009,-1.020407927703556,-1.8646123083166417,-0.09416974172106338,0.7174279824069935,0.21209209034317647,0.198890081805674,-0.12136110614596751,0.7174279824069937,-0.0941697417210633,-1.8646123083166415,-1.020407927703556,0.0,-4.233902924665652
24,7.035,-1.0110157161007534,-1.797019551857863,-0.12316614368326444,0.720610047300449,0.14899950686662528,0.09894729994594348,-0.015424374746096748,0.720610047300449,-0.1231661436832644,-1.7970195518578624,-1.0110157161007531,0.0,-4.188660296616391
25,4.643,-0.9999624083311067,-1.717621652725747,-0.15034328512119202,0.7048876248592247,0.07980686607225572,-0.006820010824483332,0.09174598400853007,0.7048876248592248,-0.15034328512119194,-1.7176216527257466,-0.9999624083311067,0.0,-4.161346603381339
26,4.512,-0.9872661649502581,-1.6269401987495686,-0.17529973834455662,0.670673177186818,0.007346922803979473,-0.11218586192658002,0.19157858305328054,0.6706731771868182,-0.17529973834455653,-1.626940198749568,-0.987266164950258,0.0,-4.15092620578445
27,4.285,-0.9729478458527446,-1.5255709027032418,-0.1976668769693749,0.6188642862627042,-0.06541380434711849,-0.21094789668887026,0.27608890261958685,0.6188642862627044,-0.19766687696937485,-1.5255709027032411,-0.9729478458527446,0.0,-4.154915476941715
28,3.247,-0.9570309759992468,-1.4141796888953162,-0.2171143208187231,0.5508201067725114,-0.13549648266244976,-0.29729249182839,0.3385178848077075,0.5508201067725116,-0.2171143208187231,-1.4141796888953158,-0.9570309759992468,0.0,-4.169280847564681
29,2.952,-0.9395417067651394,-1.2934983185190418,-0.23335481589702164,0.4683257100376702,-0.20003191905741963,-0.36613697615605945,0.3738725168424347,0.4683257100376702,-0.23335481589702164,-1.2934983185190412,-0.9395417067651392,0.0,-4.18843464065811
30,3.421,-0.9205087729738514,-1.1643195825008346,-0.24614847735680323,0.37354525444606046,-0.2563780251834262,-0.41342882181586266,0.37932516765843716,0.3735452544460605,-0.24614847735680323,-1.164319582500834,-0.9205087729738511,0.0,-4.205344836111708
31,3.47,-0.8999634456856247,-1.0274920934267284,-0.2553063327860179,0.2689652109107916,-0.30222798483528446,-0.4363841961773367,0.35443973924115785,0.26896521091079184,-0.2553063327860179,-1.0274920934267275,-0.8999634456856245,0.0,-4.211765763746621
32,3.011,-0.8779394808192471,-0.8839147107601522,-0.26069311347874435,0.15732913278069488,-0.33570469527770563,-0.43365183203362206,0.30120654534630686,0.15732913278069494,-0.26069311347874435,-0.883914710760152,-0.8779394808192471,0.0,-4.198586326519918
33,3.01,-0.8544730636911635,-0.7345306359733946,-0.26222925246004813,0.0415656814490021,-0.3554376160518308,-0.4053925698923253,0.22388312802993043,0.0415656814490022,-0.26222925246004813,-0.7345306359733942,-0.8544730636911635,0.0,-4.156281599265434
34,3.009,-0.8296027495630974,-0.5803212163835504,-0.25989205975259533,-0.07528820416327511,-0.3606188790626474,-0.35326989010537974,0.12865374333708138,-0.07528820416327511,-0.2598920597525954,-0.5803212163835497,-0.8296027495630974,0.0,-4.075443485555982
35,3.009,-0.8033694002958577,-0.4222994983973475,-0.2537160575254103,-0.19016697867713334,-0.35103636279371997,-0.2803519921637054,0.023134750171606072,-0.1901669786771334,-0.2537160575254103,-0.4222994983973473,-0.8033694002958577,0.0,-3.947357474577317
36,3.008,-0.7758161172134068,-0.26150357251546263,-0.2437924701743677,-0.30005691178731725,-0.32708237658699635,-0.19093118525512717,-0.08423453910810011,-0.3000569117873172,-0.24379247017436775,-0.26150357251546247,-0.7758161172134067,0.0,-3.7645862443313325
37,3.499,-0.7469881702875004,-0.09898975381491552,-0.23026787686633152,-0.4020751504771744,-0.2897375994522537,-0.09027122165324307,-0.18486682715634137,-0.40207515047717446,-0.23026787686633154,-0.09898975381491543,-0.7469881702875003,0.0,-3.521517551153682
38,4.583,-0.7169329237592418,0.06417435729106245,-0.21334204644991836,-0.49354534779811066,-0.2405309309532133,0.01570255385265895,-0.2707136358110176,-0.49354534779811066,-0.21334204644991847,0.06417435729106265,-0.7169329237592419,0.0,-3.214833934343989
39,5.517,-0.6856997583197582,0.22691688842980645,-0.19326498671295286,-0.5720678741678961,-0.18147689787976393,0.12075199914503786,-0.3349090160000778,-0.5720678741678961,-0.19326498671295295,0.22691688842980673,-0.685699758319758,0.0,-2.843865376276405
40,6.121,-0.6533399899778553,0.38816873670973906,-0.17033325157139484,-0.635582769264293,-0.11499317928448703,0.21869338276793313,-0.37231868005521723,-0.6355827692642931,-0.17033325157139492,0.38816873670973906,-0.6533399899778551,0.0,-2.4107930247793794
41,6.717,-0.6199067857479489,0.5468705919673643,-0.14488556073545467,-0.6824237830337375,-0.043801626418178294,0.30376138903535044,-0.37995063733368173,-0.6824237830337377,-0.14488556073545478,0.5468705919673642,-0.6199067857479487,0.0,-1.9206819498160637
42,7.528,-0.5854550762968004,0.7019798956829919,-0.1172977965538629,-0.7113620881029986,0.029183170180163216,0.3709484931118413,-0.3571944908875218,-0.7113620881029987,-0.11729779655386297,0.7019798956829916,-0.5854550762968002,0.0,-1.3813329581368574
43,7.524,-0.5500414656925751,0.8524776898500536,-0.08797745193682704,-0.7216385168422069,0.10097320436245195,0.4162997287645395,-0.305870256452022,-0.721638516842207,-0.08797745193682717,0.8524776898500536,-0.5500414656925751,0.0,-0.8029568125681419
44,7.655,-0.5137241384045075,0.9973753108058042,-0.05735761136620808,-0.7129834773719906,0.16862938369429417,0.4371454972945496,-0.23008279925535435,-0.7129834773719907,-0.0573576113662082,0.9973753108058042,-0.5137241384045073,0.0,-0.19768775094031454
45,8.859,-0.47656276370597017,1.1357208840496902,-0.025890553898115183,-0.6856240260380926,0.2293818562445807,0.4322587133591175,-0.13589353066000429,-0.6856240260380928,-0.025890553898115273,1.1357208840496902,-0.4765627637059701,0.0,0.421034119758718
46,10.868,-0.4386183976380152,1.266605577383041,0.005958927353412464,-0.6402779108141406,0.28074340864899033,0.40192703730195956,-0.03083562203767361,-0.640277910814141,0.005958927353412327,1.2666055773830407,-0.4386183976380151,0.0,1.0391712164818707
47,11.209,-0.3999533826944585,1.3891695712913954,0.037720390575172486,-0.5781347418979658,0.32061129291736035,0.3479359420384693,0.07668849137238902,-0.5781347418979659,0.03772039057517239,1.3891695712913952,-0.3999533826944583,0.0,1.6428394008765057
48,11.396,-0.3606312453933262,1.5026077073482873,0.06892469404928249,-0.5008247834721359,0.34735331318346635,0.2734636112629381,0.1780791295324484,-0.5008247834721361,0.0689246940492824,1.502607707348287,-0.36063124539332625,0.0,2.2190487990430676
49,11.381,-0.3207165919029527,1.606174777534492,0.09911092574423579,-0.4103761853458036,0.35987464799555985,0.18289385579067866,0.26522716213353775,-0.41037618534580367,0.09911092574423572,1.6061747775344917,-0.32071659190295254,0.0,2.756381517979719
50,11.885,-0.2802750018942155,1.6991904197256549,0.1278332113470359,-0.30916177646317294,0.3576626724352394,0.08155806070719684,0.33116256940502825,-0.30916177646317305,0.12783321134703585,1.6991904197256547,-0.2802750018942154,0.0,3.245557007978069
51,11.328,-0.23937292079330774,1.7810435871884318,0.15466730017643662,-0.19983681609793397,0.34080794504184064,-0.02457864640469727,0.3706118979074096,-0.1998368160979342,0.15466730017643654,1.7810435871884314,-0.2393729207933076,0.0,3.679843497491806
52,11.316,-0.1980775506120784,1.851196562723718,0.1792168316981851,-0.08526933576911884,0.31000050033519555,-0.12926853246489864,0.38042002650492135,-0.08526933576911888,0.17921683169818503,1.8511965627237172,-0.19807755061207827,0.0,4.055285010456629
53,12.336,-0.1564567395353024,1.9091884910868946,0.2011191900809226,0.03153510071111623,0.26650159872131546,-0.22634903145747487,0.3598025100621185,0.03153510071111616,0.2011191900809226,1.9091884910868944,-0.15645673953530248,0.0,4.37072716201322
54,12.785,-0.1145788704462917,1.954638406479611,0.22005086031636367,0.14751224521252804,0.2120920903431764,-0.3101055036362581,0.3104083186468096,0.14751224521252804,0.22005086031636367,1.9546384064796103,-0.1145788704462916,0.0,4.627640188478148
55,13.142,-0.07251274857399709,1.9872477352246076,0.23573220678965562,0.2596195527864959,0.14899950686662528,-0.37560762756822513,0.2361879544154214,0.25961955278649596,0.23573220678965562,1.9872477352246074,-0.07251274857399699,0.0,4.829753326167346
56,12.8,-0.030327488446198366,2.0068022571828124,0.24793160371668932,0.3649159998043645,0.07980686607225573,-0.4189996233102932,0.14307749407141782,0.36491599980436445,0.24793160371668932,2.0068022571828115,-0.030327488446198182,0.0,4.982529481348716
57,12.51,0.011907599665484133,2.013173513027566,0.2564688564385628,0.4606392387850055,0.007346922803979473,-0.4377272227436703,0.03852382689135577,0.46063923878500573,0.25646885643856276,2.013173513027565,0.011907599665484407,0.0,5.0925219427849004
58,12.526,0.05412312362218298,2.0063196481311985,0.2612178630379942,0.5442780658314944,-0.06541380434711848,-0.43068802646597504,-0.06911094065389901,0.5442780658314945,0.26121786303799427,2.006319648131198,0.05412312362218298,0.0,5.166664629778747
59,12.725,0.0962497234288862,1.9862856875202235,0.26210847696352485,0.6136382995658289,-0.13549648266244982,-0.39829639648860055,-0.17121827851030016,0.613638299565829,0.2621084769635249,1.986285687520223,0.0962497234288863,0.0,5.2115532172955765
60,13.24,0.13821818519272683,1.9532032400928752,0.25912754314909014,0.6669003432934123,-0.20003191905741963,-0.3424590648332479,-0.2596317353840692,0.6669003432934123,0.25912754314909014,1.953203240092875,0.1382181851927269,0.0,5.232775904181472
61,13.514,0.17995955484122703,1.907289634042081,0.2523190923246607,0.7026669203112077,-0.25637802518342623,-0.26646289382663446,-0.32728008403109154,0.7026669203112078,0.25231909232466077,1.9072896340420804,0.1799595548412271,0.0,5.234349399997201
62,13.653,0.2214052514136581,1.8488464891635294,0.2417836906478344,0.7199997300712684,-0.3022279848352844,-0.17478139507920412,-0.3687528715306633,0.7199997300712687,0.24178369064783448,1.8488464891635288,0.2214052514136584,0.0,5.218308071147429
63,13.566,0.26248717973937913,1.7782577354277398,0.22767695426282764,0.7184440635616807,-0.33570469527770563,-0.0728113964005294,-0.38073314235105976,0.7184440635616808,0.22767695426282775,1.7782577354277393,0.26248717973937913,0.0,5.184482631953959
64,13.046,0.30313784231802315,1.6959870908327297,0.21020725072799792,0.6980407321448967,-0.35543761605183083,0.033444642256949667,-0.36226272541275834,0.6980407321448968,0.21020725072799804,1.695987090832729,0.30313784231802327,0.0,5.130490132839656
65,12.482,0.3432904502177134,1.6025750151059774,0.18963262126361277,0.6593249969122641,-0.36061887906264734,0.1377319633664014,-0.31481886773315326,0.6593249969122643,0.18963262126361285,1.602575015105977,0.3432904502177135,0.0,5.051940383569737
66,12.132,0.38287903280910274,1.4986351592677107,0.16625696928068068,0.6033125266420629,-0.35103636279371997,0.23391169788184968,-0.24219608556409639,0.6033125266420631,0.1662569692806808,1.49863515926771,0.3828790328091028,0.0,4.9428466255231465
67,12.507,0.42183854615494465,1.3848503343793614,0.14042557148926144,0.5314727527400501,-0.32708237658699635,0.31632222952256345,-0.1502026824599938,0.5314727527400501,0.14042557148926152,1.384850334379361,0.4218385461549449,0.0,4.796211580002809
68,12.489,0.46010497987711113,1.261968025959647,0.11251997789070593,0.4456903201691212,-0.2897375994522537,0.3801124655922345,-0.04619620648321017,0.4456903201691214,0.11251997789070604,1.2619680259596469,0.46010497987711113,0.0,4.604745267449942
69,11.893,0.4976154623254762,1.1307954835353893,0.08295237598493974,0.3482156456645832,-0.24053093095321335,0.4215273963593095,0.0615049997462907,0.34821564566458324,0.08295237598493985,1.1307954835353884,0.49761546232547627,0.0,4.3616594001731634
70,11.598,0.5343083638758717,0.9921944175852185,0.05215950243786776,0.2416058802910459,-0.18147689787976395,0.43812913355681093,0.16428709246939183,0.24160588029104602,0.05215950243786785,0.9921944175852183,0.5343083638758717,0.0,4.061475656526447
71,11.386,0.5701233981873975,0.847075338713501,0.020596192138347073,0.12865782512949261,-0.114993179284487,0.4289404165790684,0.25392965411653273,0.12865782512949284,0.02059619213834721,0.8470753387135005,0.5701233981873977,0.0,3.700782399748591
72,11.024,0.6050017212527231,0.6963915762420755,-0.01127134006978517,0.012334559984704323,-0.0438016264181783,0.39450213888874647,0.3232631547703782,0.012334559984704369,-0.0112713400697851,0.6963915762420753,0.6050017212527232,0.0,3.2788767020603817
73,11.099,0.6388860280786346,0.5411330155134195,-0.04297238574654273,-0.10431229006412905,0.02918317018016321,0.33684150834448745,0.3667423645972697,-0.10431229006412902,-0.04297238574654264,0.5411330155134193,0.6388860280786346,0.0,2.7982357786846848
74,10.687,0.6717206468379899,0.38231959504671376,-0.07403869558856,-0.21822261100993903,0.100973204362452,0.25935271569022783,0.38088985624675903,-0.2182226110099391,-0.07403869558855991,0.3823195950467133,0.67172064683799,0.0,2.264773646871848
75,10.876,0.7034516303383844,0.2209946062658663,-0.10401139583848545,-0.3264080789628819,0.16862938369429417,0.1665971356508591,0.3645741263038111,-0.326408078962882,-0.10401139583848537,0.22099460626586628,0.7034516303383844,0.0,1.687854169254731
76,10.413,0.7340268446572453,0.05821783981553861,-0.1324477662102087,-0.42603055585317295,0.22938185624458068,0.06403482178886212,0.3191000918948413,-0.42603055585317295,-0.1324477662102086,0.05821783981553847,0.7340268446572454,0.0,1.080049494747089
77,10.473,0.7633960547977311,-0.10494137651099959,-0.15892777921465015,-0.5144765451584181,0.2807434086489903,-0.042296899333406496,0.24810472461198654,-0.5144765451584181,-0.15892777921465007,-0.10494137651099959,0.7633960547977313,0.0,0.4566519417548971
78,9.367,0.7915110072246978,-0.26741120249631,-0.1830603042951438,-0.5894257543835458,0.32061129291736035,-0.1461388151438088,0.15726616885868558,-0.589425754383546,-0.1830603042951438,-0.26741120249631,0.7915110072246978,0.0,-0.16503386126836683
79,9.382,0.8183255091451315,-0.4281243267280672,-0.2044888851324687,-0.6489119656249227,0.34735331318346635,-0.2413782753617388,0.0538496090646782,-0.6489119656249227,-0.20448888513246868,-0.4281243267280674,0.8183255091451316,0.0,-0.7665746897942487
80,7.119,0.8437955044027867,-0.5860249780773086,-0.22289700478420277,-0.6913746173399863,0.35987464799555985,-0.322409012915922,-0.05387379310567403,-0.6913746173399864,-0.2228970047842027,-0.5860249780773086,0.8437955044027867,0.0,-1.329410349623458
81,5.379,0.8678791458623334,-0.7400758613652122,-0.23801276088816245,-0.7156997441260181,0.35766267243523936,-0.38446115663456093,-0.1572884186822488,-0.7156997441260183,-0.23801276088816245,-0.7400758613652122,0.8678791458623334,0.0,-1.8359053439156894
82,4.423,0.8905368641640922,-0.8892649716560015,-0.24961288187350783,-0.7212492004937016,0.3408079450418406,-0.4238820095238277,-0.2481232606976219,-0.7212492004937017,-0.24961288187350777,-0.8892649716560012,0.8905368641640924,0.0,-2.2703777048978466
83,4.379,0.9117314327363872,-1.0326122424109068,-0.257526024856924,-0.707877401978859,0.3100005003351956,-0.43835106463241336,-0.31911343174340934,-0.7078774019788591,-0.25752602485692405,-1.0326122424109065,0.9117314327363872,0.0,-2.620032469061232
84,4.681,0.9314280289587068,-1.1691759838295324,-0.26163530651136896,-0.6759351444059625,0.26650159872131546,-0.42701660160173854,-0.3645812030064501,-0.6759351444059625,-0.26163530651136896,-1.1691759838295324,0.9314280289587068,0.0,-2.8757330174631868
85,4.947,0.9495942913751768,-1.2980590690833005,-0.2618800295244686,-0.6262604011088423,0.21209209034317644,-0.39054582315128566,-0.3808901038152782,-0.6262604011088424,-0.2618800295244686,-1.2980590690833003,0.9495942913751768,0.0,-3.032554253306257
86,5.451,0.9662003728643475,-1.4184148278018038,-0.2582565791454171,-0.560156339534347,0.14899950686662525,-0.3310855802168186,-0.36673576323136575,-0.5601563395343472,-0.2582565791454171,-1.4184148278018032,0.9662003728643477,0.0,-3.0900765838159994
87,6.076,0.9812189896779365,-1.5294526080960513,-0.2508184765776812,-0.4793571339414774,0.07980686607225573,-0.2521359976546806,-0.3232502324412456,-0.47935713394147755,-0.2508184765776812,-1.5294526080960509,0.9812189896779366,0.0,-3.0523978218982175
88,5.285,0.9946254662679545,-1.6304429705800616,-0.23967558842885528,-0.3859824710658055,0.007346922803979486,-0.15834443953010421,-0.25391144434021135,-0.38598247106580574,-0.23967558842885536,-1.6304429705800614,0.9946254662679545,0.0,-2.927860088679872
89,2.208,1.006397775828566,-1.7207224802697672,-0.22499250389471467,-0.28248194224778794,-0.06541380434711852,-0.05523194221471662,-0.1642650516471014,-0.282481942247788,-0.22499250389471476,-1.7207224802697667,1.006397775828566,0.0,-2.728509099376344
90,2.48,1.0165165764860757,-1.7996980648798588,-0.2069861036477291,-0.17157078084213928,-0.13549648266244982,0.051131781201830616,-0.06148089068279614,-0.17157078084213934,-0.20698610364772912,-1.7996980648798586,1.0165165764860755,0.0,-2.4693223379107185
91,2.39,1.024965243077572,-1.8668509108876514,-0.1859223563394611,-0.05615863077336829,-0.2000319190574197,0.15448563433360848,0.04622045556710803,-0.056158630773368516,-0.18592235633946122,-1.8668509108876508,1.024965243077572,0.0,-2.167259139002521
92,6.353,1.0317298944660303,-1.9217398717696017,-0.1621123900350206,0.060726785076479696,-0.25637802518342623,0.24874569669034807,0.1502251321447906,0.060726785076479745,-0.16211239003502068,-1.9217398717696013,1.0317298944660303,0.0,-1.8401983608725117
93,8.834,1.0367994163469811,-1.9640043660207762,-0.1359078966075682,0.1760190941640021,-0.30222798483528446,0.328363353417265,0.2422149403445788,0.17601909416400208,-0.13590789660756833,-1.9640043660207762,1.0367994163469811,0.0,-1.505837195308163
94,9.054,1.0401654795092863,-1.9933667459193491,-0.1076959369735661,0.2866937175160135,-0.33570469527770574,0.3886519142897532,0.3148326196212599,0.2866937175160136,-0.1076959369735662,-1.9933667459193485,1.0401654795092863,0.0,-1.180627133101923
95,9.15,1.041822553520008,-2.009634121475017,-0.07789322389952366,0.3898472165484054,-0.3554376160518308,0.42606249554870124,0.3622702745450829,0.3898472165484054,-0.07789322389952374,-2.0096341214750164,1.041822553520008,0.0,-0.8788199965703003
96,9.867,1.0417679158108981,-2.0126996275792974,-0.04693996682766612,0.4827734618874738,-0.3606188790626473,0.43839292480307124,0.38073388495491817,0.4827734618874738,-0.04693996682766625,-2.0126996275792965,1.0417679158108981,0.0,-0.6116885027218406
97,9.228,1.0400016561515695,-2.0025431260334203,-0.015293369637278224,0.5630346259805047,-0.3510363627937199,0.42491737182088524,0.3687467482132796,0.5630346259805047,-0.015293369637278316,-2.0025431260334194,1.0400016561515695,0.0,-0.386972669836803
98,8.479,1.036526676502004,-1.9792313378420006,0.016579122615114454,0.6285251370751369,-0.32708237658699635,0.3864290744972168,0.3272675845297777,0.6285251370751371,0.016579122615114364,-1.9792313378420001,1.036526676502004,0.0,-0.20858652085949148
99,8.381,1.0313486862446417,-1.9429174049034035,0.04820672822578253,0.677526916798514,-0.2897375994522537,0.32519364493676894,0.2596138593974837,0.6775269167985141,0.04820672822578244,-1.9429174049034028,1.0313486862446415,0.0,-0.07660024238693097
100,7.794,1.0244761928038792,-1.893839883976194,0.07912228265872534,0.7087544522333129,-0.2405309309532133,0.24481570428664298,0.1711964557434656,0.7087544522333131,0.07912228265872523,-1.8938398839761938,1.024476192803879,0.0,0.012507316516342293
101,7.364,1.0159204876683934,-1.8323211795305967,0.10886913893219986,0.7213885200696006,-0.18147689787976398,0.1500266968546135,0.06908691647170484,0.721388520069601,0.10886913893219972,-1.8323211795305958,1.0159204876683934,0.0,0.06535064972574978
102,7.93,1.0056956278392575,-1.7587654257800138,0.13700791265272588,0.7150976781129599,-0.114993179284487,0.046406373826470046,-0.0385481310568373,0.71509767811296,0.13700791265272583,-1.758765425780013,1.0056956278392573,0.0,0.09093664913500532
103,7.293,0.9938184127343213,-1.6736558318061563,0.16312297206712567,0.6900469603405592,-0.04380162641817831,-0.05994565856757342,-0.14310013439530797,0.6900469603405595,0.16312297206712562,-1.673655831806156,0.9938184127343213,0.0,0.09981760729064049
104,7.484,0.9803083565868161,-1.5775515072184294,0.18682857726944052,0.6468935473990289,0.02918317018016326,-0.1627689921331667,-0.23620712014536666,0.646893547399029,0.1868285772694405,-1.5775515072184287,0.9803083565868159,0.0,0.10316500597534273
105,6.622,0.9651876563835176,-1.4710837892007327,0.20777457788182402,0.5867695261243177,0.10097320436245195,-0.25601093539339065,-0.3104224769252957,0.5867695261243177,0.207774577881824,-1.4710837892007322,0.9651876563835173,0.0,0.11183573442161887
106,7.239,0.9484811553951555,-1.3549520950743765,0.22565158505019692,0.5112521903703701,0.16862938369429417,-0.3341828050339418,-0.359810528523009,0.5112521903703702,0.22565158505019686,-1.3549520950743759,0.9484811553951555,0.0,0.13550172162003604
107,7.02,0.930216302358987,-1.2299193276228289,0.24019554136023272,0.4223226622748213,0.22938185624458063,-0.3926830170300583,-0.38042126383906366,0.42232266227482146,0.24019554136023272,-1.2299193276228284,0.930216302358987,0.0,0.1819079321178836
108,7.961,0.9104231063805903,-1.0968068633620436,0.2511916211724305,0.3223139194916182,0.2807434086489903,-0.42806795870873754,-0.3706062551539532,0.32231391949161836,0.25119162117243055,-1.0968068633620431,0.9104231063805903,0.0,0.2563127621514911
109,8.38,0.8891340876289853,-0.9564891566798852,0.25847740376526857,0.21384959184438712,0.3206112929173604,-0.438254696872981,-0.33115049786622247,0.21384959184438712,0.25847740376526857,-0.9564891566798848,0.889134087628985,0.0,0.3611499512956686
110,9.197,0.8663842239060805,-0.8098879952916097,0.26194527241662496,0.09977513300943044,0.34735331318346635,-0.422643589582324,-0.2652096272799921,0.09977513300943044,0.26194527241662496,-0.8098879952916096,0.8663842239060805,0.0,0.4959333644022027
111,9.11,0.8422108931782365,-0.6579664447489946,0.26154400398715216,-0.016916827129260296,0.35987464799555985,-0.3821535840520223,-0.1780575337856775,-0.016916827129260112,0.26154400398715216,-0.6579664447489942,0.8422108931782363,0.0,0.6574067807321279
112,8.792,0.8166538121643652,-0.5017225217833865,0.25727952552621264,-0.1331649911463092,0.35766267243523936,-0.3191681228614525,-0.07666456194042588,-0.13316499114630923,0.2572795255262127,-0.5017225217833863,0.8166538121643652,0.0,0.8399216371551254
113,9.9,0.7897549710814648,-0.34218263804430943,0.24921482672471149,-0.24591970416586104,0.3408079450418406,-0.2373948427006349,0.03085997130079362,-0.24591970416586104,0.24921482672471157,-0.34218263804430926,0.789754971081465,0.0,1.0360079848340114
114,10.005,0.7615585646548042,-0.18039485730362506,0.2374690295079683,-0.352222958521788,0.3100005003351956,-0.14164732448263476,0.13591635232253443,-0.352222958521788,0.23746902950796833,-0.1803948573036246,0.761558564654804,0.0,1.2370890848498144
115,10.266,0.7321109195061046,-0.01742201042061385,0.22221562851146906,-0.4492859941445693,0.26650159872131546,-0.03756174209287231,0.23010226806164302,-0.44928599414456943,0.2222156285114691,-0.017422010420613785,0.7321109195061045,0.0,1.434279211594867
116,10.557,0.701460418039022,0.14566528670221743,0.20367992842905233,-0.5345624589059349,0.21209209034317644,0.06873491076445803,0.30588481530478656,-0.5345624589059349,0.20367992842905244,0.1456652867022175,0.701460418039022,0.0,1.619198164941135
117,9.776,0.6696574189469856,0.3077956663055402,0.18213571608590642,-0.6058152096324488,0.14899950686662525,0.17098548580925144,0.35720297538306234,-0.605815209632449,0.1821357160859065,0.3077956663055401,0.6696574189469854,0.0,1.7847351514709056
118,9.445,0.6367541744739953,0.4679040468987716,0.15790121639246807,-0.6611750013299333,0.07980686607225576,0.2631710069723368,0.37995236888982153,-0.6611750013299336,0.1579012163924682,0.4679040468987716,0.6367541744739953,0.0,1.9256991148050173
119,10.445,0.6028047445643236,0.6249386300893193,0.13133439191295604,-0.6991895249653463,0.007346922803979439,0.3398649771845135,0.37231352018368324,-0.6991895249653464,0.13133439191295615,0.6249386300893194,0.6028047445643234,0.0,2.0393019033746818
120,10.725,0.5678649080421684,0.7778678101513052,0.10282765547759722,-0.7188615073487122,-0.06541380434711852,0.3965528089126101,0.33489737738266595,-0.7188615073487122,0.1028276554775973,0.7778678101513052,0.5678649080421682,0.0,2.1254341145928746
121,11.029,0.5319920709671906,0.925686950942801,0.07280207393740933,-0.7196748736026303,-0.13549648266244976,0.42989757517665483,0.27069644929368103,-0.7196748736026305,0.07280207393740945,0.9256869509428008,0.5319920709671906,0.0,2.1867099862974273
122,11.755,0.49524517231651055,1.0674249856520464,0.041701148676627456,-0.7016082858730097,-0.20003191905741963,0.4379364376250056,0.18484546730098417,-0.7016082858730098,0.041701148676627546,1.067424985652046,0.49524517231651033,0.0,2.2282760274129187
123,11.571,0.4576845871481216,1.2021507960169988,0.009984264749482337,-0.6651357031064333,-0.2563780251834262,0.4201961889365418,0.08421071425637586,-0.6651357031064336,0.009984264749482429,1.2021507960169988,0.4576845871481217,0.0,2.2573967676258304
124,11.127,0.4193720274048296,1.3289793291112761,-0.02188009459728249,-0.6112139472089471,-0.30222798483528446,0.3777211081509678,-0.023159134529893433,-0.6112139472089472,-0.021880094597282396,1.3289793291112761,0.4193720274048294,0.0,2.2828486182055423
125,10.837,0.380370440521692,1.447077411513543,-0.0534212677893312,-0.5412576017757231,-0.3357046952777057,0.3130114892243078,-0.12867673696330587,-0.5412576017757232,-0.053421267789331116,1.4470774115135427,0.3803704405216919,0.0,2.314168021923657
126,10.429,0.34074390600354815,1.555669222665383,-0.08417336696526306,-0.4571019018984417,-0.3554376160518308,0.22987646132374848,-0.22390289191494167,-0.45710190189844196,-0.08417336696526298,1.5556692226653828,0.340743906003548,0.0,2.360811672967428
127,8.546,0.3005575301425606,1.6540413914615808,-0.11368215950565642,-0.36095458859935325,-0.3606188790626473,0.13320976458937345,-0.3012214987926965,-0.36095458859935337,-0.11368215950565635,1.6540413914615806,0.30055753014256037,0.0,2.431293733732293
128,8.746,0.2598773390487482,1.741547682591828,-0.14151177740504886,-0.2553379909430264,-0.35103636279371997,0.028701680313734216,-0.35444868628598963,-0.25533799094302656,-0.1415117774050488,1.7415476825918275,0.25987733904874827,0.0,2.532367137819026
129,9.066,0.21877017016926073,1.8176132418479223,-0.16725115538416868,-0.14302285524392877,-0.32708237658699635,-0.07749592724211826,-0.37932739272526583,-0.14302285524392877,-0.16725115538416863,1.8176132418479218,0.21877017016926056,0.0,2.6683131062237897
130,8.961,0.1773035624746285,1.8817383725078014,-0.19052010264645103,-0.026955657294717498,-0.2897375994522537,-0.17913174009584612,-0.3738678419724549,-0.026955657294717543,-0.19052010264645095,1.881738372507801,0.17730356247462842,0.0,2.8403951685619675
131,9.699,0.13554564549241138,1.9335018179882504,-0.2109749185942337,0.08981869549341803,-0.2405309309532133,-0.2702229701304208,-0.33850668389273514,0.0898186954934179,-0.21097491859423365,1.9335018179882497,0.1355456454924113,0.0,3.046521895783322
132,10.931,0.093565027370564,1.972563529201585,-0.22831346955610157,0.204236744205953,-0.18147689787976398,-0.34540753568078286,-0.2760720714985353,0.20423674420595303,-0.22831346955610154,1.9725635292015842,0.09356502737056373,0.0,3.2811471573849182
133,11.776,0.05143068215442823,1.9986668984367413,-0.24227965153813436,0.3132968452204483,-0.11499317928448703,-0.4002597002596764,-0.19155746786378453,0.31329684522044843,-0.24227965153813436,1.998666898436741,0.05143068215442833,0.0,3.5354192011390184
134,12.052,0.00921183646255889,2.0116404450897627,-0.25266717308072384,0.41413791533931205,-0.04380162641817827,-0.4315505933615032,-0.09172227352409204,0.41413791533931205,-0.25266717308072384,2.0116404450897623,0.0092118364625588,0.0,3.7975715543180457
135,12.765,-0.03302214425243032,2.0113989421696243,-0.2593226023451981,0.50411448945972,0.02918317018016325,-0.4374382777973488,0.015448784182663553,0.5041144894597201,-0.2593226023451981,2.011398942169624,-0.03302214425243032,0.0,4.053531046628909
136,13.053,-0.07520186967112172,1.9979439761790565,-0.26214763342239344,0.5808661217174367,0.100973204362452,-0.4175761752549967,0.12138426229029932,0.5808661217174367,-0.26214763342239344,1.9979439761790558,-0.07520186967112182,0.0,4.287702481003711
137,13.549,-0.11725803861540743,1.9713639366923537,-0.26110053838802083,0.6423793094346023,0.16862938369429417,-0.3731334676176147,0.21761153835648092,0.6423793094346025,-0.2611005383880209,1.971363936692353,-0.11725803861540769,0.0,4.483876792680216
138,13.053,-0.15912155291014243,1.9318334356986149,-0.25619678365682896,0.6870403153583555,0.2293818562445807,-0.3067262731182919,0.2964344430399551,0.6870403153583556,-0.256196783656829,1.9318334356986144,-0.15912155291014243,0.0,4.626200855146242
139,13.01,-0.20072363091126494,1.8796121605249483,-0.24750880153153013,0.7136775024514354,0.2807434086489904,-0.22226364864337986,0.35154879267042555,0.7136775024514356,-0.24750880153153018,1.8796121605249474,-0.20072363091126508,0.0,4.7001430137432125
140,12.997,-0.24199592051385752,1.8150431678750876,-0.2351649203208908,0.7215920706236695,0.32061129291736046,-0.12471748325297576,0.37854659208031205,0.7215920706236696,-0.23516492032089084,1.8150431678750876,-0.24199592051385757,0.0,4.693389197072714
141,12.741,-0.28287061145447484,1.7385506301904063,-0.2193474688299807,0.7105763890567921,0.34735331318346635,-0.01982982812739844,0.3752685820180404,0.7105763890567923,-0.21934746882998082,1.7385506301904057,-0.2828706114544749,0.0,4.596609944999593
142,12.849,-0.32328054672322976,1.650637049138112,-0.20029008322074754,0.680919443192297,0.35987464799555985,0.0862251090491825,0.34197693472388296,0.6809194431922972,-0.2002900832207476,1.6506370491381113,-0.3232805467232301,0.0,4.404048416541488
143,12.44,-0.3631593329025836,1.5518799545320403,-0.1782742560226957,0.6333992534860202,0.3576626724352394,0.1872044085806808,0.2813342856344793,0.6333992534860204,-0.17827425602269584,1.55187995453204,-0.3631593329025835,0.0,4.1138926048359625
144,11.921,-0.40244144925155656,1.442928110371797,-0.15362517826749103,0.5692624648158803,0.3408079450418406,0.27716392798090045,0.19819077824109155,0.5692624648158804,-0.1536251782674911,1.4429281103717966,-0.40244144925155667,0.0,3.728410546601091
145,11.409,-0.44106235535613386,1.324497252923859,-0.12670693616242043,0.4901916419943495,0.31000050033519555,0.35080820368666,0.09919615405864285,0.4901916419943496,-0.1267069361624205,1.3244972529238588,-0.44106235535613386,0.0,3.2538440648798064
146,11.703,-0.4789585971689959,1.1973653888424405,-0.09791713325160814,0.3982611293553323,0.26650159872131546,0.40380216831168586,-0.00773208760572773,0.3982611293553326,-0.09791713325160825,1.19736538884244,-0.47895859716899597,0.0,2.7000732549816107
147,11.657,-0.5160679112643514,1.062367684218115,-0.06768101749988412,0.29588263239525553,0.21209209034317644,0.43302633421741166,-0.11404192399035036,0.29588263239525564,-0.06768101749988421,1.0623676842181144,-0.5160679112643517,0.0,2.080079276268507
148,10.061,-0.5523293271365829,0.920390978129519,-0.03644520004688052,0.18574194907985087,0.14899950686662528,0.43676042202984877,-0.21123079182102114,0.18574194907985098,-0.036445200046880635,0.9203909781295186,-0.5523293271365828,0.0,1.4092459371272652
149,8.489,-0.5876832673746267,0.7723679567402145,-0.004671058410284311,0.07072851060782168,0.0798068660722557,0.41478462481712025,-0.2915256145285237,0.07072851060782168,-0.004671058410284415,0.7723679567402141,-0.5876832673746268,0.0,0.7045501594871018
150,7.616,-0.6220716455475039,0.6192710262127453,0.02717207842189307,-0.04614041994067155,0.007346922803979473,0.36839254701584107,-0.3485044857881083,-0.04614041994067151,0.02717207842189298,0.6192710262127453,-0.6220716455475039,0.0,-0.01630293767536195
151,7.2,-0.6554379616401727,0.4621059246905048,0.058613862348498136,-0.16179890249769852,-0.06541380434711849,0.3003150564569519,-0.3776102877012525,-0.16179890249769838,0.058613862348498025,0.46210592469050454,-0.6554379616401728,0.0,-0.735743189789156
152,7.348,-0.6877273948829057,0.30190511531215014,0.08918987356551798,-0.27321275189357075,-0.13549648266244976,0.21455953193850513,-0.3765151649082922,-0.2732127518935708,0.08918987356551789,0.3019051153121501,-0.6877273948829059,0.0,-1.4371424314298538
153,7.109,-0.7188868938216701,0.13972100366177176,0.11844848041076522,-0.3774591366847044,-0.20003191905741963,0.11617396903069327,-0.34530670432645766,-0.3774591366847045,0.11844848041076518,0.13972100366177165,-0.7188868938216701,0.0,-2.1055177472208593
154,6.975,-0.7488652634815277,-0.02338097578864427,0.14595751031768078,-0.47180325672731444,-0.2563780251834262,0.010949830015607264,-0.2864809300285121,-0.47180325672731455,0.14595751031768073,-0.023380975788644637,-0.7488652634815277,0.0,-2.728093096555943
