,raw_series,harmonic_1,harmonic_2,harmonic_3,harmonic_5,harmonic_6,harmonic_8,harmonic_9,harmonic_10,harmonic_147,harmonic_148,harmonic_149,harmonic_151,harmonic_152,harmonic_153,harmonic_154,harmonic_155,all_16_harmonics
0,18.993,-0.26570237820857934,0.7852868525520587,-0.26988607208466947,0.31069946274088167,-0.14173276361186946,-0.13192907786194877,-0.34239568434190787,0.01656900410899568,-0.1319290778619488,0.2084463115607492,-0.14173276361186946,-0.18321532100726157,-0.2698860720846694,0.7852868525520585,-0.26570237820857934,0.0,18.160184581363957
1,19.0,-0.28966480967564157,0.7238635461007303,-0.24428255762340703,0.20398719425760423,-0.14428496384888145,-0.237472790876698,-0.2938082925811786,0.07537584247039453,-0.237472790876698,0.28031931267517995,-0.14428496384888145,-0.12941252600865913,-0.24428255762340698,0.7238635461007301,-0.28966480967564157,0.0,17.939031032739912
2,18.757,-0.31315132262100415,0.6576849700537473,-0.21507079822922123,0.08892366607394293,-0.13834383537681594,-0.3182604889237118,-0.2065465557373884,0.12196543438225432,-0.3182604889237118,0.32977263209262303,-0.13834383537681594,-0.07221472220044507,-0.2150707982292212,0.657684970053747,-0.31315132262100415,0.0,17.785035881826953
3,18.049,-0.33612332876556844,0.5871858706726875,-0.18268227449508326,-0.02978040744687273,-0.12425910248897466,-0.3658702325686771,-0.09209684301269842,0.14878633487605997,-0.3658702325686771,0.35285103865323575,-0.12425910248897466,-0.013122437033929268,-0.1826822744950832,0.5871858706726872,-0.33612332876556833,0.0,17.69109536908192
4,17.992,-0.3585430851635583,0.5128293769901064,-0.14759539031435961,-0.14726526758776423,-0.10285986243156323,-0.3753388109867514,0.03447568985584256,0.15149129501114345,-0.37533881098675137,0.3477087425531518,-0.10285986243156321,0.046314102206807976,-0.14759539031435956,0.5128293769901062,-0.3585430851635584,0.0,17.640456428001958
5,17.505,-0.3803737562140815,0.43510395838058874,-0.11032840648016158,-0.2587210703706784,-0.07540578062697739,-0.3456791457502309,0.15651014548106326,0.1296418830098503,-0.34567914575023084,0.31475701992120925,-0.07540578062697735,0.10453563707470084,-0.11032840648016158,0.43510395838058863,-0.3803737562140815,0.0,17.60962749314563
6,17.472,-0.40157947418192447,0.3545202156637422,-0.07143178556703118,-0.3595848021341818,-0.04351294051837114,-0.27998319157873885,0.25794297913653547,0.08677954719897255,-0.27998319157873885,0.2566313193311267,-0.04351294051837109,0.16001478355305546,-0.07143178556703111,0.3545202156637419,-0.4015794741819244,0.0,17.572182196592845
7,17.957,-0.42212539812814776,0.2716075268193113,-0.03148006116706371,-0.4457270898488916,-0.009058712881483447,-0.18509960687555974,0.3254224628057309,0.029851602564874333,-0.1850996068755597,0.17798048104013636,-0.009058712881483383,0.21129610145495253,-0.031480061167063686,0.2716075268193111,-0.42212539812814776,0.0,17.502919215948648
8,17.175,-0.441977771153657,0.18691056934967853,0.008936648421773693,-0.5136212581344785,0.025928755532067405,-0.07091979618616824,0.350066189479228,-0.03191482046622495,-0.07091979618616819,0.08509492700617349,0.025928755532067454,0.25703427644788474,0.008936648421773762,0.18691056934967834,-0.4419777711536569,0.0,17.38180124461974
9,17.053,-0.46110397586169916,0.10098574213536428,0.049221356705651434,-0.5604877117641046,0.05938992877336585,0.05065324692118538,0.3286302752586848,-0.08850834971266362,0.05065324692118548,-0.014596441294740988,0.05938992877336593,0.29602941303621694,0.04922135670565148,0.10098574213536402,-0.46110397586169927,0.0,17.197132776148113
10,16.578,-0.47947258794816044,0.014397510289392809,0.0887790269535243,-0.5844077326195981,0.08935511619864257,0.1669458006961996,0.26393635576388935,-0.1307560582579099,0.16694580069619963,-0.11312039959948425,0.08935511619864261,0.327258512625203,0.08877902695352434,0.014397510289392625,-0.47947258794816044,0.0,16.947544267949056
11,16.521,-0.49705342783161455,-0.07228530297776094,0.12702536135625356,-0.5844020322366525,0.1140604182313724,0.2658346227612444,0.16450017078331666,-0.15181025259288894,0.2658346227612444,-0.20259709202642032,0.11406041823137246,0.34990231087088197,0.12702536135625364,-0.07228530297776113,-0.49705342783161455,0.0,16.64251418262289
12,16.062,-0.5138176102382966,-0.15849325312283252,0.16339543156343175,-0.560470843989615,0.13205155824131148,0.33701077140495095,0.04341062702513689,-0.1482583767506414,0.33701077140495095,-0.2758702547264164,0.1320515582413115,0.3633667702646898,0.16339543156343178,-0.15849325312283272,-0.5138176102382966,0.0,16.30135816737931
13,15.525,-0.5297375916605318,-0.24366001511614363,0.19735202311811245,-0.5135939135371148,0.14226948848100707,0.37305429003075774,-0.08339311068956073,-0.12067613431338525,0.37305429003075774,-0.32707956730631765,0.1422694884810071,0.36729866411622414,0.1973520231181125,-0.24366001511614382,-0.5297375916605316,0.0,15.950819857373387
14,15.732000000000001,-0.5447872156106454,-0.3272261037949881,0.22839357053560233,-0.4456903879196825,0.1441127308897026,0.3702077212756712,-0.199219711196782,-0.07353417585619368,0.37020772127567114,-0.3521293558826291,0.14411273088970267,0.36159484310388457,0.22839357053560233,-0.3272261037949883,-0.5447872156106454,0.0,15.621583473065904
15,16.367,-0.5589417555960047,-0.40864254928394844,0.2560615658189779,-0.35954024545442137,0.1374727830756731,0.3287678136574792,-0.2888227773357781,-0.01447347633482464,0.32876781365747915,-0.3490161613247683,0.1374727830756731,0.3464049412946548,0.2560615658189779,-0.40864254928394855,-0.5589417555960047,0.0,15.34417042031405
16,16.052,-0.5721779557445804,-0.4873745033372391,0.279947330981744,-0.2586704830960711,0.12274050530523664,0.2530545861959193,-0.3404077478641961,0.04693314757781839,0.2530545861959193,-0.3179889740800288,0.12274050530523661,0.32212745064329396,0.279947330981744,-0.48737450333723914,-0.5721779557445804,0.0,15.144762398996585
17,16.042,-0.5844740690142841,-0.5629047529119701,0.2996980545421642,-0.14721072076727654,0.10078311252858584,0.1509609759528514,-0.34718442998730975,0.10073264151594728,0.15096097595285135,-0.2615293201458217,0.1007831125285858,0.2893992669525397,0.2996980545421642,-0.5629047529119701,-0.5844740690142839,0.0,15.041502277280268
18,16.074,-0.5958098929233002,-0.6347371178906458,0.315022002825506,-0.02972413423374435,0.07289312580593141,0.03313001674262034,-0.3082608007446877,0.1382049480346218,0.03313001674262029,-0.18415279089488207,0.0728931258059314,0.24907898154565608,0.3150220028255061,-0.6347371178906458,-0.5958098929233001,0.0,15.041760848608186
19,16.097,-0.6061668027427118,-0.7023997106322776,0.325692829099184,0.08897936184775491,0.04071228810624555,-0.0881546736817585,-0.2287604250840361,0.1532763916860202,-0.0881546736817586,-0.09204789021610832,0.04071228810624552,0.2022243569776623,0.325692829099184,-0.7023997106322777,-0.6061668027427118,0.0,15.140731584616882
20,16.141,-0.6155277820968807,-0.7654480359391718,0.33155291689149125,0.2040400324005759,0.0061349231721129814,-0.20024943370154383,-0.11914803473747057,0.14350412691903908,-0.20024943370154386,0.007418916354307378,0.006134923172112927,0.15006457768754175,0.3315529168914912,-0.7654480359391719,-0.6155277820968807,0.0,15.321543719406854
21,16.171,-0.623877450921308,-0.8234679110748112,0.33251570811048364,0.31074728005323143,-0.02880357377269999,-0.29146863168453985,0.0061479572219809596,0.11047208517796378,-0.29146863168453985,0.10629236479462201,-0.028803573772700042,0.09396800356794904,0.33251570811048364,-0.8234679110748112,-0.623877450921308,0.0,15.55688925460538
22,16.160999999999998,-0.6312020907320394,-0.8760781866503888,0.32856698157487363,0.40473249754925256,-0.06204654948285451,-0.3523028673231366,0.1306346860491024,0.05953424436149152,-0.3523028673231366,0.1966646473224871,-0.06204654948285458,0.03540627240541705,0.32856698157487363,-0.8760781866503888,-0.6312020907320394,0.0,15.811967221396909
23,16.151,-0.6374896671650988,-0.9229332505056969,0.31976506307202895,0.48214791904155807,-0.09163715750365047,-0.3764103056540105,0.23792581129507445,-0.0010531673481631585,-0.37641030565401046,0.27130787161336367,-0.09163715750365051,-0.024084307072183262,0.31976506307202895,-0.9229332505056969,-0.6374896671650987,0.0,16.048383528758684
24,15.682,-0.6427298497489166,-0.9637252981356539,0.30623996384035695,0.5398241480783272,-0.11583354786044106,-0.3612777993732132,0.31389847085257194,-0.061469877084567325,-0.3612777993732131,0.32425214100380806,-0.11583354786044113,-0.08294305872596093,0.3062399638403569,-0.9637252981356539,-0.6427298497489164,0.0,16.228527794322932
25,15.662,-0.6469140288772671,-0.9981863547473814,0.288191460201363,0.5753999130661254,-0.1332114009887246,-0.30848287890266696,0.34855229057697207,-0.11192328010423397,-0.3084828789026669,0.35126302135481846,-0.13321140098872467,-0.13962588179109547,0.28819146020136294,-0.9981863547473814,-0.6469140288772671,0.0,16.319893944141015
26,15.640999999999998,-0.6500353299548292,-1.0260900356643434,0.26588614270672556,0.5874187380063771,-0.14274777024916066,-0.22352929832116167,0.33732574577238045,-0.14423566802332252,-0.22352929832116167,0.35018020721313936,-0.14274777024916066,-0.19264575882348803,0.2658861427067255,-1.0260900356643432,-0.6500353299548292,0.0,16.298825001743516
27,15.620999999999999,-0.6520886246921284,-1.0472530335129524,0.23965347838679785,0.5753885707938767,-0.1438812976411687,-0.11527328113402713,0.28169660026924875,-0.15316970758435514,-0.11527328113402709,0.3210903010613529,-0.14388129764116872,-0.24061176612231033,0.2396534783867978,-1.0472530335129524,-0.6520886246921284,0.0,16.15324133429356
28,15.540999999999999,-0.6530705395313028,-1.0615363224218768,0.20988094426421441,0.5398019278877887,-0.1365452581195033,0.004999721504782531,0.1889873865630459,-0.13727733055313676,0.004999721504782577,0.26631988693069936,-0.1365452581195033,-0.2822655632288459,0.2098809442642144,-1.0615363224218766,-0.6530705395313027,0.0,15.884044262253443
29,15.530999999999999,-0.6529794611888499,-1.0688460713233123,0.17700830401442244,0.48211573062994106,-0.12117148736141169,0.12475151419802341,0.07140153190136139,-0.09913444295599999,0.1247515141980235,0.19024945234272284,-0.12117148736141169,-0.3165144042359404,0.17700830401442239,-1.0688460713233123,-0.6529794611888498,0.0,15.505055211242965
30,15.154000000000002,-0.651815539306247,-1.069134260356486,0.14152111231134978,0.40469165871391055,-0.09866496177651646,0.2314982365363305,-0.05558299377792028,-0.04492341095693597,0.23149823653633053,0.0989630409322983,-0.09866496177651643,-0.34245980488921585,0.14152111231134973,-1.069134260356486,-0.651815539306247,0.0,15.041532110597334
31,14.780999999999999,-0.6495806862040915,-1.0623989963240474,0.10394354280411841,0.31069946274088167,-0.07035052710613811,0.3141117780266748,-0.1752510619697981,0.01656900410899568,0.3141117780266748,-0.0002383437858662957,-0.07035052710613805,-0.3594211134271816,0.10394354280411834,-1.0623989963240474,-0.6495806862040913,0.0,14.527475943497912
32,14.409,-0.6462785737401615,-1.0486845251290329,0.06483064566121001,0.20398719425760428,-0.03789491143095936,0.36397985908063607,-0.27185061842142194,0.07537584247039454,0.363979859080636,-0.09942066598649486,-0.037894911430959306,-0.3669533668027126,0.06483064566120998,-1.0486845251290329,-0.6462785737401615,0.0,14.002079574758687
33,13.725999999999999,-0.641914627276565,-1.0280809411106941,0.02476014904422941,0.08892366607394298,-0.0032086132882602142,0.3759038421767259,-0.33266614530904476,0.1219654343822543,0.3759038421767259,-0.19065141444699168,-0.00320861328826018,-0.3648589638456993,0.024760149044229345,-1.0280809411106937,-0.6419146272765649,0.0,13.505761304148226
34,13.304,-0.6364960167658826,-1.00072359518865,-0.015676074390074745,-0.029780407446872822,0.031666559749164984,0.34864067836221163,-0.34969242040902804,0.14878633487605994,0.3486406783622116,-0.2666340375243652,0.031666559749165046,-0.3531928491330636,-0.01567607439007479,-1.0007235951886497,-0.6364960167658825,0.0,13.076256951979275
35,13.253,-0.6300316449709553,-0.966792205703439,-0.0558807499130732,-0.14726526758776423,0.06467768199528946,0.28503249236628125,-0.32068825429505926,0.15149129501114345,0.28503249236628114,-0.32129151466787376,0.06467768199528952,-0.33226107157247214,-0.05588074991307324,-0.9667922057034388,-0.6300316449709553,0.0,12.745214639805006
36,13.183,-0.6225321328376683,-0.9265096777946087,-0.09526002294035747,-0.2587210703706784,0.09388155504043329,0.19171029736215905,-0.24947150084486078,0.1296418830098503,0.19171029736215905,-0.35025239095269095,0.09388155504043333,-0.30261275551386835,-0.09526002294035754,-0.9265096777946086,-0.6225321328376683,0.0,12.535651837735857
37,12.690999999999999,-0.6140098020447643,-0.8801406390722012,-0.13323223072962923,-0.35958480213418187,0.1175590940490459,0.0784027264610951,-0.14541650846239157,0.08677954719897253,0.07840272646109506,-0.3512004020380725,0.11755909404904595,-0.26502569501872014,-0.13323223072962928,-0.8801406390722011,-0.6140098020447643,0.0,12.460507847232542
38,12.603,-0.6044786547593584,-0.8279897012012243,-0.16923649399552088,-0.4457270898488916,0.1343165216207824,-0.04307815584384214,-0.02222016312612678,0.029851602564874343,-0.04307815584384219,-0.32405972686632323,0.13431652162078242,-0.22048594920699172,-0.1692364939955209,-0.8279897012012241,-0.6044786547593582,0.0,12.522374946879609
39,12.335,-0.5939543506314137,-0.7703994588192703,-0.20274100153646046,-0.5136212581344787,0.1431674124422304,-0.1600682353628454,0.10390104947304654,-0.031914820466224965,-0.16006823536284548,-0.27100105176149586,0.14316741244223047,-0.17016197397760086,-0.20274100153646046,-0.7703994588192702,-0.5939543506314136,0.0,12.714338762616068
40,12.437999999999999,-0.5824541810649777,-0.7077482389329705,-0.2332508655031441,-0.5604877117641045,0.14359075917409825,-0.26037155419708824,0.2163456397872905,-0.08850834971266362,-0.2603715541970883,-0.1962679609267687,0.14359075917409825,-0.11537396873092874,-0.2332508655031441,-0.7077482389329702,-0.5824541810649777,0.0,13.021723505418402
41,13.084000000000001,-0.5699970408084513,-0.64044761557815,-0.2603154312801422,-0.5844077326195981,0.1355616415277033,-0.3335317124651064,0.30031238879609384,-0.13075605825790992,-0.3335317124651064,-0.10583753846939385,0.13556164152770328,-0.05755924225160618,-0.26031543128014223,-0.6404476155781498,-0.5699970408084511,0.0,13.42443790450808
42,13.776,-0.556603396910566,-0.5689397060706096,-0.2835349340079546,-0.5844020322366524,0.11955269319678313,-0.3719219249405229,0.3447486505780622,-0.1518102525928889,-0.3719219249405229,-0.006942326692183362,0.11955269319678312,0.0017654936568322933,-0.2835349340079546,-0.5689397060706094,-0.5566033969105659,0.0,13.899564903341414
43,14.097000000000001,-0.5422952550930776,-0.49369426660923754,-0.3025664034234659,-0.560470843989615,0.0965062802937454,-0.3715400965995357,0.3438052256185758,-0.14825837675064138,-0.37154009659953563,0.09250812601077674,0.09650628029374539,0.061043913596460476,-0.3025664034234659,-0.49369426660923726,-0.5422952550930775,0.0,14.423837525025876
44,14.387,-0.5270961235954216,-0.4152056063112835,-0.31712872979967516,-0.5135939135371147,0.06777902900561003,-0.3324260322049965,0.2976062980995126,-0.12067613431338522,-0.3324260322049964,0.1845598635850731,0.06777902900561,0.11872090722269399,-0.31712872979967516,-0.4152056063112832,-0.5270961235954215,0.0,14.975692379297898
45,14.519,-0.5110309745507394,-0.33398933995239005,-0.3270068161567991,-0.4456903879196825,0.03506196784699031,-0.25865728674762856,0.2122330893834245,-0.07353417585619366,-0.25865728674762845,0.2618506724308824,0.03506196784699027,0.17328337601630697,-0.32700681615679905,-0.33398933995238994,-0.5110309745507394,0.0,15.536681803744191
46,16.114,-0.4941262029567277,-0.25057900074357403,-0.332054755413334,-0.3595402454544213,0.0002809853332424855,-0.15792408932673876,0.09892337940404809,-0.014473476334824618,-0.15792408932673876,0.31819890449874,0.0002809853332424339,0.223299927917028,-0.332054755413334,-0.25057900074357375,-0.4941262029567276,0.0,16.09214091384402
47,17.123,-0.4764095833087269,-0.165522535396808,-0.33219798554806446,-0.25867048309607116,-0.03451653737106989,-0.04072765371883197,-0.02740773605794466,0.046933147577818426,-0.04072765371883192,0.34909787983465645,-0.03451653737106995,0.267458428469511,-0.33219798554806446,-0.16552253539680792,-0.47640958330872685,0.0,16.631128970484152
48,17.499000000000002,-0.4579102239662991,-0.07937870450413487,-0.327434390939585,-0.14721072076727656,-0.06728224546371767,0.08071455000988516,-0.15013113768402678,0.10073264151594728,0.0807145500098852,0.3520763267121737,-0.06728224546371771,0.3046004233647433,-0.327434390939585,-0.07937870450413469,-0.45791022396629905,0.0,17.145776957971194
49,17.589000000000002,-0.43865851932826816,0.007286588122734234,-0.3178343336156874,-0.02972413423374427,-0.0960873868294908,0.19374243982591383,-0.25309259394261946,0.1382049480346218,0.1937424398259139,0.32689603167996684,-0.09608738682949088,0.3337515293357807,-0.3178343336156874,0.007286588122734418,-0.43865851932826805,0.0,17.63025867188449
50,18.105999999999998,-0.4186860998948039,0.09390401303870291,-0.30353961395103507,0.0889793618477549,-0.11923634795742635,0.28657310737277614,-0.32273916235338396,0.1532763916860202,0.2865731073727762,0.27557089165534365,-0.1192363479574264,0.35414699613290623,-0.303539613951035,0.09390401303870319,-0.4186860998948039,0.0,18.079648924228202
51,17.516,-0.3980257802985919,0.17990455525555207,-0.28476137616443475,0.20404003240057594,-0.13536646616328835,0.3495291601931263,-0.34990317989052355,0.14350412691903908,0.3495291601931263,0.20220584429466432,-0.13536646616328837,0.36525176898524153,-0.28476137616443475,0.17990455525555216,-0.3980257802985919,0.0,18.488933748296304
52,17.794,-0.3767115053904794,0.26472325226644383,-0.26177698955315426,0.3107472800532314,-0.14352824267475736,0.37604756855974236,-0.33100901368525726,0.11047208517796375,0.37604756855974236,0.11266855884202695,-0.1435282426747574,0.36677452523009546,-0.2617769895531542,0.2647232522664439,-0.37671150539047926,0.0,18.852394664779098
53,18.213,-0.35477829446817355,0.34780290544849995,-0.23492595153089887,0.40473249754925256,-0.14324123483923287,0.36336384685715284,-0.2685437259558079,0.05953424436149152,0.36336384685715284,0.014120145321222626,-0.1432412348392329,0.3586753168730535,-0.23492595153089885,0.3478029054485002,-0.35477829446817355,0.0,19.16350975430015
54,19.211,-0.33226218373962796,0.428597740462175,-0.20460487298479102,0.4821479190415581,-0.13452233736163877,0.3128002451130628,-0.1707296989642212,-0.0010531673481631672,0.3128002451130627,-0.08555758448034696,-0.13452233736163877,0.34116661858384884,-0.20460487298479096,0.42859774046217525,-0.33226218373962785,0.0,19.41541156162875
55,18.910999999999998,-0.30920016711564713,0.5065769926011984,-0.1712616200215603,0.5398241480783271,-0.11788478779828418,0.22962790734771196,-0.05044231277755648,-0.061469877084567325,0.22962790734771185,-0.17839249709423605,-0.11788478779828415,0.314707753634888,-0.17126162002156028,0.5065769926011986,-0.30920016711564713,0.0,19.601832351908456
56,19.154,-0.28563013542898835,0.58122839353988,-0.1353886986339484,0.5753999130661254,-0.09430795484834383,0.12251736642938854,0.07648485676582857,-0.11192328010423394,0.12251736642938854,-0.256959741298785,-0.0943079548483438,0.2799928440123845,-0.13538869863394834,0.5812283935398801,-0.2856301354289884,0.0,19.718368618118365
57,19.686,-0.261590814179823,0.6520615365723309,-0.09751598000099176,0.5874187380063771,-0.06517968785398877,0.0026346601360924043,0.19334423101928705,-0.14423566802332252,0.0026346601360923583,-0.314975580914473,-0.06517968785398873,0.23793260081694212,-0.09751598000099171,0.652061536572331,-0.26159081417982294,0.0,19.76382508549312
58,19.459,-0.23712169990984136,0.7186110982363578,-0.05820287387520373,0.5753885707938768,-0.03221462110357041,-0.11752270366858933,0.28475346755005704,-0.15316970758435514,-0.11752270366858938,-0.3477999622641049,-0.03221462110357038,0.18963043266430324,-0.05820287387520369,0.7186110982363579,-0.23712169990984144,0.0,19.741365855509564
59,19.441,-0.21226299530953838,0.7804398951582578,-0.01803006566186212,0.5398019278877887,0.002646758048170498,-0.22542858468095828,0.3386802566969217,-0.13727733055313673,-0.22542858468095833,-0.3528076214130048,0.002646758048170567,0.1363534988585878,-0.018030065661862073,0.7804398951582578,-0.21226299530953824,0.0,19.65921301131489
60,19.588,-0.1870555431652988,0.8371417560372069,0.022409060759777402,0.48211573062994106,0.037352335891744214,-0.3098340326714452,0.34802614921474584,-0.09913444295600002,-0.30983403267144527,-0.32959805037228723,0.037352335891744276,0.07949946672921174,0.022409060759777447,0.8371417560372071,-0.1870555431652988,0.0,19.53069033614457
61,19.701,-0.16154075925480618,0.8883441899023486,0.0625171877816861,0.4046916587139105,0.06985916995552446,-0.36193996574903936,0.3115609338349226,-0.04492341095693597,-0.36193996574903936,-0.28002752936071634,0.0698591699555245,0.020559845219662188,0.06251718778168618,0.8883441899023486,-0.16154075925480613,0.0,19.373504256974893
62,19.436,-0.13576056430102917,0.9337108331140246,0.1017018869165264,0.31069946274088167,0.09825374673380531,-0.3763144552518735,0.23408457148005854,0.016569004108995693,-0.37631445525187346,-0.20806066321421016,0.09825374673380537,-0.03891914336506788,0.10170188691652643,0.9337108331140246,-0.1357605643010291,0.0,19.20827229190274
63,19.503,-0.10975731509658357,0.9729436590340881,0.13938436943096827,0.20398719425760428,0.12086462058388164,-0.3514589923361681,0.12579537053406153,0.07537584247039453,-0.3514589923361681,-0.11945329592488069,0.1208646205838817,-0.09737712696162461,0.13938436943096832,0.9729436590340881,-0.10975731509658362,0.0,19.056433679024607
64,19.482,-0.08357373491163338,1.0057849358493345,0.17500803550914482,0.08892366607394286,0.13636080330791658,-0.28996470421990705,0.0009475710299873693,0.1219654343822543,-0.28996470421990694,-0.02129216351414785,0.13636080330791664,-0.15328051855626612,0.17500803550914482,1.0057849358493345,-0.08357373491163328,0.0,18.937788461592415
65,19.546,-0.05725284329966998,1.032018919686539,0.20804669566839598,-0.02978040744687273,0.14383011272073795,-0.1982422348822014,-0.12402495840829826,0.14878633487605997,-0.1982422348822014,0.07857189661880211,0.14383011272073798,-0.2051627483137179,0.20804669566839598,1.0320189196865388,-0.05725284329966998,0.0,18.8679922661582
66,19.785,-0.030837885416498845,1.0514732718965376,0.23801234299054472,-0.14726526758776415,0.14283286821820923,-0.08585344955998654,-0.2326719308030586,0.15149129501114345,-0.08585344955998654,0.17215184847640327,0.14283286821820923,-0.25166273757705726,0.23801234299054477,1.0514732718965374,-0.030837885416498845,0.0,18.85637036442834
67,19.784000000000002,-0.004372260968562152,1.064020191196802,0.2644623613667547,-0.2587210703706782,0.13342777255865917,0.03548536862490831,-0.3106920122276354,0.1296418830098503,0.03548536862490833,0.2519632532811608,0.13342777255865917,-0.29156060541153367,0.2644623613667547,1.0640201911968017,-0.004372260968562106,0.0,18.904398412196326
68,19.448,0.02210054709266535,1.0695772532351329,0.28700606328453937,-0.35958480213418176,0.116168456327327,0.1531249153540262,-0.34781532389163017,0.08677954719897255,0.15312491535402625,0.3116228680291025,0.116168456327327,-0.32380967096668817,0.28700606328453937,1.0695772532351329,0.022100547092665304,0.0,19.00512795930204
69,19.654,0.048537044013050853,1.0681079520591392,0.3053104605886839,-0.4457270898488917,0.09207088849378706,0.25480152720356125,-0.33915527885324437,0.029851602564874336,0.2548015272035613,0.34635917141458195,0.09207088849378704,-0.3475639121066564,0.3053104605886839,1.068107952059139,0.048537044013050944,0.0,19.143719610932415
70,19.698,0.0748937946975708,1.059621939934426,0.31910518297741397,-0.5136212581344786,0.06255357143860557,0.32991564152247,-0.28585180943810096,-0.031914820466224965,0.32991564152247,0.3533939857308964,0.06255357143860553,-0.36220015995881716,0.31910518297741397,1.059621939934426,0.0748937946975708,0.0,19.299099774265994
71,19.567,0.10112749507405758,1.0441749639360636,0.32818647158376607,-0.5604877117641044,0.029354040866627636,0.3706367774733387,-0.1949213165522977,-0.08850834971266362,0.3706367774733387,0.33216467297688906,0.02935404086662759,-0.3673344471288985,0.32818647158376607,1.0441749639360633,0.10112749507405755,0.0,19.446597662194502
72,19.784000000000002,0.12719504324167671,1.0218684997298804,0.3324201886538333,-0.5844077326195981,-0.005573414163792722,0.37271984639829964,-0.0783330922452302,-0.13075605825790992,0.37271984639829964,0.28436913412858794,-0.005573414163792785,-0.36283208070338474,0.33242018865383327,1.0218684997298804,0.12719504324167671,0.0,19.561269747094943
73,19.703,0.15305361028723655,0.9928490849493822,0.33174379886657546,-0.5844020322366524,-0.04017279038917211,0.3359476929538087,0.0485662128495868,-0.1518102525928889,0.3359476929538087,0.21383001257537865,-0.04017279038917216,-0.3488111757840373,0.3317437988665755,0.9928490849493817,0.1530536102872365,0.0,19.62150093263662
74,19.177,0.17866071065298025,0.957307356547531,0.3261672930295487,-0.560470843989615,-0.07240739689195264,0.26415373307651696,0.16907268791696903,-0.14825837675064138,0.26415373307651685,0.12618896260542153,-0.0724073968919527,-0.32563955685576534,0.32616729302954867,0.9573073565475307,0.17866071065298034,0.0,19.612403715518273
75,19.038,0.20397427194024575,0.9154767984473082,0.3157730405068436,-0.5135939135371148,-0.10037974483107509,0.16482232882219386,0.2673239181810928,-0.12067613431338522,0.1648223288221938,0.028455435066625352,-0.10037974483107513,-0.29392510827737633,0.31577304050684357,0.915476798447308,0.20397427194024575,0.0,19.52853082437344
76,19.544,0.22895270403430595,0.8676322077180986,0.30071457255898687,-0.4456903879196825,-0.12244324304780664,0.04830856011981954,0.3303869739731328,-0.07353417585619368,0.04830856011981954,-0.07155393208755359,-0.12244324304780667,-0.25449982704047847,0.3007145725589868,0.8676322077180983,0.22895270403430587,0.0,19.375477492734916
77,20.107,0.2535549674368182,0.8140878893540363,0.2812143145658297,-0.3595402454544214,-0.13729912458938903,-0.07324126948444136,0.34996078808948117,-0.014473476334824618,-0.07324126948444142,-0.1658404813371749,-0.13729912458938906,-0.20839799615652999,0.2812143145658297,0.8140878893540362,0.2535549674368182,0.0,19.170071942042014
78,19.438,0.27774064069361265,0.7551955915133322,0.2575603006292706,-0.2586704830960712,-0.14407289857451377,-0.18715585819681313,0.3234688354257003,0.046933147577818385,-0.18715585819681316,-0.24686326089297192,-0.1440728985745138,-0.15682905127150362,0.2575603006292706,0.755195591513332,0.27774064069361254,0.0,18.939023451560487
79,18.366,0.3014699868070345,0.6913421947825947,0.23010191908370492,-0.14721072076727648,-0.1423658270645768,-0.28155986125549876,0.2543982841288911,0.10073264151594725,-0.2815598612554988,-0.3081421431086877,-0.14236582706457682,-0.1011458523255207,0.2301019190837049,0.6913421947825945,0.3014699868070346,0.0,18.716096018187425
80,17.756,0.3247040185237277,0.6229471706460405,0.19924475175634937,-0.02972413423374429,-0.1322783967567157,-0.3466118694442803,0.1518409753872731,0.1382049480346218,-0.34661186944428024,-0.3447760991507667,-0.1322783967567157,-0.04280919261888597,0.19924475175634934,0.6229471706460403,0.3247040185237277,0.0,18.538076812555722
81,18.436,0.3474045623905893,0.5504598258556429,0.16544458320561248,0.08897936184775489,-0.11440440383834419,-0.37553035430906634,0.029296653248974236,0.1532763916860202,-0.37553035430906634,-0.35383517879235243,-0.11440440383834416,0.016650523646151324,0.16544458320561242,0.5504598258556427,0.3474045623905893,0.0,18.439985693561646
82,19.250999999999998,0.3695343214736527,0.4743563508047549,0.12920066842575847,0.20404003240057583,-0.08979600019798777,-0.36530062755014137,-0.0971040232065417,0.14350412691903908,-0.3653006275501413,-0.3345948451469432,-0.08979600019798772,0.07567342999636222,0.12920066842575842,0.47435635080475475,0.3695343214736527,0.0,18.450100268549843
83,19.061,0.3910569366368526,0.39513669129529266,0.09104835845914608,0.3107472800532314,-0.0599017585458432,-0.31698911563187965,-0.21072277826204905,0.11047208517796375,-0.31698911563187965,-0.2885939224644891,-0.05990175854584318,0.1327111192318558,0.09104835845914605,0.3951366912952924,0.3910569366368525,0.0,18.58543110275742
84,19.17,0.4119370462799893,0.31332126424874995,0.05155119284153118,0.4047324975492526,-0.026481402238296977,-0.23563218717464837,-0.2966038361553291,0.05953424436149151,-0.23563218717464832,-0.21951152237831306,-0.02648140223829693,0.18626726434776858,0.05155119284153114,0.3133212642487497,0.41193704627998934,0.0,18.84826256885712
85,19.254,0.432140344437746,0.22944753893649147,0.011292575681218015,0.48214791904155807,0.008497780768077853,-0.12971112262822343,-0.34344256814400087,-0.0010531673481631643,-0.1297111226282234,-0.13287279192882162,0.00849778076807791,0.23493687318387335,0.01129257568121797,0.2294475389364912,0.432140344437746,0.0,19.22427528405911
86,19.295,0.45163363714429905,0.14406650618821132,-0.029132841677102787,0.5398241480783271,0.042976742244532525,-0.010267959480896482,-0.34507353462025486,-0.061469877084567325,-0.010267959480896482,-0.035607017367367294,0.04297674224453257,0.27744314699545,-0.02913284167710283,0.14406650618821115,0.45163363714429905,0.0,19.68259533477908
87,19.855,0.47038489697091673,0.05773905877335571,-0.06912794411901807,0.5753999130661253,0.07492587948295769,0.110245615807791,-0.30128204947102266,-0.11192328010423397,0.11024561580779106,0.06450657380699569,0.07492587948295774,0.3126709759974966,-0.0691279441190181,0.05773905877335562,0.47038489697091673,0.0,20.177892348364946
88,20.162,0.4883633156469407,-0.028967693266170613,-0.10810197261886585,0.5874187380063771,0.10246450777928688,0.21926632867215973,-0.21783243947374936,-0.1442356680233225,0.21926632867215973,0.15946098833272052,0.10246450777928694,0.33969619316001926,-0.10810197261886592,-0.028967693266170796,0.4883633156469406,0.0,20.65439921211837
89,20.543000000000003,0.5055393546776935,-0.11548414812636405,-0.14547925021379488,0.5753885707938768,0.12397156686446255,0.3054290101195866,-0.10570927890892327,-0.15316970758435514,0.3054290101195867,0.24166185916789948,0.12397156686446262,0.3578098188101979,-0.14547925021379493,-0.11548414812636433,0.5055393546776935,0.0,21.051481445434785
90,21.324,0.5218847938761486,-0.2012419541205891,-0.18070768520392916,0.5398019278877887,0.13818104455327,0.359751390544792,0.020328523394190914,-0.13727733055313676,0.359751390544792,0.3045348360055476,0.13818104455327002,0.366536660008423,-0.18070768520392919,-0.20124195412058926,0.5218847938761486,0.0,21.310174992569316
91,21.465,0.5373727777286221,-0.2856777433466609,-0.21326692597970376,0.48211573062994095,0.14425650050171224,0.3765704815358204,0.1436904572870941,-0.09913444295599999,0.3765704815358204,0.34305139578533783,0.14425650050171224,0.36564777676208465,-0.2132669259797038,-0.2856777433466611,0.537372777728622,0.0,21.37996514936542
92,21.374000000000002,0.5519778595183128,-0.3682368326140053,-0.24267604702317763,0.4046916587139105,0.14184030323488608,0.35413292993258805,0.2481382404545596,-0.044923410956935944,0.35413292993258805,0.3541310193589998,0.14184030323488608,0.35516648803840417,-0.24267604702317763,-0.3682368326140054,0.5519778595183128,0.0,21.225017002363007
93,21.42,0.5656760431341898,-0.4483768673184253,-0.2685006525550563,0.3106994627408816,0.13107468210965376,0.29477780102875795,0.31992328338642856,0.016569004108995686,0.29477780102875784,0.33688756858830327,0.13107468210965376,0.3353677600145397,-0.2685006525550563,-0.4483768673184254,0.5656760431341897,0.0,20.82909977317494
94,20.871,0.578444822496541,-0.5255713843268105,-0.2903592929009885,0.2039871942576042,0.11259335498915839,0.20469273617107278,0.349596433038859,0.07537584247039453,0.20469273617107264,0.29270015886115114,0.11259335498915839,0.3067709926136148,-0.2903592929009885,-0.5255713843268106,0.578444822496541,0.0,20.198572935903723
95,19.528,0.5902632185344019,-0.5993132704661621,-0.3079290988023742,0.08892366607394293,0.08748422446579175,0.0932689047888937,0.3332517764123317,0.12196543438225432,0.09326890478889363,0.22510285870690325,0.08748422446579172,0.27012639356471785,-0.3079290988023742,-0.5993132704661622,0.5902632185344019,0.0,19.36300831900833
96,18.391,0.6011118136541149,-0.6691180938971181,-0.32095055044849546,-0.029780407446872822,0.0572253385179797,-0.027878004317069816,0.2730407806594076,0.14878633487605997,-0.027878004317069816,0.13950203823460047,0.05722533851797965,0.2263952974498458,-0.32095055044849546,-0.6691180938971182,0.6011118136541148,0.0,18.373286620805963
97,16.382,0.6109727836423844,-0.7345272864872185,-0.329231310787626,-0.14726526758776412,0.023597885274198475,-0.1461186929267984,0.1768890928307054,0.15149129501114345,-0.14611869292679844,0.04274397260693139,0.02359788527419842,0.1767249460480054,-0.329231310787626,-0.7345272864872187,0.6109727836423844,0.0,17.29729810804551
98,15.353,0.6198299269514125,-0.7951111562779785,-0.33264906649610865,-0.25872107037067826,-0.011418656555991398,-0.24912682990057983,0.057453277255084235,0.1296418830098503,-0.24912682990057983,-0.057432716772225736,-0.011418656555991443,0.12241839158904408,-0.3326490664961087,-0.7951111562779785,0.6198299269514124,0.0,16.213660901032693
99,14.899000000000001,0.6276686913179993,-0.8504717102559975,-0.3311533346420587,-0.3595848021341819,-0.04576303961815004,-0.3261640440283601,-0.0695451835106892,0.08677954719897255,-0.3261640440283601,-0.1530159901047382,-0.045763039618150106,0.06490031247538686,-0.3311533346420587,-0.8504717102559975,0.6276686913179993,0.0,15.204111535457425
100,14.259,0.6344761976728736,-0.9002452688845063,-0.32476620835785497,-0.4457270898488917,-0.07741358315722034,-0.3691993755569009,-0.1873893266691267,0.029851602564874343,-0.3691993755569009,-0.2363611847977214,-0.0774135831572204,0.0056796382621970695,-0.3247662083578549,-0.9002452688845063,0.6344761976728736,0.0,14.345391294578636
101,13.138,0.6402412613009691,-0.9441048552197304,-0.31358203050724964,-0.5136212581344787,-0.1045071791754775,-0.37374648604073707,-0.2805671834514509,-0.031914820466224965,-0.37374648604073707,-0.3008024285708898,-0.10450717917547753,-0.053690035607596866,-0.3135820305072496,-0.9441048552197302,0.640241261300969,0.0,13.701526320625568
102,12.065,0.6449544102178829,-0.981762342917276,-0.2977660001672909,-0.5604877117641044,-0.12544896421136892,-0.3393313492355052,-0.3368136385484879,-0.08850834971266364,-0.3393313492355051,-0.3411857698118316,-0.12544896421136897,-0.1116512048333818,-0.2977660001672908,-0.981762342917276,0.6449544102178828,0.0,13.317369108627943
103,12.953,0.6486079007323201,-1.0129703490176594,-0.2775517325084122,-0.5844077326195981,-0.13900620091430727,-0.2695416672889824,-0.34872490224752695,-0.13075605825790987,-0.2695416672889823,-0.3542813859020393,-0.13900620091430732,-0.16668331583193044,-0.2775517325084122,-1.0129703490176594,0.64860790073232,0.0,13.214135685721407
104,13.135,0.6511957301689588,-1.0375238590767222,-0.25323780811517327,-0.5844020322366525,-0.14438084308021662,-0.17165286070085323,-0.31473308033215575,-0.15181025259288888,-0.17165286070085314,-0.33904190146959673,-0.14438084308021668,-0.21734265594718155,-0.2532378081151732,-1.0375238590767222,0.6511957301689588,0.0,13.38745119527706
105,13.161,0.6527136467308297,-1.055261573964982,-0.22518336271689046,-0.5604708439896151,-0.14125651260987562,-0.055869621773436205,-0.23931255791658534,-0.14825837675064135,-0.05586962177343614,-0.29668615651143826,-0.14125651260987562,-0.2623002278147773,-0.22518336271689043,-1.055261573964982,0.6527136467308297,0.0,13.808132289383746
106,13.654000000000002,0.6531591564850074,-1.0660669694883982,-0.19380278247129515,-0.5135939135371148,-0.129817123093256,0.0657379020657755,-0.13239103065780133,-0.12067613431338522,0.0657379020657755,-0.23060172468753853,-0.12981712309325596,-0.30037661428510565,-0.19380278247129512,-1.066066969488398,0.6531591564850074,0.0,14.425621151899001
107,14.901,0.6525315274601355,-1.0698690618696023,-0.15955958315603808,-0.4456903879196825,-0.11073605374329908,0.18049239452619295,-0.008042710027801592,-0.07353417585619366,0.18049239452619295,-0.14607397828451887,-0.11073605374329903,-0.33057291925829224,-0.15955958315603805,-1.069869061869602,0.6525315274601355,0.0,15.173680468677471
108,15.644,0.6508317908490542,-1.0666428740609206,-0.12295956367718307,-0.3595402454544214,-0.08513651095509134,0.2764309527317554,0.11736428236495057,-0.01447347633482464,0.2764309527317554,-0.04986336898454839,-0.08513651095509134,-0.35209697272913354,-0.122959563677183,-1.0666428740609204,0.650831790849054,0.0,15.977697888336937
109,16.637,0.6480627393145517,-1.0564095998258451,-0.08454333502273631,-0.2586704830960712,-0.05452541080569588,0.34355219347493116,0.22732247065237346,0.04693314757781839,0.3435521934749312,0.050335266863804816,-0.05452541080569586,-0.36438411257870007,-0.08454333502273627,-1.056409599825845,0.6480627393145516,0.0,16.762763937168
110,17.482,0.6442289224010287,-1.0392364645110537,-0.044878335014427645,-0.14721072076727648,-0.02070467449868045,0.3748588753692165,0.3073579239553343,0.10073264151594727,0.3748588753692165,0.14650813420391728,-0.020704674498680395,-0.36711199792299265,-0.044878335014427596,-1.0392364645110537,0.6442289224010287,0.0,17.461601333022564
111,17.69,0.6393366390596074,-1.0152362834236086,-0.0045504468061211825,-0.02972413423374429,0.014334841656496629,0.36708734583907265,0.3469354776168905,0.1382049480346218,0.36708734583907265,0.2309634152545773,0.01433484165649668,-0.3602090654051934,-0.0045504468061211365,-1.0152362834236082,0.6393366390596074,0.0,18.021446665189725
112,19.391,0.6333939272989715,-0.9845667207144813,0.03584465506979413,0.08897936184775482,0.048530537922660745,0.3210477697065838,0.3408454898178701,0.1532763916860202,0.3210477697065838,0.2969464540460786,0.04853053792266081,-0.3438564065891009,0.03584465506979415,-0.9845667207144813,0.6333939272989714,0.0,18.409114728477793
113,18.344,0.6264105509789394,-0.9474292536370142,0.07571030328235222,0.20404003240057578,0.07986948598713964,0.2415396712946686,0.2898895931045222,0.1435041269190391,0.2415396712946686,0.33917998761359763,0.0798694859871397,-0.3184830172022039,0.07571030328235229,-0.9474292536370138,0.6264105509789394,0.0,18.613695754969168
114,18.973,0.6183979837684682,-0.904067848984402,0.11445765094637188,0.31074728005323143,0.10650691990753683,0.1368515945964095,0.2007751745155035,0.11047208517796381,0.13685159459640936,0.3542862166521682,0.1065069199075369,-0.2847545428597687,0.1144576509463719,-0.9040678489844015,0.6183979837684681,0.0,18.64661968901024
115,19.006,0.6093693902944453,-0.8547673604010647,0.15151436935270118,0.4047324975492526,0.1268748281862078,0.01789704083490536,0.08523247401820966,0.05953424436149153,0.01789704083490529,0.34105695880912107,0.12687482818620785,-0.24355581651467098,0.1515143693527012,-0.8547673604010646,0.6093693902944453,0.0,18.539135061113743
116,19.172,0.5993396045122416,-0.7998516570964331,0.18633310171204975,0.4821479190415581,0.13977425470525603,-0.10292323998169174,-0.04152948133232325,-0.0010531673481631585,-0.10292323998169174,0.3005502780012731,0.13977425470525606,-0.1959676457455914,0.1863331017120498,-0.7998516570964328,0.5993396045122414,0.0,18.33755497909076
117,18.454,0.588325105333561,-0.7396814962541711,0.2183995480439822,0.5398241480783271,0.1444458752311487,-0.21301399991251482,-0.16282486023582463,-0.06146987708456733,-0.21301399991251482,0.23600586143264407,0.14444587523114874,-0.14323845884596662,0.2183995480439822,-0.7396814962541709,0.5883251053335609,0.0,18.096882469816737
118,18.035999999999998,0.5763439895516324,-0.6746521531135974,0.24724006179092295,0.5753999130661254,0.14061469500579007,-0.300898519917057,-0.2626874035391478,-0.11192328010423394,-0.3008985199170571,0.15258591238126226,0.14061469500579007,-0.08675155355032907,0.24724006179092303,-0.674652153113597,0.5763439895516322,0.0,17.87361075412935
119,18.541,0.5634159421082257,-0.6051908242919852,0.27242864594922717,0.5874187380063771,0.12850623630211608,-0.3574150325160524,-0.32797208246636844,-0.14423566802332252,-0.3574150325160524,0.05696228191248072,0.12850623630211608,-0.027988807595100713,0.27242864594922717,-0.6051908242919849,0.5634159421082257,0.0,17.718579398845026
120,18.125,0.549562203751344,-0.5317538214060731,0.2935932453789743,0.5753885707938767,0.10883326306438852,-0.3766718158551374,-0.35008539484201406,-0.15316970758435514,-0.3766718158551374,-0.04321713965404692,0.10883326306438851,0.0315081968688405,0.2935932453789743,-0.5317538214060729,0.549562203751344,0.0,17.670745167273196
121,18.512999999999998,0.5348055361367311,-0.4548235734286979,0.31042124235013596,0.5398019278877887,0.08275382408671392,-0.3566613927205526,-0.3261165382982143,-0.13727733055313676,-0.3566613927205526,-0.13994009400234642,0.08275382408671386,0.09017861514948194,0.31042124235013596,-0.4548235734286975,0.534805536136731,0.0,17.752600526379165
122,18.552,0.5191701844305298,-0.3749054574729404,0.3226640741515914,0.48211573062994106,0.0518030845164302,-0.29946980561342684,-0.2592205627523067,-0.09913444295599999,-0.29946980561342673,-0.22547076789648182,0.051803084516430155,0.14648328722059056,0.3226640741515913,-0.3749054574729402,0.5191701844305296,0.0,17.967759613824047
123,18.275,0.5026818374745381,-0.29252447882328225,0.3301409045572829,0.40469165871391055,0.017802958418226784,-0.21105915141747308,-0.15820306732541062,-0.04492341095693597,-0.21105915141747297,-0.29296849643279244,0.01780295841822675,0.19894511605300455,0.33014090455728295,-0.292524478823282,0.502681837474538,0.0,18.300958063622918
124,18.31,0.48536758557951004,-0.20822182202361061,0.332741294919081,0.31069946274088167,-0.01724513812545152,-0.10064604594161045,-0.03636110855478117,0.01656900410899568,-0.10064604594161032,-0.337034873148976,-0.01724513812545158,0.24618781778497129,0.332741294919081,-0.20822182202361034,0.48536758557950993,0.0,18.720413650372496
125,19.457,0.4672558760158456,-0.122551295678975,0.33042683543221724,0.20398719425760423,-0.05127810029319921,0.020259187961157374,0.09026710742968003,0.07537584247039453,0.02025918796115742,-0.3541455096249556,-0.051278100293199264,0.2869720271593814,0.3304268354322172,-0.12255129567897491,0.4672558760158456,0.0,19.18220633305234
126,19.528,0.4483764662748005,-0.03607569432622579,0.32323171247822124,0.08892366607394286,-0.08229257910863214,0.13905244617799914,0.2050133536041141,0.1219654343822543,0.13905244617799914,-0.34293191283838687,-0.08229257910863219,0.32022781103769266,0.32323171247822124,-0.03607569432622561,0.4483764662748005,0.0,19.63609430706674
127,20.397000000000002,0.4287603751770061,0.05063689872654176,0.31126220366525753,-0.029780407446872766,-0.10846290849890795,0.2433497934057366,0.2927734411706171,0.14878633487605997,0.24334979340573665,-0.3042909359822731,-0.108462908498908,0.345082737030865,0.3112622036652575,0.05063689872654185,0.428760375177006,0.0,20.032016330409146
128,20.531,0.4084398319086282,0.1370168433040134,0.2946951080245141,-0.14726526758776415,-0.12824857305613394,0.32227846110725505,0.34199540241156984,0.15149129501114345,0.3222784611072551,-0.2413130489686128,-0.12824857305613396,0.360884760894716,0.29469510802451404,0.13701684330401367,0.4084398319086282,0.0,20.326459396744777
129,20.698,0.3874482230688995,0.2224966844951966,0.27377513454987307,-0.2587210703706784,-0.14048489041612366,0.3676103096637433,0.3462000903363487,0.1296418830098503,0.36761030966374336,-0.15903516547745347,-0.14048489041612372,0.3672193322616571,0.273775134549873,0.22249668449519683,0.3874482230688994,0.0,20.48790226508595
130,20.59,0.3658200378160242,0.3065148804293236,0.24881128765417973,-0.3595848021341819,-0.14445157023985172,0.3746195937919777,0.3048340367281755,0.08677954719897256,0.3746195937919776,-0.06403779521741844,-0.14445157023985172,0.36392026995696614,0.24881128765417967,0.3065148804293238,0.3658200378160242,0.0,20.500674052976557
131,20.565,0.3435908112015818,0.3885194912072801,0.2201723029317556,-0.4457270898488917,-0.13991511407586563,0.34257561107274154,0.22334230584276688,0.029851602564874354,0.34257561107274154,0.03608125920932619,-0.13991511407586563,0.35107412159649853,0.22017230293175555,0.3885194912072802,0.3435908112015818,0.0,20.366775646075006
132,20.282,0.3207970657865309,0.46797180475489636,0.1882812006445224,-0.5136212581344786,-0.12714256023742587,0.2748188760672808,0.11245175393727726,-0.03191482046622497,0.2748188760672807,0.13331456759531576,-0.12714256023742584,0.3290178930961302,0.18828120064452236,0.4679718047548964,0.3207970657865308,0.0,20.105472929431073
133,19.657,0.2974762516347365,0.5443498757788188,0.15360903738101747,-0.5604877117641045,-0.10688576460272277,0.17841287903806932,-0.013240959945189644,-0.08850834971266361,0.1784128790380693,0.21988549905645222,-0.10688576460272277,0.29833020765699203,0.15360903738101742,0.5443498757788189,0.2974762516347365,0.0,19.75075144287321
134,19.66,0.27366668478261497,0.617151954576536,0.11666794818119683,-0.5844077326195981,-0.08033714264824587,0.06340773265958964,-0.13719075006722603,-0.1307560582579099,0.06340773265958953,0.28887018984232926,-0.08033714264824585,0.25981612616171823,0.11666794818119679,0.6171519545765362,0.27366668478261486,0.0,19.346986681433773
135,18.851,0.24940748428598536,0.6858997831757108,0.07800358190029885,-0.5844020322366525,-0.049059477958766834,-0.058207530073677065,-0.24308195387881004,-0.15181025259288888,-0.05820753007367713,0.33475130761282185,-0.04905947795876678,0.2144860272035046,0.07800358190029878,0.6858997831757108,0.24940748428598536,0.0,18.943400076658715
136,18.542,0.22473850794756428,0.7501417371495208,0.03818704154737601,-0.560470843989615,-0.014893929033228618,-0.17375478610849607,-0.3169759826440964,-0.14825837675064138,-0.17375478610849607,0.3538593226216564,-0.01489392903322857,0.16352910080939242,0.03818704154737594,0.7501417371495208,0.22473850794756417,0.0,18.588011475699876
137,17.965999999999998,0.19970028683070018,0.8094557924685168,-0.0021935513539857988,-0.5135939135371148,0.020148350437713985,-0.2711884887137306,-0.34914607493324323,-0.12067613431338522,-0.2711884887137306,0.34466599334215775,0.020148350437714048,0.10828215122356383,-0.0021935513539858447,0.8094557924685168,0.19970028683070018,0.0,18.321848264588358
138,17.65,0.17433395866694332,0.8634522978988818,-0.04254174378175201,-0.4456903879196826,0.054004598054412774,-0.34035138917405505,-0.3353576421319737,-0.07353417585619368,-0.3403513891740551,0.3079065938238193,0.05400459805441282,0.05019452717857918,-0.04254174378175208,0.8634522978988818,0.17433395866694326,0.0,18.174124495483916
139,17.941,0.14868120026686005,0.9117765347344063,-0.0822615612942905,-0.3595402454544214,0.08468186713556482,-0.37403340757805437,-0.27742567252270184,-0.01447347633482463,-0.37403340757805437,0.2465211071477516,0.08468186713556489,-0.009209900326019321,-0.08226156129429052,0.9117765347344063,0.1486812002668599,0.0,18.158967993821996
140,18.178,0.12278415904514305,0.9541110470465601,-0.12076631104021388,-0.25867048309607116,0.11037434144604291,-0.3687232677552055,-0.182975822155933,0.04693314757781839,-0.3687232677552054,0.16541908827453944,0.11037434144604295,-0.06837271526260114,-0.12076631104021392,0.9541110470465601,0.12278415904514305,0.0,18.274068023733296
141,18.54,0.09668538377251977,0.9901777271445638,-0.15748724767185643,-0.14721072076727648,0.1295696344983891,-0.32497454007645427,-0.06444064041288887,0.10073264151594727,-0.32497454007645427,0.07108700233841862,0.1295696344983891,-0.1257418400687696,-0.1574872476718565,0.9901777271445638,0.09668538377251971,0.0,18.501367818769015
142,18.724,0.0704277546682332,1.0197396425454794,-0.1918819741600469,-0.029724134233744336,0.14113781612377846,-0.24734793296332663,0.06257694168314362,0.13820494803462183,-0.24734793296332658,-0.02893055688889547,0.14113781612377851,-0.1798122528573575,-0.1918819741600469,1.0197396425454794,0.07042775466823312,0.0,18.809667272327662
143,19.172,0.044054412947954896,1.0426025924524132,-0.2234424534235555,0.0889793618477548,0.14439792576686425,-0.14393584908853505,0.1813574443705757,0.1532763916860202,-0.143935849088535,-0.12663427669296146,0.14439792576686425,-0.229165470167619,-0.22344245342355554,1.0426025924524132,0.044054412947954896,0.0,19.15876430049626
144,19.680999999999997,0.01760868994288048,1.0586163835158786,-0.25170251243516706,0.20404003240057592,0.1391580572020235,-0.025518770236109788,0.2762656447300136,0.14350412691903908,-0.025518770236109673,-0.21420990311562602,0.13915805720202354,-0.27250675946694164,-0.2517025124351671,1.0586163835158786,0.017608689942880385,0.0,19.504578445686825
145,20.603,-0.008865964093533445,1.0676758164974767,-0.2762447279628473,0.31074728005323143,0.12572665508576375,0.0955585841602676,0.3348086602098219,0.11047208517796378,0.09555858416026766,-0.28465321782432806,0.12572665508576372,-0.30869910517013155,-0.2762447279628474,1.0676758164974767,-0.008865964093533445,0.0,19.80458970228341
146,20.592,-0.03532605137422179,1.0697213773542036,-0.29670659223820706,0.4047324975492526,0.10489435837417654,0.20667416680572673,0.34928040204382493,0.05953424436149153,0.20667416680572673,-0.3323302290745177,0.1048943583741765,-0.33679303711156816,-0.29670659223820706,1.0697213773542036,-0.03532605137422179,0.0,20.022901982727834
147,20.581999999999997,-0.0617280980452609,1.0647396282034634,-0.3127858674805058,0.4821479190415581,0.07788745939195527,0.29624442315086286,0.31777593714547087,-0.0010531673481631815,0.29624442315086286,-0.35342777320546803,0.07788745939195524,-0.3560515389499476,-0.3127858674805058,1.0647396282034631,-0.06172809804526095,0.0,20.134305449781497
148,20.114,-0.08802872561329639,1.0527632956004156,-0.32424505018567595,0.5398241480783271,0.04629571818304396,0.3549318514189125,0.24444223678106408,-0.06146987708456733,0.3549318514189125,-0.34625848797484876,0.046295718183043934,-0.3659693830584104,-0.32424505018567595,1.0527632956004156,-0.08802872561329635,0.0,20.1268551428593
149,19.75,-0.11418472221629368,1.033871055547743,-0.3309148792393195,0.5753999130661254,0.011978781348320654,0.37661841658254447,0.13893230566736992,-0.11192328010423394,0.3766184165825444,-0.31139576624429144,0.011978781348320597,-0.36628638466845653,-0.3309148792393195,1.0338710555477428,-0.11418472221629376,0.0,20.002685078810806
150,19.526,-0.1401531136205141,1.0081870166501683,-0.33269683603609507,0.5874187380063771,-0.02304328597825353,0.359043342028962,0.015134545148450241,-0.14423566802332252,0.35904334202896193,-0.2516278965438677,-0.023043285978253593,-0.3569942275583727,-0.33269683603609507,1.0081870166501683,-0.1401531136205141,0.0,19.77701029476696
151,18.933,-0.16589123382706794,0.975879904809032,-0.3295645996767735,0.5753885707938767,-0.056708911184111914,0.30403879053816724,-0.11065539406836854,-0.15316970758435514,0.30403879053816724,-0.1717350583111007,-0.05670891118411196,-0.33833668222103147,-0.3295645996767735,0.9758799048090316,-0.1658912338270679,0.0,19.475503518330886
152,18.267,-0.19135679517203852,0.9371619548129057,-0.32156443574855914,0.5398019278877887,-0.08703636856865106,0.2173388653519364,-0.22187962835594416,-0.13727733055313676,0.2173388653519364,-0.07810700752089572,-0.08703636856865113,-0.310803210787647,-0.32156443574855914,0.9371619548129054,-0.19135679517203855,0.0,19.130438099264296
153,18.096,-0.2165079578050033,0.8922875161057067,-0.30881451294608725,0.48211573062994106,-0.11224043354847496,0.10798184255102825,-0.3038975756508946,-0.099134442956,0.1079818425510282,0.021767970140708404,-0.112240433548475,-0.27511612647594663,-0.30881451294608725,0.8922875161057064,-0.2165079578050032,0.0,18.776138608625637
154,12.008,-0.2413033984317976,0.8415513818914248,-0.29150315762714124,0.40469165871391055,-0.13083746983212086,-0.012632049302406077,-0.3459131131861513,-0.04492341095693596,-0.012632049302406183,0.11990196550221058,-0.1308374698321209,-0.23221164442185502,-0.29150315762714124,0.8415513818914244,-0.24130339843179766,0.0,18.444356766484177
