<?xml version="1.0" encoding="UTF-8"?>
<metadata xml:lang="en"><Esri><CreaDate>20210310</CreaDate><CreaTime>17021500</CreaTime><ArcGISFormat>1.0</ArcGISFormat><SyncOnce>TRUE</SyncOnce><DataProperties><lineage><Process ToolSource="c:\program files\arcgis\pro\Resources\ArcToolbox\toolboxes\Conversion Tools.tbx\RasterToASCII" Date="20210310" Time="170215">RasterToASCII F:\usu-RiverBuilder\samples\sfe_209\sfe_209_v1\sfe_209_v1\sfe_209_v1.tif F:\usu-RiverBuilder\samples\sfe_209\sfe_209_v1\sfe_209_v1\sfe_209_v1.asc</Process></lineage></DataProperties></Esri></metadata>
