,raw_series,harmonic_1,harmonic_2,harmonic_3,harmonic_4,harmonic_5,harmonic_6,harmonic_7,harmonic_8,harmonic_9,harmonic_10,harmonic_11,harmonic_135,harmonic_136,harmonic_137,harmonic_138,harmonic_139,harmonic_140,harmonic_141,harmonic_142,harmonic_143,all_10_harmonics
0,-0.153,-0.04552755756900657,0.024462574834156904,0.017513625611750377,-0.07660767034176744,-0.06827346900249395,0.04293155361236804,-0.015298114115603868,-0.04530455686258253,-0.01937767026588184,0.015929671819358705,0.026531760872973913,-0.04530455686258253,-0.015298114115603882,0.04293155361236804,-0.06827346900249395,-0.07660767034176745,0.017513625611750374,0.0244625748341569,-0.04552755756900656,0.0,-0.3091234652399073
1,-0.166,-0.04362034677102113,0.013690603134495287,0.02762970104998033,-0.07931812549239375,-0.0832493824006655,0.03848722711711259,-0.009816384015201837,-0.01359335240188916,-0.024161579355845925,0.011801848103057445,0.04908258936916591,-0.013593352401889169,-0.00981638401520185,0.03848722711711259,-0.08324938240066551,-0.07931812549239378,0.027629701049980315,0.013690603134495294,-0.04362034677102113,0.0,-0.26285726144278904
2,-0.189,-0.041628936978681766,0.00281297626891185,0.03726639922010374,-0.07958480192345577,-0.0942234418213666,0.03138346178337017,-0.003413337203800398,0.01978018464613111,-0.025216155682666667,0.005432004774088613,0.06038918815020636,0.01978018464613109,-0.0034133372038004086,0.03138346178337017,-0.09422344182136659,-0.07958480192345577,0.03726639922010374,0.0028129762689118373,-0.041628936978681745,0.0,-0.21460995477594705
3,-0.182,-0.03955717214817571,-0.008086359316989195,0.04625652272704187,-0.07739948337690153,-0.10066811682442689,0.02211112252511771,0.0033100683671266704,0.05073480069891276,-0.02237862569628239,-0.001969766870959412,0.05786135169464538,0.05073480069891276,0.0033100683671266704,0.022111122525117703,-0.10066811682442689,-0.07739948337690154,0.04625652272704187,-0.008086359316989198,-0.0395571721481757,0.0,-0.17308427556918504
4,-0.155,-0.03740905134251323,-0.01892328964382701,0.05444409229186947,-0.07282949916650878,-0.10227360753445064,0.011310921105558844,0.009722807475081063,0.07548505229325392,-0.016086961326788142,-0.00899733814344632,0.042078176870720276,0.0754850522932539,0.009722807475081063,0.011310921105558844,-0.10227360753445064,-0.07282949916650881,0.05444409229186948,-0.018923289643827036,-0.03740905134251324,0.0,-0.14395127164258698
5,-0.148,-0.035188721012261025,-0.02961418233540041,0.06168705300334017,-0.06601564977253062,-0.09896273692983808,-0.00027085657034222563,0.015223012498106628,0.09100422839030187,-0.0073122791441021726,-0.014315667913817746,0.016655398822716213,0.09100422839030185,0.015223012498106632,-0.0002708565703422204,-0.09896273692983809,-0.06601564977253063,0.06168705300334015,-0.029614182335400422,-0.035188721012261025,0.0,-0.12924825369245116
6,-0.161,-0.032900466991778045,-0.040076532038944145,0.06785973898064733,-0.05716786880149075,-0.09089466079428252,-0.01183391825819262,0.019294461699789142,0.09539448720740687,0.0025910512028335417,-0.016914422923444687,-0.012582930376257384,0.09539448720740686,0.019294461699789146,-0.011833918258192617,-0.09089466079428252,-0.057167868801490766,0.06785973898064733,-0.040076532038944145,-0.03290046699177804,0.0,-0.12755582009055805
7,-0.134,-0.030548706226403162,-0.05022959714775172,0.07285505368534753,-0.04655875496545113,-0.07845721699087119,-0.022579264974487576,0.021555029219762274,0.08811894350223103,0.012094453548399964,-0.016299912722388864,-0.03893866186678003,0.08811894350223103,0.021555029219762285,-0.02257926497448757,-0.07845721699087119,-0.04655875496545113,0.07285505368534753,-0.05022959714775173,-0.030548706226403155,0.0,-0.13483314883601683
8,-0.157,-0.028137978246563448,-0.0599950229123539,0.07658632805387981,-0.03451517335943261,-0.06224828183434595,-0.031764401233559406,0.0217925494959139,0.07006732432915085,0.019731080497951126,-0.01258887698658243,-0.05637401518536911,0.07006732432915085,0.021792549495913912,-0.0317644012335594,-0.06224828183434596,-0.03451517335943261,0.0765863280538798,-0.05999502291235389,-0.028137978246563448,0.0,-0.14566112308862192
9,-0.15,-0.02567293640526017,-0.06929744613148626,0.07898882421195054,-0.021408184800284027,-0.043047029773287296,-0.03875464093474824,0.019984730062985862,0.04344716421815144,0.024322220897575086,-0.006486308258746961,-0.060894761005521235,0.04344716421815143,0.019984730062985873,-0.03875464093474824,-0.04304702977328727,-0.021408184800284023,0.07898882421195054,-0.06929744613148626,-0.025672936405260156,0.0,-0.15457788747064938
10,-0.163,-0.023158338895846703,-0.07806507675623446,0.08002085868123295,-0.007641613502452951,-0.021776477948688956,-0.043066963701057136,0.016301243811876347,0.011513845529968467,0.025159233558699607,0.00084847683070656,-0.05146525094073268,0.011513845529968461,0.016301243811876358,-0.04306696370105713,-0.02177647794868895,-0.0076416135024529415,0.08002085868123293,-0.07806507675623446,-0.023158338895846693,0.0,-0.15720258611373136
11,-0.187,-0.020599039567436382,-0.08623025191891481,0.07966452559066525,0.006360394681266465,0.0005408838627371046,-0.044403391228829234,0.01108780434065041,-0.021827502617323857,0.022112925819937585,0.008022075156974633,-0.03024567210893133,-0.021827502617323857,0.011087804340650423,-0.044403391228829234,0.0005408838627371046,0.006360394681266465,0.07966452559066524,-0.08623025191891481,-0.02059903956743638,0.0,-0.15092382484638928
12,-0.19,-0.017999978555668976,-0.09372995811105594,0.07792600734458052,0.020166440125402488,0.02283224502196583,-0.04267157736744772,0.004833719005172091,-0.05249956302543435,0.015653494396887156,0.013671704552345272,-0.0020971742968362707,-0.05249956302543434,0.0048337190051721025,-0.04267157736744772,0.02283224502196583,0.02016644012540249,0.07792600734458052,-0.09372995811105593,-0.01799997855566898,0.0,-0.13505730647257594
13,-0.103,-0.01536617274692104,-0.10050631748065152,0.07483546735755402,0.03335116078504707,0.04402604475886497,-0.03799118916982793,-0.00187403502224451,-0.0767514459925868,0.006777950655505704,0.01672409413601102,0.026531760872973906,-0.07675144599258679,-0.0018740350222445012,-0.03799118916982793,0.04402604475886495,0.033351160785047074,0.07483546735755402,-0.10050631748065152,-0.015366172746921033,0.0,-0.11051916935704084
14,-0.016,-0.012702706094366613,-0.10650703449575843,0.0704465267170262,0.045508337532208724,0.06310348282136027,-0.030685637987846966,-0.008405901494700116,-0.09161738603515164,-0.0031437678029449185,0.016599375632061115,0.04908258936916591,-0.09161738603515164,-0.00840590149470012,-0.030685637987846962,0.06310348282136026,0.045508337532208724,0.0704465267170262,-0.10650703449575843,-0.01270270609436661,0.0,-0.07918244087617507
15,0.001,-0.0100147198045811,-0.11168579952738135,0.06483533385364178,0.05626340970196673,0.07914749389090192,-0.02125973198788156,-0.014148832091573759,-0.09527942568072727,-0.012580246613168615,0.013321242052765872,0.06038918815020636,-0.09527942568072725,-0.014148832091573759,-0.02125973198788156,0.07914749389090192,0.05626340970196674,0.06483533385364179,-0.11168579952738134,-0.010014719804581103,0.0,-0.043154359701465556
16,0.038,-0.00730740241363061,-0.11600264623705359,0.05809924336059023,0.06528501524645783,0.09138683153103933,-0.010364794281050029,-0.018563824067983434,-0.08728973369100357,-0.02007496800878185,0.0075124466918081645,0.05786135169464538,-0.08728973369100355,-0.01856382406798344,-0.010364794281050032,0.09138683153103933,0.06528501524645786,0.05809924336059022,-0.11600264623705356,-0.0073074024136306065,0.0,-0.004215790727595925
17,0.065,-0.0045859797718026596,-0.11942426001102954,0.05035512688452586,0.07229519994640281,0.09923314252395453,0.001246343020521755,-0.021236508356816924,-0.06862537039404035,-0.02447112391694939,0.000276497492309696,0.04207817687072027,-0.06862537039404035,-0.021236508356816928,0.0012463430205217518,0.09923314252395453,0.07229519994640284,0.05035512688452586,-0.11942426001102954,-0.0045859797718026535,0.0,0.036398938129511574
18,0.132,-0.0018557049563104103,-0.12192423506079444,0.0417373453942293,0.07707798113600374,0.10230924940658429,0.012771358944090212,-0.021916040177071914,-0.04156880286734368,-0.02509016894878097,-0.007011978463608484,0.016655398822716206,-0.04156880286734368,-0.021916040177071928,0.012771358944090204,0.10230924940658429,0.07707798113600377,0.0417373453942293,-0.12192423506079444,-0.0018557049563104073,0.0,0.07781555504910095
19,0.149,0.0008781518685583052,-0.12348327820575655,0.0323954180082927,0.07948600209422213,0.10046728164573793,0.023413883440234696,-0.020538642070502353,-0.009428781783381043,-0.021836553683228007,-0.012968375485640027,-0.012582930376257384,-0.009428781783381055,-0.020538642070502364,0.02341388344023469,0.10046728164573793,0.07948600209422216,0.0323954180082927,-0.12348327820575655,0.0008781518685583052,0.0,0.11899221044968622
20,0.096,0.003610313624274757,-0.12408935776546016,0.022491427827833192,0.07944507208171023,0.09379578387439112,0.03243852596241174,-0.017233589734892304,0.023864286080648146,-0.015212472692498959,-0.01646114546135246,-0.038938661866780036,0.023864286080648146,-0.017233589734892314,0.03243852596241174,0.0937957838743911,0.07944507208171024,0.022491427827833175,-0.12408935776546016,0.003610313624274766,0.0,0.15803264388120203
21,0.153,0.006335506504249297,-0.12373779641226579,0.01219720978322059,0.07695645214558614,0.08261545949144061,0.03922169040810383,-0.012311078853581939,0.054238987727699126,-0.006240350955549686,-0.016826760211116433,-0.05637401518536911,0.05423898772769913,-0.01231107885358195,0.03922169040810382,0.08261545949144061,0.07695645214558616,0.012197209783220586,-0.12373779641226579,0.00633550650424931,0.0,0.19159173523686857
22,0.1,0.009048470153695696,-0.12243130726792112,0.00169136928587766,0.07209681626677455,0.06746375423295188,0.043294665146830905,-0.00623311167994729,0.07798079749218201,0.0036949671407639677,-0.013995763202997861,-0.060894761005521235,0.07798079749218201,-0.006233111679947299,0.0432946651468309,0.06746375423295188,0.07209681626677457,0.0016913692858776632,-0.12243130726792112,0.009048470153695703,0.0,0.2146273501931334
23,0.127,0.011743967823529822,-0.12017997296545296,-0.008843816588245014,0.06501588904695695,0.049069020793030396,0.044376010646059574,0.0004298641835845591,0.09218632679953663,0.013059968130987653,-0.008505964342714872,-0.05146525094073269,0.09218632679953663,0.0004298641835845513,0.04437601064605957,0.04906902079303041,0.06501588904695696,-0.008843816588245002,-0.12017997296545294,0.011743967823529815,0.0,0.22068333232554008
24,0.124,0.01441679647870302,-0.11700116783796675,-0.019225561618833435,0.05593183271761764,0.028315506418421788,0.042391006734089194,0.007052495144636711,0.09511837988011887,0.020409166829515706,-0.0014002711992240464,-0.03024567210893133,0.09511837988011887,0.007052495144636703,0.04239100673408918,0.028315506418421798,0.05593183271761763,-0.019225561618833428,-0.1170011678379667,0.014416796478703028,0.0,0.2027617993549345
25,0.121,0.017061796841458372,-0.1129194238348498,-0.02927374179506535,0.0451245255966966,0.006200846546789674,0.03747681570847837,0.013013214181610326,0.08641839563439112,0.024608216549584876,0.005971434136958915,-0.0020971742968362676,0.08641839563439113,0.013013214181610333,0.037476815708478356,0.006200846546789686,0.045124525596696614,-0.02927374179506535,-0.1129194238348498,0.017061796841458376,0.0,0.15468733414872615
26,0.137,0.01967386335012349,-0.10796624120015005,-0.03881402047994239,0.03292693908252116,-0.016211892201842663,0.029973004523050146,0.017752578015816287,0.06715029610993406,0.025008995185247938,0.012208734731282323,0.02653176087297391,0.06715029610993406,0.017752578015816294,0.029973004523050146,-0.016211892201842673,0.03292693908252117,-0.03881402047994239,-0.10796624120015003,0.019673863350123492,0.0,0.07271854518852428
27,0.084,0.022247954014216965,-0.10217984537419102,-0.04768087316327683,0.019714878858449823,-0.037845314354731145,0.020398080963321956,0.020825773659784018,0.039670379355116636,0.021549642670375384,0.01612671868346903,0.049082589369165916,0.03967037935511663,0.02082577365978403,0.02039808096332196,-0.03784531435473114,0.019714878858449816,-0.04768087316327683,-0.102179845374191,0.02224795401421697,0.0,-0.0429389813596088
28,-0.079,0.024779100146845257,-0.09560489199449827,-0.0557204593236547,0.005895406380067347,-0.0576594867136669,0.009413665143229284,0.02194436633971359,0.00733916746691728,0.014764109061913921,0.016981079103088555,0.06038918815020636,0.007339167466917278,0.021944366339713594,0.009413665143229288,-0.0576594867136669,0.005895406380067354,-0.0557204593236547,-0.09560489199449827,0.02477910014684526,0.0,-0.18709188879488542
29,-0.412,0.027262415955604007,-0.08829212227264849,-0.06279329157236714,-0.008105702622947474,-0.07470192864542116,-0.0022212279538632545,0.021003370540854886,-0.02588955203260616,0.005699739503521259,0.01460951151033849,0.05786135169464538,-0.025889552032606154,0.0210033705408549,-0.0022212279538632454,-0.07470192864542116,-0.008105702622947486,-0.06279329157236714,-0.08829212227264849,0.027262415955604007,0.0,-0.3493054744982844
30,-0.425,0.0296931079734706,-0.08029797140661801,-0.06877665576947359,-0.02185707622873618,-0.0881533984683901,-0.013702635847367037,0.01809110342287956,-0.05595223531510965,-0.004244383193472462,0.009462547127895305,0.04207817687072027,-0.05595223531510962,0.01809110342287957,-0.013702635847367025,-0.0881533984683901,-0.021857076228736186,-0.06877665576947357,-0.08029797140661801,0.0296931079734706,0.0,-0.5146151824735457
31,-0.478,0.032066484311484095,-0.07168413305064958,-0.07356674012281213,-0.03493503682295789,-0.09736727495294349,-0.02423720177038422,0.01348089581295671,-0.0791725134757417,-0.01353338657605258,0.0025179646045241553,0.0166553988227162,-0.07917251347574168,0.01348089581295672,-0.024237201770384225,-0.09736727495294348,-0.034935036822957906,-0.07356674012281213,-0.07168413305064958,0.0320664843114841,0.0,-0.6651910632909088
32,-0.551,0.034377963715352,-0.06251708320377572,-0.07708043632993862,-0.0469366545381068,-0.10190064084018606,-0.033096995033675435,0.007605438741268224,-0.09271077609817494,-0.020733515667302655,-0.004904960461307227,-0.012582930376257384,-0.09271077609817494,0.007605438741268232,-0.03309699503367542,-0.10190064084018605,-0.046936654538106824,-0.0770804363299386,-0.0625170832037757,0.034377963715352004,0.0,-0.7827397736793418
33,-0.894,0.036623084408502544,-0.05286756719131702,-0.07925678151305422,-0.05749216145807853,-0.10153557417341331,-0.03966981049620347,0.001016173224844733,-0.09491142753038072,-0.024733432631090558,-0.01139608082523257,-0.03893866186678003,-0.09491142753038072,0.001016173224844741,-0.03966981049620346,-0.10153557417341331,-0.05749216145807855,-0.07925678151305422,-0.05286756719131702,0.036623084408502544,0.0,-0.8512563047813032
34,-1.087,0.03879751270451276,-0.04281005369849843,-0.08005801592924854,-0.06627634410833488,-0.09628962395359485,-0.04350147148615811,-0.005668465228484012,-0.08550534986229924,-0.024915751444623144,-0.01572226596082727,-0.05637401518536911,-0.08550534986229925,-0.005668465228484006,-0.0435014714861581,-0.09628962395359486,-0.0662763441083349,-0.08005801592924854,-0.04281005369849843,0.03879751270451275,0.0,-0.8596356557150303
35,-1.14,0.04089705137228818,-0.03242216006959653,-0.0794702381047107,-0.07301856323087268,-0.08641496654705799,-0.04432721307200521,-0.011821089883999445,-0.0656428133851948,-0.02125233125193107,-0.017061662219634233,-0.060894761005521235,-0.06564281338519481,-0.011821089883999441,-0.0443272130720052,-0.08641496654705799,-0.07301856323087268,-0.07947023810471068,-0.032422160069596515,0.04089705137228817,0.0,-0.8036487403193846
36,-1.043,0.04291764773784705,-0.021784053307785524,-0.07750364602628355,-0.07751109213633794,-0.07238628339742373,-0.042089977122815446,-0.016864246161394297,-0.037752809908936986,-0.014308619896822684,-0.015159821937596442,-0.05146525094073269,-0.03775280990893701,-0.016864246161394304,-0.04208997712281543,-0.07238628339742374,-0.07751109213633796,-0.07750364602628355,-0.02178405330778552,0.04291764773784706,0.0,-0.6868826134214128
37,-0.586,0.044855401507070486,-0.010977831398374879,-0.07419236020567052,-0.07961551672999445,-0.054877942768360936,-0.036944354982777615,-0.020324608633775124,-0.005246011081588179,-0.005156377212255713,-0.010378041343512601,-0.030245672108931337,-0.005246011081588185,-0.020324608633775134,-0.036944354982777615,-0.05487794276836093,-0.07961551672999449,-0.07419236020567054,-0.010977831398374847,0.04485540150707049,0.0,-0.5204265392516421
38,-0.269,0.04670657229431847,-8.688972998336655e-05,-0.06959383168614325,-0.07926700002777358,-0.034731582406178685,-0.02924590532401312,-0.021877404985085162,0.02790232302834405,0.004791750798910913,-0.0036247244247744645,-0.002097174296836277,0.027902323028344056,-0.021877404985085173,-0.029245905324013128,-0.034731582406178685,-0.0792670000277736,-0.06959383168614325,-8.688972998334791e-05,0.046706572294318474,0.0,-0.3213175855957291
39,0.108,0.0484675868423796,0.010804722496801243,-0.06378784526287605,-0.07647627977335006,-0.01291565144553757,-0.019526585306136397,-0.021376897515472264,0.05763847893080984,0.014000273464582064,0.003817188312168969,0.026531760872973913,0.05763847893080984,-0.02137689751547227,-0.0195265853061364,-0.012915651445537576,-0.07647627977335009,-0.06378784526287605,0.010804722496801243,0.0484675868423796,0.0,-0.10999571941703842
40,0.325,0.05013504591981797,0.02161295090645784,-0.05687513521110468,-0.0713293376099824,0.009521143593832531,-0.00845799273120714,-0.018870061352948976,0.08032601879082506,0.021047857983144902,0.010533942498824748,0.04908258936916591,0.08032601879082504,-0.01887006135294899,-0.008457992731207146,0.009521143593832531,-0.0713293376099824,-0.05687513521110467,0.02161295090645785,0.05013504591981796,0.0,0.09278965446251591
41,0.461,0.05170573088240353,0.03225438462550447,-0.04897563753932361,-0.06398474999987998,0.03150025083706181,0.00319504086610514,-0.014592175602804338,0.0931904808184975,0.024846711729001082,0.01524954352075211,0.06038918815020636,0.09319048081849748,-0.014592175602804347,0.0031950408661051274,0.0315002508370618,-0.06398474999987998,-0.04897563753932361,0.03225438462550446,0.05170573088240353,0.0,0.26907209317508857
42,0.538,0.05317660988596067,0.04264689999334073,-0.040226409091052885,-0.05466880250884662,0.05196511977042697,0.014627299510105812,-0.008944741227434582,0.09465866851197986,0.024810482728707152,0.017068159650211957,0.05786135169464537,0.09465866851197983,-0.008944741227434593,0.014627299510105819,0.051965119770426976,-0.05466880250884663,-0.040226409091052864,0.04264689999334073,0.05317660988596067,0.0,0.40620928376252446
43,0.555,0.05454484373864238,0.05271029433921891,-0.030779249598905777,-0.04366851798430638,0.06993199033736404,0.02504882261057185,-0.002457798173957006,0.0845510370338376,0.020944762917946686,0.01564430490953725,0.042078176870720276,0.0845510370338376,-0.0024577981739570135,0.025048822610571835,0.06993199033736404,-0.04366851798430639,-0.030779249598905777,0.052710294339218915,0.05454484373864238,0.0,0.4984300893031354
44,0.562,0.0558077913813337,0.06236690493426538,-0.02079806794848769,-0.03132281342742823,0.08453718294809598,0.033739490653430834,0.00425982152444641,0.06410364976932302,0.013846225027880096,0.01124847170180811,0.016655398822716213,0.06410364976932302,0.004259821524446405,0.03373949065343083,0.08453718294809598,-0.03132281342742823,-0.02079806794848769,0.06236690493426538,0.0558077913813337,0.0,0.5471380152223633
45,0.489,0.056963014985605756,0.07154220834188359,-0.01045603834763377,-0.018012058014700315,0.09507861614020811,0.04009878492489628,0.010577635678336729,0.03581701999658609,0.004610526322213312,0.004715744852696099,-0.012582930376257379,0.0358170199965861,0.010577635678336725,0.040098784924896276,0.09507861614020813,-0.01801205801470032,-0.010456038347633778,0.07154220834188359,0.05696301498560574,0.0,0.559961708209017
46,0.366,0.05800828465937987,0.08016539554114206,6.740425834963512e-05,-0.004146353984633937,0.10104955610821631,0.043687282909039976,0.015902685847217563,0.0031503228378973757,-0.0053368057835525735,-0.002712841047960707,-0.03893866186678002,0.0031503228378973944,0.01590268584721756,0.04368728290903996,0.1010495561082163,-0.004146353984633934,6.740425834962892e-05,0.08016539554114205,0.058008284659379857,0.0,0.5487808476549244
47,0.333,0.05894158275121867,0.08816991838471944,0.010589677395681596,0.009847098546402762,0.1021629757394723,0.04425702205761638,0.019735189453318664,-0.02990162765339154,-0.014460403465090102,-0.009626063356198302,-0.05637401518536911,-0.029901627653391532,0.019735189453318674,0.04425702205761637,0.1021629757394723,0.009847098546402764,0.010589677395681596,0.08816991838471944,0.058941582751218684,0.0,0.527143191343419
48,0.37,0.05976110774493576,0.09549400317419975,0.020928218880945072,0.023537163551224424,0.09836535220111609,0.04176863381817249,0.021715446874885407,-0.05929690475074714,-0.021352042067446654,-0.01471060403348133,-0.060894761005521235,-0.05929690475074714,0.021715446874885417,0.04176863381817249,0.09836535220111609,0.023537163551224424,0.020928218880945072,0.09549400317419975,0.059761107744935774,0.0,0.5075886358830145
49,0.457,0.060465277737006155,0.10208112738927794,0.030903654287885992,0.036502052323648795,0.08983923981876124,0.036394063971813134,0.02165760105378469,-0.08144075672643174,-0.024947999171942948,-0.017000543181474426,-0.05146525094073269,-0.08144075672643174,0.021657601053784708,0.03639406397181314,0.08983923981876125,0.03650205232364883,0.030903654287885985,0.10208112738927794,0.060465277737006155,0.0,0.4993907264173424
50,0.564,0.061052733490065236,0.1078804558917899,0.04034290910640007,0.04834231872085695,0.07699449456689988,0.02850469130730054,0.019567081109492603,-0.09362520944280672,-0.024693239842859382,-0.01606085668897202,-0.03024567210893133,-0.09362520944280671,0.01956708110949261,0.02850469130730054,0.07699449456689988,0.04834231872085697,0.04034290910640007,0.1078804558917899,0.061052733490065236,0.0,0.5071191808592344
51,0.611,0.061522341056602384,0.11284723323822826,0.049082211597528756,0.05869316603496086,0.06044857201569301,0.018645665622292442,0.01564009278909188,-0.09436022481284663,-0.020627086108722117,-0.012070058592720895,-0.00209717429683628,-0.09436022481284663,0.015640092789091894,0.018645665622292446,0.06044857201569301,0.05869316603496088,0.04908221159752876,0.11284723323822826,0.06152234105660238,0.0,0.5302437960848227
52,0.628,0.06187319396778433,0.11694312907313098,0.056969934244717496,0.06723568632104081,0.040996845825137115,0.007498238276793763,0.010245203577094329,-0.08355591772464678,-0.013377147618609286,-0.005786288425094245,0.02653176087297391,-0.08355591772464677,0.010245203577094335,0.007498238276793778,0.04099684582513712,0.06723568632104082,0.056969934244717475,0.11694312907313097,0.06187319396778433,0.0,0.5637809519513745
53,0.625,0.06210461498318376,0.12013653393782164,0.063869224501956,0.07370668589975836,0.019574373596617144,-0.004167311770370467,0.003888750794585432,-0.06253354810182289,-0.004062450274915377,0.0015967140000846545,0.04908258936916591,-0.06253354810182288,0.003888750794585438,-0.004167311770370474,0.019574373596617123,0.07370668589975837,0.063869224501956,0.12013653393782164,0.06210461498318376,0.0,0.5997755007777932
54,0.672,0.06221615739803529,0.12240280321164183,0.06966037919513446,0.07790679431238659,-0.0027890519768430863,-0.015544903666107408,-0.0028326806894917217,-0.03386394387950558,0.005879285090000305,0.008676385618702572,0.06038918815020636,-0.03386394387950557,-0.002832680689491717,-0.015544903666107395,-0.0027890519768430893,0.07790679431238662,0.06966037919513443,0.12240280321164183,0.06221615739803529,0.0,0.6292559666694102
55,0.699,0.06220760590549585,0.12372444730309608,0.07424292138058354,0.07970660689265376,-0.025018405940099835,-0.02584835425193938,-0.009288250930557962,-0.0010531141682876878,0.014913554507136656,0.01410778769899636,0.05786135169464538,-0.0010531141682876878,-0.009288250930557962,-0.025848354251939373,-0.025018405940099835,0.07970660689265377,0.07424292138058354,0.12372444730309608,0.06220760590549585,0.0,0.6442296062826671
56,0.676,0.062078977012244664,0.1240912666231378,0.07753734362715628,0.07905067170374769,-0.04604510825076536,-0.03436570273695225,-0.01487207239070582,0.031886500992491344,0.021645921113232963,0.016859106419777507,0.04207817687072028,0.03188650099249134,-0.014872072390705824,-0.03436570273695224,-0.04604510825076536,0.07905067170374772,0.07753734362715628,0.12409126662313778,0.062078977012244664,0.0,0.6393069575644394
57,0.622,0.061830519006620954,0.1235004302989601,0.07948648747578375,0.07595919800359163,-0.0648583911427793,-0.04050840666021355,-0.019060075512906508,0.06092671237644465,0.02503724607602029,0.016407668511671126,0.01665539882271621,0.06092671237644464,-0.01906007551290651,-0.04050840666021354,-0.06485839114277929,0.07595919800359163,0.07948648747578375,0.12350043029896007,0.061830519006620926,0.0,0.6126532611014112
58,0.579,0.06146271147936071,0.12195649802083014,0.08005653514278416,0.0705274336008502,-0.08055388741485321,-0.0438520097381584,-0.021459195268711068,0.08251618928168458,0.02456407937147822,0.012839234495829325,-0.012582930376257384,0.08251618928168458,-0.02145919526871108,-0.04385200973815839,-0.08055388741485321,0.07052743360085022,0.08005653514278416,0.12195649802083014,0.06146271147936071,0.0,0.5661289336986244
59,0.476,0.060976264397857693,0.11947138485336682,0.0792375962608023,0.0629227302852272,-0.09237710397198161,-0.0441654714788617,-0.021844262276065115,0.09401475216001272,0.02029945414316449,0.006831706594019791,-0.03893866186678003,0.0940147521600127,-0.02184426227606513,-0.0441654714788617,-0.09237710397198162,0.06292273028522723,0.0792375962608023,0.1194713848533668,0.06097626439785771,0.0,0.5046642793311208
60,0.403,0.0603721167357355,0.1160642692828254,0.07704387947738317,0.05337938774567715,-0.09975969081754925,-0.041427131908611387,-0.020179136071415017,0.09401624046950005,0.012901614057697288,-0.0004736536504899273,-0.05637401518536911,0.09401624046950005,-0.02017913607141503,-0.041427131908611387,-0.09975969081754925,0.05337938774567716,0.07704387947738317,0.11606426928282539,0.0603721167357355,0.0,0.43507381504892945
61,0.34,0.059651434660376,0.11176144521002125,0.07351344593393148,0.0421914348345826,-0.10234676202111445,-0.03582620826002155,-0.016620097072875168,0.08252047220461277,0.0035124135858007168,-0.007689033006859344,-0.060894761005521235,0.08252047220461275,-0.01662009707287518,-0.03582620826002155,-0.10234676202111447,0.04219143483458261,0.07351344593393148,0.11176144521002125,0.059651434660375986,0.0,0.36461895055244586
62,0.317,0.058815609281902936,0.10659611903111374,0.06870754890221555,0.029703570585990238,-0.10001395532451465,-0.027749720201647034,-0.011501178881756946,0.060933266153689186,-0.0064189269039447786,-0.013443712085332375,-0.051465250940732676,0.060933266153689186,-0.01150117888175696,-0.027749720201647038,-0.10001395532451465,0.02970357058599023,0.06870754890221555,0.10659611903111374,0.05881560928190292,0.0,0.29965462916397617
63,0.094,0.05786625396796542,0.10060815337224954,0.0627095710357682,0.01630054409367991,-0.09287341031951914,-0.017755747066032595,-0.005302817559283368,0.03189452416189915,-0.015359507888504544,-0.016644463516273435,-0.03024567210893133,0.03189452416189916,-0.005302817559283376,-0.017755747066032612,-0.09287341031951915,0.016300544093679908,0.0627095710357682,0.10060815337224956,0.05786625396796542,0.0,0.24464449985974496
64,0.151,0.056805201229504707,0.09384375945575438,0.05562357767494832,0.002395300453319681,-0.08126837782199606,-0.00653486498189686,0.0013932396994110216,-0.001044602761001863,-0.021929353287002577,-0.016683234440437154,-0.0020971742968362694,-0.001044602761001863,0.0013932396994110186,-0.006534864981896854,-0.08126837782199603,0.0023953004533196747,0.05562357767494831,0.09384375945575438,0.05680520122950469,0.0,0.20171670387181065
65,0.188,0.05563449918351541,0.08635514047199074,0.04757251130592275,-0.011583742009673423,-0.06575671957361423,0.0051375714239945925,0.007958534447642562,-0.03385598509529179,-0.02511440936840753,-0.01355265947135038,0.026531760872973906,-0.03385598509529179,0.007958534447642558,0.005137571423994582,-0.06575671957361422,-0.011583742009673435,0.04757251130592274,0.08635514047199072,0.0556344991835154,0.0,0.17078831234218916
66,0.215,0.05435640759962932,0.07820008870910566,0.03869605849983268,-0.02520589123999832,-0.047084091451551104,0.01645500545627006,0.013776880954003923,-0.06252711522129382,-0.02442306365069188,-0.0078474599118403,0.04908258936916591,-0.06252711522129382,0.013776880954003924,0.016455005456270055,-0.047084091451551104,-0.02520589123999833,0.03869605849983268,0.07820008870910565,0.054356407599629314,0.0,0.1501467524186305
67,0.222,0.05297339353815251,0.06944153954975862,0.029148226340901074,-0.03805145100558772,-0.02614809928740868,0.02663541082018345,0.01830219831351071,-0.08355179742548262,-0.019962025144792537,-0.0006514634128737257,0.06038918815020637,-0.08355179742548262,0.018302198313510716,0.026635410820183444,-0.026148099287408688,-0.03805145100558773,0.029148226340901084,0.06944153954975861,0.05297339353815251,0.0,0.13727454128059477
68,0.169,0.05148812658797581,0.06014708577679301,0.019094670392624958,-0.04972465167117649,-0.003955150349304999,0.03497532905836269,0.02110976287034091,-0.09435892096689352,-0.012419853849734114,0.006668292834213979,0.05786135169464538,-0.09435892096689352,0.021109762870340915,0.034975329058362675,-0.003955150349305011,-0.04972465167117649,0.01909467039262496,0.06014708577679298,0.05148812658797579,0.0,0.12966229407656993
69,0.096,0.049903473713550625,0.05038845593612375,0.008709820562028028,-0.0598658437972616,0.018427925334492522,0.04089847800828852,0.021936070656087055,-0.09362688149753229,-0.002960681716563724,0.012721260762492092,0.04207817687072028,-0.09362688149753229,0.02193607065608707,0.04089847800828851,0.01842792533449251,-0.05986584379726161,0.008709820562028028,0.05038845593612375,0.04990347371355062,0.0,0.12538175374820182
70,0.103,0.04822249372087701,0.040240960782496775,-0.0018261452715676407,-0.06816257888162629,0.039925158214778995,0.043995572472156394,0.020703568554422614,-0.08144520020607637,0.0069554707805227,0.01635754650012442,0.016655398822716213,-0.08144520020607636,0.020703568554422628,0.043995572472156394,0.039925158214779,-0.0681625788816263,-0.0018261452715676344,0.04024096078249674,0.04822249372087702,0.0,0.12327607487428632
71,0.12,0.04644843135318582,0.02978291208009182,-0.012330427355496021,-0.07435923584755992,0.059503161803561765,0.04405260552037872,0.01752793304874991,-0.059303576261687536,0.015798048380750673,0.016886357904232683,-0.01258293037625738,-0.05930357626168752,0.017527933048749927,0.04405260552037872,0.059503161803561765,-0.07435923584755996,-0.012330427355496016,0.029782912080091806,0.04644843135318582,0.0,0.12274508459117509
72,0.116,0.04458471102771207,0.01909501824328745,-0.02262077565238951,-0.07826489668821628,0.07622080825972813,0.041065636211638584,0.01270721340597705,-0.02990971133580777,0.02220220179718032,0.01420723566293116,-0.03893866186678003,-0.029909711335807762,0.012707213405977056,0.041065636211638584,0.07622080825972814,-0.0782648966882163,-0.02262077565238951,0.01909501824328745,0.04458471102771206,0.0,0.12322678253719091
73,0.193,0.04263493022564924,0.008259761481639285,-0.0325186518912221,-0.07975922861977096,0.08927446903931407,0.03524106190901076,0.006693858262898559,0.003141815538433177,0.02517945180813738,0.008829137742572234,-0.05637401518536911,0.0031418155384331705,0.006693858262898571,0.03524106190901076,0.08927446903931407,-0.07975922861977097,-0.032518651891222106,0.00825976148163928,0.04263493022564922,0.0,0.12357060625724453
74,0.11,0.04060285254804356,-0.0026392387441385415,-0.04185232721894377,-0.07879619151518327,0.09803664586179275,0.026981356375308196,5.225105988442769e-05,0.03580912943867799,0.02427026073827346,0.0017737516713293613,-0.060894761005521235,0.035809129438677964,5.2251059884433124e-05,0.02698135637530821,0.09803664586179275,-0.07879619151518329,-0.041852327218943754,-0.0026392387441385294,0.04060285254804356,0.0,0.12153820701496426
75,0.087,0.03849240045103235,-0.013517871042756419,-0.05045986170823125,-0.0754054563931231,0.10208613497577085,0.016857259134684065,-0.006594260166297956,0.06409734089018111,0.019614961965422187,-0.005618597390827791,-0.05146525094073268,0.06409734089018111,-0.006594260166297954,0.01685725913468406,0.10208613497577083,-0.07540545639312309,-0.05045986170823127,-0.013517871042756419,0.038492400451032346,0.0,0.113642485916381
76,0.114,0.036307647674449293,-0.02429218120933223,-0.05819191402668495,-0.06969149125864635,0.10122827470748963,0.005568337794968481,-0.012621867111792095,0.08454708134699859,0.011932099504447997,-0.011943570781317445,-0.03024567210893133,0.08454708134699859,-0.012621867111792097,0.005568337794968486,0.10122827470748962,-0.06969149125864638,-0.05819191402668494,-0.02429218120933224,0.03630764767444928,0.0,0.0954506324490999
77,-0.019,0.03405281137841157,-0.034879020129312044,-0.06491433251951234,-0.06183034246072166,0.09550430297881393,-0.00610535155499353,-0.017464848733327897,0.09465754975883024,0.0024075209470358462,-0.015999601231416277,-0.0020971742968362676,0.09465754975883024,-0.017464848733327903,-0.0061053515549935235,0.09550430297881393,-0.06183034246072167,-0.06491433251951234,-0.03487902012931205,0.03405281137841157,0.0,0.062352282855159834
78,-0.022,0.031732244003067255,-0.04519668546922746,-0.07051048275023034,-0.052064210732465664,0.08518937497250637,-0.017357165642324653,-0.020668666996118405,0.09319233581148519,-0.007488657770014139,-0.01701615689396871,0.026531760872973913,0.09319233581148519,-0.020668666996118412,-0.01735716564232465,0.08518937497250638,-0.052064210732465685,-0.07051048275023032,-0.04519668546922745,0.031732244003067255,0.0,0.01066043260237564
79,-0.045,0.029350424867215907,-0.05516555220213804,-0.07488327111639054,-0.04069398902541771,0.07077933623695423,-0.02740961246178821,-0.021932627540617085,0.08033062068264989,-0.01622896433308076,-0.014800120749258102,0.04908258936916591,0.08033062068264989,-0.021932627540617092,-0.02740961246178819,0.07077933623695426,-0.04069398902541771,-0.07488327111639052,-0.05516555220213804,0.02935042486721589,0.0,-0.06119583683223604
80,-0.178,0.026911951522019237,-0.06470868710177385,-0.07795682943045135,-0.02806999204598214,0.05296688705612883,-0.035568075396495744,-0.021138101351303843,0.057645264955605256,-0.02246433496013626,-0.009772477413883136,0.06038918815020637,0.05764526495560527,-0.021138101351303853,-0.03556807539649574,0.052966887056128835,-0.02806999204598214,-0.07795682943045135,-0.06470868710177387,0.02691195152201923,0.0,-0.15168278780832026
81,-0.281,0.024421530876491567,-0.07375244246311201,-0.07967783123819974,-0.014581163115533187,0.032608283879593976,-0.04126881071076852,-0.01835965868280679,0.02791046332237798,-0.025232342004074308,-0.00288833788952564,0.05786135169464537,0.027910463322377982,-0.0183596586828068,-0.04126881071076852,0.03260828387959396,-0.014581163115533199,-0.07967783123819977,-0.07375244246311201,0.02442153087649157,0.0,-0.25565858446286804
82,-0.294,0.021883970111900238,-0.08222702446743811,-0.080016417036505,-0.0006430908890906504,0.01068217849728903,-0.044117901824007516,-0.01385807026873578,-0.005237511995784659,-0.024105744380794502,0.004544504697248811,0.042078176870720276,-0.005237511995784665,-0.013858070268735796,-0.044117901824007516,0.010682178497289037,-0.0006430908890906379,-0.08001641703650499,-0.08222702446743811,0.021883970111900238,0.0,-0.3645507985575703
83,-0.247,0.01930416740261355,-0.09006703180562146,-0.07896671233781041,0.013314794864458707,-0.011757426412275868,-0.04391847865414937,-0.00805583268476493,-0.03774499138551847,-0.019258432106570137,0.011114019051688854,0.016655398822716203,-0.03774499138551846,-0.008055832684764936,-0.04391847865414937,-0.01175742641227586,0.013314794864458713,-0.07896671233781041,-0.09006703180562146,0.019304167402613544,0.0,-0.4672720362583016
84,-0.418,0.01668710246130764,-0.09721196040285937,-0.07654692959290833,0.026862453924637073,-0.03363184390187492,-0.0406843211942708,-0.0014975149329852983,-0.0656366315522656,-0.01143858642449027,0.015572181991345644,-0.012582930376257384,-0.06563663155226558,-0.0014975149329853076,-0.0406843211942708,-0.03363184390187492,0.026862453924637097,-0.07654692959290833,-0.09721196040285938,0.016687102461307637,0.0,-0.5517686251918411
85,-0.74,0.014037826926782498,-0.10360667034975375,-0.07279905220363016,0.03958248508956723,-0.05388955596487242,-0.034638907325290874,0.005201352081190123,-0.08550156069690046,-0.0018531982466721544,0.01707206779239218,-0.03893866186678003,-0.08550156069690043,0.005201352081190121,-0.03463890732529089,-0.05388955596487242,0.03958248508956724,-0.07279905220363014,-0.10360667034975375,0.014037826926782498,0.0,-0.6069479572068757
86,-0.86,0.011361454612941175,-0.10920181143625006,-0.06778810610785412,0.05108298624002884,-0.07155676071522443,-0.02619997066020727,0.011412046201480093,-0.09491049440997329,0.008018230542818241,0.01532874028607395,-0.05637401518536911,-0.09491049440997326,0.011412046201480095,-0.026199970660207263,-0.07155676071522443,0.05108298624002884,-0.0677881061078541,-0.10920181143625006,0.011361454612941163,0.0,-0.624628356906595
87,-0.74,0.008663151637754366,-0.11395420400444405,-0.06160103157488229,0.061009628780869726,-0.08578418370113142,-0.015950635461372337,0.0165516627380245,-0.09271281313415794,0.016652047774497376,0.010673382726601422,-0.060894761005521235,-0.09271281313415794,0.016551662738024504,-0.01595063546137234,-0.0857841837011314,0.06100962878086975,-0.06160103157488228,-0.11395420400444405,0.008663151637754354,0.0,-0.6011261799431012
88,-0.649,0.0059481264512641005,-0.1178271721810827,-0.05434517478561701,0.06905657444816933,-0.095887903100912,-0.004599123186609278,0.02013782298641302,-0.07917727155875667,0.022715626263739512,0.003990382276152506,-0.05146525094073268,-0.07917727155875667,0.020137822986413027,-0.0045991231866092845,-0.095887903100912,0.06905657444816934,-0.05434517478561702,-0.1178271721810827,0.005948126451264094,0.0,-0.5381474842551031
89,-0.489,0.003221619781875145,-0.12079082691808746,-0.04614642536872703,0.07497589813707724,-0.10138222630638977,0.0070701850880640045,0.02183394788045942,-0.05595913257865193,0.025273054430064675,-0.003450678712531707,-0.030245672108931337,-0.05595913257865194,0.02183394788045943,0.0070701850880639985,-0.10138222630638977,0.07497589813707727,-0.04614642536872704,-0.12079082691808743,0.003221619781875151,0.0,-0.4427772169601591
90,-0.159,0.0004888945203404561,-0.12282229665677682,-0.03714703220668302,0.07858522643451335,-0.10200303749424812,0.018250948818822124,0.02148084762008996,-0.025897745009544865,0.023929593978032997,-0.01023620767920097,-0.0020971742968362754,-0.025897745009544882,0.02148084762008997,0.018250948818822114,-0.1020030374942481,0.07858522643451335,-0.03714703220668302,-0.1228222966567768,0.0004888945203404498,0.0,-0.32653217594497813
91,-0.002,-0.0022447744390326273,-0.12390590383567332,-0.027503135407582164,0.07977335651476233,-0.09772049385184693,0.028170585527352344,0.019111662429855025,0.007330680696649406,0.018892607638613328,-0.015077144733171285,0.026531760872973913,0.007330680696649393,0.019111662429855035,0.028170585527352337,-0.09772049385184693,0.07977335651476235,-0.027503135407582164,-0.12390590383567332,-0.0022447744390326394,0.0,-0.20362882095261592
92,0.115,-0.004974110380346272,-0.12403328587972048,-0.017382057263225295,0.07850368228069116,-0.0887404601413601,0.03614365567689424,0.014948752183190235,0.03966263663960595,0.010939552791824096,-0.017053847821442595,0.0490825893691659,0.03966263663960594,0.014948752183190247,0.03614365567689424,-0.08874046014136008,0.07850368228069117,-0.017382057263225302,-0.12403328587972046,-0.004974110380346272,0.0,-0.08877407942899367
93,0.142,-0.007693844951592197,-0.12320345973719539,-0.006959399195515548,0.07481532219172807,-0.0754946126417679,0.04161922603567326,0.0093828268167386,0.06714424430672734,0.0012979811457050692,-0.015790798885010497,0.06038918815020637,0.06714424430672734,0.009382826816738615,0.04161922603567326,-0.0754946126417679,0.07481532219172808,-0.006959399195515548,-0.12320345973719536,-0.0076938449515922035,0.0,0.005116976060493476
94,0.009,-0.010398728333987195,-0.1214228294662621,0.0035840049406360595,0.06882191403040445,-0.058619688178889615,0.04421893875445554,0.0029362762496746545,0.08641477481918017,-0.008543933513647031,-0.011527941741361182,0.05786135169464537,0.08641477481918015,0.002936276249674661,0.04421893875445554,-0.05861968817888963,0.06882191403040447,0.0035840049406360595,-0.1214228294662621,-0.010398728333987198,0.0,0.06885880207006112
95,-0.034,-0.013083539375534525,-0.11870513681261821,0.014065226337487864,0.06070811374050846,-0.03892687575658193,0.04376315561321033,-0.003785858521587763,0.09511763284280127,-0.01706709451417207,-0.005075099499435175,0.042078176870720276,0.09511763284280127,-0.003785858521587756,0.04376315561321033,-0.03892687575658193,0.06070811374050846,0.01406522633748787,-0.11870513681261821,-0.013083539375534524,0.0,0.09824141899248401
96,-0.055,-0.015743095669250678,-0.1150713551596439,0.02430241506222469,0.050723906207085605,-0.01736282215404261,0.04028337088883282,-0.01015267154545146,0.09218854489538958,-0.022955954428416254,0.002341869082248185,0.016655398822716203,0.09218854489538957,-0.010152671545451459,0.040283370888832826,-0.017362822154042622,0.050723906207085605,0.02430241506222468,-0.1150713551596439,-0.015743095669250678,0.0,0.09437789852683624
97,-0.138,-0.018372263556603926,-0.11054952766947723,0.03411795516615862,0.03917690326224142,0.0050358740235353396,0.03402003512397771,-0.015566605592532355,0.07798570947001532,-0.02530156943725633,0.009313948323986557,-0.012582930376257385,0.07798570947001529,-0.015566605592532359,0.0340200351239777,0.0050358740235353526,0.03917690326224142,0.034117955166158634,-0.11054952766947723,-0.018372263556603936,0.0,0.06312560896510261
98,-0.027,-0.020965968036855152,-0.10517455086413771,0.04334154633400565,0.02642286621395168,0.027192492339272453,0.0254059401729621,-0.01951953588876905,0.054245992901193495,-0.023741894544653096,0.014516639023235531,-0.03893866186678003,0.054245992901193495,-0.019519535888769056,0.0254059401729621,0.027192492339272453,0.026422866213951672,0.04334154633400565,-0.1051745508641377,-0.02096596803685516,0.0,0.013733648955049318
99,-0.029,-0.023519202563173486,-0.09898790531687805,0.0518131586064052,0.012854744897246596,0.04804194920242942,0.015036313605738955,-0.021640460165536075,0.02387252778635259,-0.018517665117743456,0.016961576096450486,-0.05637401518536911,0.02387252778635259,-0.02164046016553608,0.015036313605738958,0.04804194920242942,0.012854744897246598,0.0518131586064052,-0.09898790531687805,-0.02351920256317349,0.0,-0.04298785210149177
100,-0.046,-0.026027038706617392,-0.09203733553211298,0.05938580891103758,-0.0011094290471561916,0.06658199715518899,0.003627688924437788,-0.021730319077159527,-0.009420311424579986,-0.010435239452771741,0.01618429018069614,-0.06089476100552125,-0.00942031142457998,-0.021730319077159537,0.003627688924437794,0.066581997155189,-0.0011094290471561948,0.05938580891103756,-0.09203733553211296,-0.026027038706617385,0.0,-0.09660358787152026
101,-0.061,-0.028484635669327314,-0.08437648148440358,0.06592811122932825,-0.015039421660627675,0.08192140358413481,-0.008031606370005814,-0.019780678915587373,-0.041561139696572234,-0.0007421376060275053,0.012332443765148238,-0.05146525094073268,-0.041561139696572214,-0.01978067891558738,-0.008031606370005799,0.0819214035841348,-0.015039421660627677,0.06592811122932825,-0.08437648148440355,-0.028484635669327307,0.0,-0.13872384274773372
102,-0.09,-0.030887249628566718,-0.07606446466003956,0.07132655615316616,-0.028506052105860307,0.09332279287326202,-0.019135923623271284,-0.01597452315604942,-0.06861945154131023,0.009065512964877408,0.006137779466152142,-0.03024567210893133,-0.06861945154131023,-0.01597452315604943,-0.019135923623271288,0.09332279287326202,-0.028506052105860307,0.07132655615316616,-0.07606446466003956,-0.030887249628566718,0.0,-0.16411901105524052
103,-0.128,-0.03323024289357513,-0.06716543179588096,0.07548748028116554,-0.04109441565960199,0.10023809254732045,-0.02891796275192175,-0.010669078543189985,-0.08728628297347792,0.01747390423999303,-0.001222890514426689,-0.0020971742968362676,-0.08728628297347792,-0.010669078543189993,-0.02891796275192175,0.10023809254732045,-0.04109441565960201,0.07548748028116556,-0.0671654317958809,-0.03323024289357514,0.0,-0.1711218441495933
104,-0.1,-0.03550909285755791,-0.057748059836586006,0.07833869128530697,-0.05241666686060663,0.10233487948546527,-0.03670179210987699,-0.004362287575340369,-0.09527886508703869,0.023185203465682327,-0.008351245649606057,0.026531760872973917,-0.09527886508703867,-0.004362287575340381,-0.036701792109876986,0.10233487948546528,-0.05241666686060666,0.07833869128530697,-0.05774805983658598,-0.03550909285755792,0.0,-0.16132066842341847
105,-0.121,-0.037719400727532985,-0.047885025930643525,0.07983072045293632,-0.06212396896606405,0.09951235972495048,-0.04194955486365532,0.0023539258881168086,-0.09161978412036509,0.025317873263581616,-0.013893098707049746,0.049082589369165916,-0.09161978412036507,0.002353925888116804,-0.04194955486365532,0.09951235972495048,-0.062123968966064064,0.07983072045293632,-0.047885025930643525,-0.037719400727532985,0.0,-0.13869409315881692
106,-0.144,-0.03985690001518379,-0.03765244655543496,0.0799376809724294,-0.06991724155567389,0.09190621369492018,-0.044298634500508326,0.008849211639921958,-0.07675650949459296,0.023542736669174807,-0.016795653282600378,0.06038918815020636,-0.07675650949459296,0.008849211639921955,-0.04429863450050832,0.09190621369492018,-0.0699172415556739,0.07993768097242938,-0.03765244655543496,-0.03985690001518379,0.0,-0.10844098009146402
107,-0.132,-0.04191746477232842,-0.027129290099794236,0.0786577170712052,-0.07555637515140674,0.0798820739666408,-0.043586711360411236,0.01451395464295069,-0.05250667272800593,0.018133785500756436,-0.016507505542858625,0.05786135169464538,-0.05250667272800594,0.01451395464295069,-0.04358671136041124,0.07988207396664082,-0.07555637515140676,0.0786577170712052,-0.027129290099794243,-0.04191746477232842,0.0,-0.0757979052097566
108,-0.094,-0.0438971175551088,-0.016396767437370934,0.07601303621351152,-0.07886762895199577,0.06401794904912073,-0.03986297880413881,0.01881649044885573,-0.02183578907413728,0.009925889801776066,-0.013083395463988009,0.04207817687072027,-0.02183578907413728,0.018816490448855736,-0.039862978804138804,0.0640179490491207,-0.07886762895199578,0.07601303621351152,-0.016396767437370934,-0.0438971175551088,0.0,-0.04510494101401895
109,-0.065,-0.045792037101526344,-0.00553770519395486,0.0720495237993489,-0.07974898375914646,0.045076438130119884,-0.0333847439885344,0.021353004564284437,0.011505395670644764,0.00018593589186763096,-0.007173807773950047,0.016655398822716203,0.011505395670644769,0.021353004564284447,-0.0333847439885344,0.04507643813011988,-0.07974898375914649,0.0720495237993489,-0.00553770519395486,-0.045792037101526344,0.0,-0.01929068881689441
110,-0.007,-0.047598565707504856,0.0053640934545228095,0.06683594704953423,-0.0781732851726668,0.02396807241869503,-0.02459964813287922,0.021885432459710336,0.043439584290560336,-0.00958271716900167,9.860187297585984e-05,-0.012582930376257384,0.043439584290560336,0.021885432459710346,-0.024599648132879227,0.02396807241869503,-0.07817328517266682,0.06683594704953423,0.005364093454522812,-0.047598565707504856,0.0,0.0001762156476605159
111,0.172,-0.049313216287242535,0.016224495520367116,0.060462761889553934,-0.07418908021318019,0.0017075452956764646,-0.01411473484276397,0.02036380311559114,0.07006154128348623,-0.01787228061524081,0.00735227993387158,-0.03893866186678003,0.07006154128348621,0.020363803115591154,-0.014114734842763977,0.0017075452956764707,-0.07418908021318019,0.060462761889553934,0.016224495520367102,-0.04931321628724253,0.0,0.012947568974827114
112,0.052,-0.050932679104224894,0.026959687487769276,0.053040543532856844,-0.06791912159620947,-0.02063506468172684,-0.0026545038473339165,0.016930929052353227,0.08811566454779472,-0.02340326273412219,0.01320923134097382,-0.056374015185369095,0.08811566454779471,0.016930929052353234,-0.0026545038473339286,-0.020635064681726822,-0.06791912159620947,0.05304054353285685,0.026959687487769283,-0.05093267910422488,0.0,0.01924286420404047
113,-0.084,-0.0524538281599059,0.03748682213098068,0.04469806799307724,-0.05955658574070789,-0.041985733178117206,0.008989151394457958,0.011909002661443338,0.0953941133279041,-0.025321958040399318,0.01655679985514982,-0.060894761005521235,0.0953941133279041,0.011909002661443346,0.008989151394457958,-0.04198573317811719,-0.0595565857407079,0.04469806799307724,0.03748682213098068,-0.05245382815990591,0.0,0.019302101667493902
114,-0.049,-0.053873727227725446,0.04772465787528885,0.03558007781108701,-0.04935912103458681,-0.06131811915431772,0.02001166294432532,0.005769356838782123,0.09100680530749887,-0.023332216470253724,0.01675904149559316,-0.05146525094073268,0.09100680530749886,0.005769356838782133,0.02001166294432532,-0.06131811915431772,-0.049359121034586825,0.03558007781108702,0.047724657875288866,-0.05387372722772545,0.0,0.013044760805311133
115,-0.058,-0.055189635520815815,0.05759418576662367,0.025844770761670573,-0.03764090972922481,-0.07770290177356226,0.029651383432240958,-0.0009117719636664704,0.07549026487565812,-0.01774115405771804,0.01377753603181005,-0.030245672108931344,0.0754902648756581,-0.0009117719636664611,0.029651383432240955,-0.07770290177356226,-0.0376409097292248,0.02584477076167057,0.05759418576662369,-0.05518963552081582,0.0,6.148156300860019e-05
116,-0.002,-0.05639901298245713,0.06701923921125041,0.015661055110939272,-0.024762988034714196,-0.09035245348109926,0.03724221532460722,-0.007507326409463385,0.0507420114992383,-0.009411749663932151,0.008178685748146588,-0.0020971742968362694,0.05074201149923829,-0.007507326409463384,0.03724221532460722,-0.09035245348109927,-0.0247629880347142,0.015661055110939272,0.06701923921125041,-0.056399012982457114,0.0,-0.02004475773601936
117,0.037,-0.05749952518906947,0.07592708177997515,0.005205619045963623,-0.011122122652157621,-0.09865870179213368,0.042259637769621605,-0.013398280743319436,0.019788511854798733,0.0003703555596822859,0.001026114920627035,0.026531760872973913,0.01978851185479874,-0.013398280743319438,0.042259637769621605,-0.09865870179213368,-0.011122122652157614,0.005205619045963617,0.07592708177997516,-0.05749952518906947,0.0,-0.04706732849935894
118,-0.044,-0.05848904785627804,0.0842489685405726,-0.0053401348777736305,0.00286141354473047,-0.1022223597464165,0.04435695059897205,-0.018031739452680193,-0.01358492712015985,0.010095296510117641,-0.006321388917113233,0.04908258936916591,-0.013584927120159832,-0.018031739452680197,0.04435695059897205,-0.1022223597464165,0.002861413544730476,-0.0053401348777736245,0.08424896854057258,-0.05848904785627804,0.0,-0.07954525577589587
119,-0.165,-0.05936567093935285,0.0919206765864377,-0.015793237083549943,0.01675679004942871,-0.10087211990180892,0.04338923105223575,-0.020972829275451507,-0.0452970638364376,0.01826203137334542,-0.012468006435379894,0.06038918815020636,-0.04529706383643759,-0.020972829275451514,0.043389231052235744,-0.10087211990180887,0.016756790049428722,-0.01579323708354996,0.0919206765864377,-0.05936567093935285,0.0,-0.11428523360882539
120,-0.207,-0.06012770232010855,0.09888300066718618,-0.025972325508504833,0.030135892541386596,-0.09467288919860123,0.03942334783210001,-0.021945514229537184,-0.07146981754407122,0.023610026992787348,-0.016246052970959067,0.05786135169464538,-0.07146981754407122,-0.021945514229537194,0.03942334783210001,-0.0946728891986012,0.030135892541386614,-0.025972325508504833,0.09888300066718617,-0.06012770232010855,0.0,-0.1462666898038268
121,-0.159,-0.06077367107314736,0.10508221009624956,-0.035700792248262385,0.04258651301954827,-0.08392266883910253,0.03273334052661933,-0.020858502969636455,-0.08890251926149044,0.02531382179629227,-0.01693780581157955,0.042078176870720276,-0.08890251926149044,-0.020858502969636466,0.03273334052661934,-0.08392266883910253,0.042586513019548286,-0.035700792248262385,0.10508221009624956,-0.06077367107314736,0.0,-0.169057988643011
122,-0.152,-0.06130233030514045,0.1104704634093492,-0.044809847716567784,0.053725049864724934,-0.06913822916879468,0.023781483677002356,-0.017813816936357193,-0.09546332194366551,0.023110435550291672,-0.014411851349622726,0.01665539882271622,-0.09546332194366551,-0.01781381693635721,0.023781483677002363,-0.0691382291687947,0.05372504986472495,-0.04480984771656777,0.11047046340934917,-0.061302330305140436,0.0,-0.1757471152155131
123,-0.135,-0.06171265956166723,0.11500617757378509,-0.05314144915655124,0.06320832654393188,-0.051030268177177984,0.013186343949795506,-0.013097215134019392,-0.09034990429595496,0.017339960282547872,-0.009148049976017132,-0.012582930376257377,-0.09034990429595496,-0.013097215134019406,0.013186343949795516,-0.051030268177178,0.06320832654393188,-0.05314144915655123,0.11500617757378509,-0.06171265956166721,0.0,-0.16025231658544328
124,-0.005,-0.0620038667969667,0.11865434889922241,-0.06055104269374168,0.07074416482430591,-0.030469247765932576,0.0016800376391654193,-0.007151374219617543,-0.07418758673506635,0.008893067176345843,-0.0021463760857689963,-0.03893866186678003,-0.07418758673506637,-0.007151374219617549,0.0016800376391654162,-0.030469247765932586,0.07074416482430593,-0.06055104269374168,0.11865434889922241,-0.0620038667969667,0.0,-0.11876110447346541
125,0.029,-0.06217538990279866,0.12138682317339497,-0.06691007135601652,0.07610038673757899,-0.008443550058034287,-0.009942358025839855,-0.0005343410856630877,-0.04895286088527748,-0.0009264682682204164,0.005263048966706696,-0.05637401518536911,-0.04895286088527748,-0.0005343410856630939,-0.009942358025839855,-0.008443550058034276,0.07610038673757902,-0.06691007135601652,0.12138682317339497,-0.06217538990279866,0.0,-0.05098015729219465
126,0.06,-0.06222689779346369,0.12318251293799443,-0.07210820554616376,0.07911196794602672,0.01398803479772406,-0.020877744127916528,0.006132842630301258,-0.017731684196388223,-0.010603003604399672,0.011672642560351018,-0.060894761005521235,-0.017731684196388212,0.006132842630301253,-0.020877744127916525,0.01398803479772405,0.07911196794602675,-0.07210820554616376,0.12318251293799443,-0.06222689779346369,0.0,0.039116531246658676
127,0.105,-0.062158291044887556,0.12402756022795096,-0.07605525726819976,0.07968612211583502,0.03574720538351395,-0.030370493600837673,0.01222442840791315,0.015657902138362136,-0.01864296841067905,0.01586476196491597,-0.051465250940732676,0.015657902138362136,0.01222442840791315,-0.030370493600837673,0.03574720538351395,0.07968612211583505,-0.07605525726819976,0.12402756022795096,-0.06215829104488754,0.0,0.1432748953328047
128,0.129,-0.0619697020865364,0.12391544351818963,-0.0786827448954807,0.07780515964915706,0.055787983689118886,-0.03776466449909774,0.017168690470684138,0.047132681867336754,-0.02380539645198823,0.01704302225478605,-0.030245672108931337,0.047132681867336754,0.017168690470684145,-0.03776466449909773,0.055787983689118886,0.07780515964915707,-0.0786827448954807,0.12391544351818963,-0.061969702086536384,0.0,0.24977764912060976
129,0.231,-0.06166149494579227,0.1228470280525172,-0.0799450813317702,0.0735270326977845,0.0731469959805705,-0.042549325099675815,0.020501585108126018,0.0728436006531274,-0.025293468458018782,0.014983587073515383,-0.0020971742968362737,0.07284360065312737,0.02050158510812602,-0.042549325099675815,0.0731469959805705,0.07352703269778452,-0.0799450813317702,0.1228470280525172,-0.06166149494579227,0.0,0.345013626548435
130,0.288,-0.06123426454528247,0.12083055916623334,-0.07982036495058427,0.06698354966664948,0.0869897828254953,-0.04439385890501453,0.021910303497690662,0.08964646735846936,-0.022877500946400852,0.010077691253742617,0.02653176087297391,0.08964646735846934,0.021910303497690672,-0.04439385890501452,0.08698978282549528,0.06698354966664948,-0.07982036495058427,0.12083055916623334,-0.06123426454528247,0.0,0.4155562994076294
131,0.391,-0.06068883555451886,0.1178815986539985,-0.07831075958996055,0.0583763142180177,0.09665091212100964,-0.04317080999770279,0.021262630376467802,0.09548645753248491,-0.01693039780156478,0.0032573171892069782,0.0490825893691659,0.09548645753248491,0.02126263037646781,-0.04317080999770278,0.09665091212100962,0.0583763142180177,-0.07831075958996053,0.11788159865399847,-0.06068883555451886,0.0,0.45038452427640074
132,0.475,-0.060026260798064154,0.11402290467402938,-0.07544245700971526,0.04797051389500202,0.10166596686384934,-0.038964690149804,0.01861935310454071,0.08964939812286754,-0.008370092668376523,-0.004181855639650092,0.06038918815020636,0.08964939812286754,0.01861935310454072,-0.038964690149804,0.10166596686384934,0.04797051389500202,-0.07544245700971527,0.11402290467402938,-0.060026260798064154,0.0,0.44282669724759094
133,0.492,-0.059247819223297415,0.10928425611544361,-0.07126522246255723,0.03608674973590942,0.10179386998904262,-0.032066139122109344,0.014228556467372143,0.07284910377841733,0.0014821338396108505,-0.010826593369905019,0.05786135169464538,0.07284910377841734,0.014228556467372155,-0.032066139122109344,0.10179386998904263,0.03608674973590942,-0.07126522246255723,0.1092842561154436,-0.059247819223297415,0.0,0.3918436027207935
134,0.433,-0.05835501343170195,0.10370222278417184,-0.06585153126343228,0.023091158607692123,0.09702847310706968,-0.022951841672305025,0.008502338678536343,0.04714008437571055,0.011105593419492306,-0.015414582490811606,0.042078176870720276,0.04714008437571057,0.008502338678536355,-0.022951841672305025,0.09702847310706968,0.023091158607692123,-0.06585153126343228,0.10370222278417181,-0.05835501343170194,0.0,0.3023809701708835
135,0.359,-0.05734956677844041,0.09731988318099324,-0.05929531133768115,0.009384132587824836,0.08759885206109488,-0.012251588991888843,0.0019781339023352087,0.01566629877624186,0.01901490787733972,-0.017074233951065842,0.01665539882271621,0.015666298776241875,0.001978133902335212,-0.012251588991888837,0.08759885206109488,0.009384132587824836,-0.05929531133768115,0.09731988318099324,-0.05734956677844041,0.0,0.18469773954994936
136,0.195,-0.05623342004581618,0.09018649204969957,-0.05171031356488904,-0.00461201705135815,0.0739582950966365,-0.0007047606021064296,-0.004731728629103864,-0.017723320254789083,0.023989276821455307,-0.015490260594657093,-0.012582930376257375,-0.017723320254789073,-0.004731728629103861,-0.0007047606021064296,0.0739582950966365,-0.004612017051358146,-0.051710313564889046,0.09018649204969953,-0.0562334200458162,0.0,0.05277453984708743
137,-0.078,-0.05500872769704188,0.08235710026103457,-0.04322813819307667,-0.018466071185202205,0.056762512989786594,0.010890766222389762,-0.010997494775238871,-0.04894555246731364,0.02526090784861753,-0.01096357286374664,-0.03893866186678003,-0.048945552467313636,-0.010997494775238871,0.010890766222389759,0.056762512989786615,-0.018466071185202233,-0.04322813819307667,0.08235710026103456,-0.05500872769704188,0.0,-0.07791253657123384
138,-0.514,-0.05367785371754616,0.07389212996589783,-0.033995951565085926,-0.03175118862877257,0.036838118587819185,0.02173374918124001,-0.01623109106128432,-0.07418222758798894,0.02263352507874496,-0.004354114267562814,-0.05637401518536911,-0.07418222758798894,-0.01623109106128432,0.02173374918124001,0.036838118587819185,-0.03175118862877258,-0.033995951565085926,0.07389212996589783,-0.053677853717546145,0.0,-0.1928432340256287
139,-0.397,-0.052243367051846415,0.0648569082965033,-0.02417393277211904,-0.044058057045273956,0.015142890971934553,0.031074946196856527,-0.01994131831354336,-0.09034714979046019,0.016512664280037847,0.003082503727591967,-0.060894761005521235,-0.09034714979046019,-0.01994131831354337,0.031074946196856513,0.015142890971934553,-0.04405805704527398,-0.024173932772119034,0.0648569082965033,-0.05224336705184641,0.0,-0.2806777520137886
140,-0.261,-0.050708036644795396,0.055321163214084146,-0.013932494535173126,-0.05500750379347187,-0.007280265629354228,0.038268887486090294,-0.021779953157317317,-0.09546350892853875,0.007843078540821734,0.009933532605429464,-0.051465250940732676,-0.09546350892853872,-0.021779953157317327,0.03826888748609029,-0.007280265629354222,-0.055007503793471885,-0.01393249453517313,0.05532116321408415,-0.050708036644795396,0.0,-0.33485206377143406
141,-0.418,-0.0490748260967733,0.045358485393862856,-0.003449326532273588,-0.06426217817592934,-0.029353454950097252,0.04281847704334531,-0.0215744305213568,-0.08890562487033059,-0.0020370840955174618,0.014897469332108372,-0.030245672108931337,-0.08890562487033059,-0.021574430521356814,0.04281847704334531,-0.02935345495009726,-0.06426217817592936,-0.0034493265322735724,0.045358485393862856,-0.0490748260967733,0.0,-0.35427104429144596
142,-0.439,-0.047346887943142436,0.03504576030010865,0.007093687530011743,-0.07153694515986606,-0.050015603887631314,0.04440934160574863,-0.019344039732434867,-0.0714754619916255,-0.0116028233927692,0.017031305372010284,-0.0020971742968362707,-0.0714754619916255,-0.01934403973243488,0.044409341605748616,-0.050015603887631314,-0.07153694515986608,0.007093687530011743,0.035045760300108635,-0.04734688794314242,0.0,-0.34300899087525755
