,raw_series,harmonic_1,harmonic_2,harmonic_3,harmonic_4,harmonic_5,harmonic_6,harmonic_8,harmonic_11,harmonic_164,harmonic_167,harmonic_169,harmonic_170,harmonic_171,harmonic_172,harmonic_173,all_15_harmonics
0,3.6172,0.1378076922691402,0.21533123357600803,0.11398748104034262,-0.013104268044227263,-0.16598631960683105,0.06624287318618223,-0.03340334967288324,0.0043283355673829306,-0.051211314967525366,0.06624287318618237,-0.01310426804422743,0.11398748104034256,0.2153312335760078,0.13780769226914036,0.0,3.3486296636180453
1,3.3302,0.14971065376535858,0.24596329741031114,0.14008998763282968,0.01998991212147375,-0.12174318457882836,0.07112737200187857,-0.01825271233175771,0.01733068508285393,-0.03499437729660452,0.07112737200187867,0.0199899121214736,0.14008998763282957,0.2459632974103109,0.14971065376535872,0.0,3.5194090863246013
2,3.5474,0.16141615827808672,0.2752981614680485,0.16453104357512682,0.05266294457632875,-0.07349637837497194,0.0726476265569401,-0.0015719832017506595,0.027603525500250452,-0.015071651923849383,0.0726476265569402,0.052662944576328655,0.1645310435751268,0.2752981614680483,0.16141615827808678,0.0,3.713741022873958
3,4.0543,0.17290876713577208,0.3031811149468283,0.1870207808404548,0.08422647347659304,-0.02283255529540717,0.07073173053010659,0.015240522430594282,0.03352892820057684,0.006447111060100779,0.07073173053010674,0.0842264734765929,0.18702078084045484,0.30318111494682815,0.17290876713577208,0.0,3.9382095614600905
4,4.6993,0.1841733224600649,0.3294651043577622,0.20729247381027754,0.11401551801285698,0.028582143850227205,0.06547030363683827,0.03077544269340789,0.03417366749177451,0.027283146511099518,0.06547030363683838,0.11401551801285671,0.2072924738102776,0.3294651043577621,0.18417332246006535,0.0,4.1964784859877335
5,5.0962,0.19519496715790813,0.3540115090791959,0.2251057026085262,0.14140248223379756,0.0790568847889758,0.05711220541925288,0.043730513380525984,0.0294361996810929,0.04522998785096353,0.05711220541925302,0.1414024822337974,0.2251057026085261,0.3540115090791959,0.19519496715790835,0.0,4.488182630515971
6,5.4098,0.20595916451691368,0.37669087243586413,0.24024920445283554,0.16581037724528763,0.12693174490501213,0.04605276447120872,0.053019734399334884,0.020062655774275275,0.05838712451022785,0.04605276447120878,0.1658103772452874,0.24024920445283546,0.3766908724358638,0.20595916451691376,0.0,4.808253289424751
7,5.557,0.2164517173781836,0.397383584447787,0.2525433792061042,0.18672497721940978,0.170632301793027,0.032815079842875926,0.05786440718999061,0.007529329019542525,0.06536125965123205,0.032815079842876,0.18672497721940962,0.25254337920610415,0.39738358444778665,0.2164517173781836,0.0,5.146790546929898
8,5.9676,0.2266587868612846,0.41598051264812486,0.2618424194128352,0.2037056531104318,0.20872141003427166,0.018025279047215174,0.05785841161417809,-0.006189834992228027,0.06541385565070572,0.018025279047215192,0.20370565311043148,0.2618424194128351,0.41598051264812463,0.2266587868612847,0.0,5.489529497067585
9,6.2874,0.2365669106166795,0.4323835776430808,0.2680360395582767,0.21639465583288153,0.2399464634536494,0.0023829029366765975,0.05300225027014973,-0.018934126352046585,0.05853934276793405,0.0023829029366765897,0.21639465583288114,0.26803603955827665,0.4323835776430805,0.23656691061667984,0.0,5.8188738469322825
10,6.2555,0.2461630205815445,0.44650627037837554,0.27105078404155725,0.2245246533236159,0.2632805885816334,-0.013372181788038714,0.0437030063608251,-0.028696373442124626,0.045465708961701254,-0.013372181788038753,0.2245246533236156,0.2710507840415573,0.44650627037837526,0.24616302058154485,-0.0,6.115398625517754
11,6.2959,0.25543446021555194,0.45827410838425175,0.2708508983504057,0.2279243626969677,0.2779564146244345,-0.02849477743623672,0.03074021864679207,-0.033939063918164696,0.02757740839636596,-0.028494777436236744,0.22792436269696764,0.27085089835040577,0.4582741083842515,0.25543446021555205,-0.0,6.359662828461108
12,6.2339,0.26436900119388484,0.46762502859279403,0.26743875310542875,0.22652215883465587,0.2834913093762935,-0.04226960233528633,0.015200534125042197,-0.03383649635611308,0.006768752368851022,-0.04226960233528636,0.22652215883465568,0.267438753105429,0.467625028592794,0.26436900119388507,-0.0,6.534130679828232
13,6.1778,0.2729548595354702,0.4745097146558603,0.26085481594483295,0.22034758338464555,0.27970325116054745,-0.05404512284485216,-0.0016133836190696423,-0.02840482471021034,-0.014756691932181366,-0.05404512284485228,0.22034758338464558,0.2608548159448328,0.47450971465586045,0.27295485953547033,-0.0,6.624982325060243
14,5.7959,0.28118071114515364,0.47889185703736686,0.25117717158302977,0.20953072237735168,0.2667168148315774,-0.0632643701612893,-0.018292054338904393,-0.01849951413399005,-0.03471945183341615,-0.06326437016128945,0.20953072237735154,0.25117717158303005,0.47889185703736664,0.2811807111451538,0.0,6.623603675012461
15,5.7575,0.2890357067493223,0.48074834450820697,0.2385205957351788,0.19429946557157202,0.24495907498076386,-0.0694912843122024,-0.03343733530071204,-0.0056806088615831765,-0.05100553772133199,-0.06949128431220253,0.19429946557157204,0.2385205957351789,0.4807483445082068,0.2890357067493223,0.0,6.5275799087660324
16,5.8844,0.2965094862052722,0.4800693860338735,0.22303519389080811,0.17497470527028863,0.2151455610744482,-0.07243133930001733,-0.04577962505464962,0.008032968115731296,-0.06189030748319984,-0.0724313393000175,0.17497470527028874,0.22303519389080817,0.4800693860338732,0.2965094862052723,0.0,6.341073641285741
17,5.5851,0.3035921921654494,0.47685856241195146,0.20490462108049812,0.15196357575773853,0.1782567264060992,-0.07194547384859915,-0.05428429182297095,0.02048138682309813,-0.06622110034786355,-0.07194547384859928,0.15196357575773833,0.20490462108049828,0.4768585624119513,0.3035921921654495,0.0,6.074540042428227
18,5.4927,0.3102744830785441,0.4711328073871447,0.18434390374898663,0.12575087578937816,0.13550570470951417,-0.0680566688443545,-0.05823840480652343,0.02970407432552042,-0.06353929981241953,-0.06805666884435461,0.12575087578937832,0.18434390374898676,0.4711328073871445,0.3102744830785442,0.0,5.743808448364286
19,5.8543,0.3165475455102855,0.4629223183434412,0.1615968895670178,0.09688885484583058,0.08829841479564768,-0.060948860366292545,-0.05731049788134271,0.03424849661604978,-0.05412889959845296,-0.06094886036629265,0.09688885484583062,0.16159688956701784,0.4629223183434411,0.31654754551028585,0.0,5.368633667951925
20,5.5801,0.322403105767695,0.4522703970444176,0.13693335542686655,0.06598557833413182,0.0381873252201089,-0.05095823971749392,-0.0515783558029906,0.03339892653628521,-0.03898642966523933,-0.050958239717494,0.06598557833413195,0.13693335542686666,0.4522703970444176,0.32240310576769493,0.0,4.970881146104996
21,5.3321,0.32783344081145527,0.4392332212616138,0.11064580792037174,0.03369211685836726,-0.013179600514107756,-0.03855735195666,-0.04152249365149324,0.02728916775590764,-0.01971542701468855,-0.03855735195666009,0.03369211685836726,0.11064580792037194,0.4392332212616136,0.3278334408114554,-0.0,4.572550911539607
22,4.7492,0.3328313884420171,0.4238795484953989,0.08304601424542186,0.000688829456293838,-0.06411309922019034,-0.024332745051218293,-0.027985876123191124,0.01688148126450594,0.0016433735225968825,-0.02433274505121833,0.0006888294562939351,0.0830460142454219,0.4238795484953987,0.3328313884420169,-0.0,4.193860881676234
23,2.7907,0.3373903567459922,0.4062903533508929,0.054461304683939366,-0.03232897021311326,-0.11293816148089363,-0.00895722682176634,-0.012103253328249977,0.003815033363491549,0.022828146291422796,-0.008957226821766317,-0.032328970213112984,0.05446130468393941,0.4062903533508929,0.3373903567459921,0.0,3.851598882604744
24,2.769,0.3415043327903902,0.3865584004814063,0.025230690503530828,-0.06466566274625443,-0.15804911634955493,0.00684195810699139,0.004793963254162769,-0.009852266046007616,0.041595494596158016,0.00684195810699147,-0.06466566274625421,0.02523069050353094,0.3865584004814062,0.3415043327903904,0.0,3.5579163209676463
25,2.822,0.34516789055321806,0.36478775535167757,-0.004299156675967489,-0.09563997831293214,-0.19796243577203487,0.022317526154580825,0.021289310586785664,-0.021967875508994934,0.05595801891960997,0.022317526154580866,-0.09563997831293194,-0.004299156675967461,0.3647877553516774,0.3451678905532181,0.0,3.319679638665966
26,2.9897,0.34837619807999254,0.34109323540111786,-0.03377801636681478,-0.1245993496573898,-0.2313655221926085,0.03673750045304179,0.03600001360311622,-0.030623638129199826,0.06439477589553366,0.03673750045304189,-0.12459934965738964,-0.03377801636681484,0.34109323540111824,0.34837619807999265,0.0,3.1384258458755263
27,3.1236,0.3511250238567202,0.31559980450161196,-0.06285627278684276,-0.15093366039316486,-0.25715987490465037,0.04941983252502001,0.0476929007347406,-0.03445630815438154,0.06601234113235467,0.049419832525020066,-0.15093366039316453,-0.06285627278684261,0.315599804501612,0.35112502385672034,0.0,3.0108944965297817
28,3.2764,0.3534107423909439,0.2884419139034677,-0.09118906126119591,-0.17408809894251304,-0.2744972155687178,0.05976466240544475,0.055387778448597394,-0.03286225637694461,0.0606394198728976,0.059764662405444875,-0.17408809894251293,-0.0911890612611959,0.28844191390346796,0.3534107423909439,-0.0,2.930039800316899
29,3.4578,0.35523033899349116,0.2597627931453469,-0.1184403582765042,-0.19357484731345326,-0.28280738486687595,0.06728269133951961,0.0584395990941008,-0.026092539163588557,0.04884498653718033,0.06728269133951972,-0.19357484731345306,-0.11844035827650432,0.25976279314534695,0.3552303389934912,-0.0,2.8863717339921426
30,3.8736,0.3565814137546206,0.2297136946678832,-0.14428696667992563,-0.20898335845513383,-0.2818170928782098,0.07161832506049612,0.05659253407843942,-0.0152133581466729,0.03187803223126392,0.0716183250604963,-0.2089833584551337,-0.14428696667992544,0.2297136946678832,0.3565814137546208,0.0,2.8694407247624225
31,3.5464,0.357462184709322,0.19845309611486098,-0.1684223487590745,-0.219989005668076,-0.27155890654685183,0.07256649299636422,0.05000141951378265,-0.0019381380075247298,0.011535300759775283,0.07256649299636433,-0.21998900566807592,-0.16842234875907455,0.19845309611486103,0.35746218470932184,0.0,2.8692707096988097
32,3.3069,0.3578714901875898,0.16614586452898616,-0.19056026174296087,-0.22635992184341283,-0.25237017867882144,0.07008234787600177,0.039218776586661744,0.011642330614275517,-0.010028980543282506,0.07008234787600195,-0.2263599218434128,-0.1905602617429611,0.166145864528986,0.3578714901875898,0.0,2.8775608959013215
33,2.9565,0.35780879034658075,0.13296238685024456,-0.21043815260732945,-0.22796188444194912,-0.2248819536889028,0.06428338695438326,0.025148494708434277,0.023389181743026108,-0.030531226295765206,0.0642833869543834,-0.2279618844419491,-0.21043815260732934,0.13296238685024458,0.3578087903465807,0.0,2.888514843252378
34,2.6652,0.3572741678826236,0.09907767130256181,-0.22782027192240914,-0.22476114329624386,-0.18999821494543231,0.05544389452529196,0.008970060104370195,0.031452336349746673,-0.047800317133965556,0.05544389452529206,-0.22476114329624372,-0.22782027192240925,0.0990776713025619,0.35727416788262367,-0.0,2.899211127242137
35,2.6569,0.3562683279221499,0.0646704244080092,-0.24250046981321144,-0.21682513165954606,-0.14886615618904014,0.04398196858440125,-0.007960318378609402,0.03456188192070749,-0.06000751400338773,0.043981968584401336,-0.21682513165954606,-0.24250046981321136,0.06467042440800919,0.3562683279221502,0.0,2.909495186534474
36,2.8221,0.3547925970916855,0.02992210849634836,-0.25430464087261345,-0.20432104552120012,-0.1028384546855313,0.030439745266889005,-0.024223397801229552,0.032228078270437686,-0.06586011551805886,0.03043974526688902,-0.20432104552119998,-0.25430464087261345,0.029922108496348125,0.3547925970916855,0.0,2.9214382187839694
37,2.8685,0.35284892176813054,-0.0049840153194370546,-0.2630927890308534,-0.18751232111951313,-0.053428786805685455,0.015457756421323628,-0.03845587369486156,0.024818489535385225,-0.06473835072069131,0.015457756421323694,-0.18751232111951327,-0.2630927890308536,-0.0049840153194371795,0.3528489217681307,0.0,2.938467349250219
38,2.8696,0.35043986551163686,-0.03986385365431183,-0.26876068789232554,-0.16675308486389645,-0.0022620489556822165,-0.00025536682242187705,-0.04946466340392603,0.013500094387692988,-0.05676101075750835,-0.00025536682242187705,-0.1667530848638965,-0.2687606878923255,-0.039863853654311915,0.35043986551163686,0.0,2.964314098598872
39,2.8314,0.3475686056844661,-0.07453345175172887,-0.2712411168482782,-0.14248069259537766,0.048979079097218534,-0.01595641150425076,-0.056326920042261426,5.5491863898336075e-05,-0.04277286929252892,-0.015956411504250815,-0.1424806925953778,-0.2712411168482783,-0.07453345175172876,0.3475686056844661,-0.0,3.0019499061058426
40,2.8093,0.3442389292602907,-0.1088099636530466,-0.2705046583052689,-0.11520651536844298,0.09860947117438665,-0.030902735966385833,-0.05846739307478735,-0.013397850392148988,-0.024255223797432092,-0.03090273596638589,-0.1152065153684431,-0.27050465830526904,-0.10880996365304663,0.34423892926029087,0.0,3.0526754708390955
41,2.8103,0.3404552278294633,-0.14251261651919578,-0.2665600465743343,-0.08550516587946319,0.1449969720887113,-0.04438739596395895,-0.055706650527128435,-0.024741088265987483,-0.0031690310956819408,-0.04438739596395905,-0.08550516587946315,-0.26656004657433435,-0.14251261651919553,0.34045522782946314,0.0,3.1155054987898256
42,2.8114,0.33622249180684166,-0.17546366401880065,-0.259454064283097,-0.0540023925194419,0.18661607303267264,-0.05577258232833883,-0.04827612044277832,-0.03218771009750416,0.018252751417013262,-0.05577258232833898,-0.054002392519441916,-0.2594540642830969,-0.1754636640188005,0.3362224918068415,0.0,3.1869457347185226
43,3.0394,0.3315463038498112,-0.20748932375463283,-0.24927098753934684,-0.02136189609933073,0.22209807977183937,-0.06451978861953483,-0.036798690689712595,-0.034564904659567935,0.03774162850457411,-0.06451978861953496,-0.021361896099330854,-0.24927098753934673,-0.20748932375463283,0.33154630384981115,-0.0,3.2612011640927117
44,3.1461,0.3264328314951841,-0.23842069378444758,-0.23613158642639054,0.01172865300669991,0.25027612380236486,-0.07021528187183344,-0.02223649339949808,-0.03149827393190281,0.05323379316104894,-0.07021528187183355,0.01172865300669966,-0.23613158642639048,-0.23842069378444736,0.32643283149518404,0.0,3.330791004722633
45,3.1513,0.3208888190246858,-0.2680946434025091,-0.2201916926841767,0.04457210270903804,0.27022353622637835,-0.07258967169520278,-0.005810251174718301,-0.023470799194912927,0.06308867688104178,-0.07258967169520289,0.044572102709037775,-0.22019169268417682,-0.2680946434025089,0.3208888190246858,0.0,3.387486268842941
46,3.4846,0.3149215785697601,-0.2963546734838677,-0.20164035156332935,0.07647650681130383,0.28128432237418877,-0.07153065213609838,0.0111030538740511,-0.011746773534787584,0.0662626803862165,-0.0715306521360985,0.07647650681130369,-0.20164035156332966,-0.29635467348386757,0.31492157856975994,0.0,3.423437488079439
47,3.4927,0.30853898046742234,-0.32305174185396707,-0.18069757977088072,0.1067697029412005,0.28309473497866594,-0.06708831362206374,0.027085610042576737,0.0018273189335993832,0.06241968730406665,-0.06708831362206387,0.1067697029412003,-0.18069757977088086,-0.3230517418539666,0.3085389804674225,-0.0,3.432330305091583
48,3.5082,0.3017494428798845,-0.3480450493306146,-0.15761175609820113,0.1348134736755203,0.2755952364419888,-0.05947277374115266,0.04079762861812851,0.015113616451556053,0.05196665776939796,-0.05947277374115277,0.13481347367552013,-0.1576117560982013,-0.3480450493306144,0.3017494428798845,0.0,3.4103992316942717
49,3.5267,0.29456192069163556,-0.37120278229277104,-0.13265667567797082,0.1600169925125517,0.25903245680121856,-0.04904423891762762,0.05108965593869145,0.026019583739512547,0.036010532704980974,-0.04904423891762772,0.1600169925125516,-0.13265667567797085,-0.37120278229277104,0.2945619206916353,0.0,3.3571461119627357
50,3.5483,0.2869858936986308,-0.3924028078598789,-0.10612830280635682,0.18184927141197835,0.2339510830026447,-0.036295967055435266,0.0570989300098886,0.03282757739252176,0.016241012474147647,-0.03629596705543533,0.1818492714119782,-0.10612830280635697,-0.3924028078598788,0.2869858936986307,0.0,3.275647679591647
51,3.5775,0.2790313541051612,-0.4115333180153824,-0.07834126084153589,0.19985034765734755,0.2011759462158766,-0.021830936997154736,0.05832170427907857,0.03446536740197851,-0.005248376745406776,-0.021830936997154778,0.19985034765734733,-0.07834126084153595,-0.4115333180153824,0.279031354105161,0.0,3.1723911035774175
52,3.2688,0.2707087933448932,-0.42849341927736573,-0.04962510080795608,0.2136409743561551,0.1617848962679236,-0.00633332830662817,0.05465547579574434,0.03067500881589876,-0.02618198039309993,-0.0063333283066281595,0.2136409743561549,-0.04962510080795606,-0.42849341927736545,0.2707087933448932,0.0,3.056640339895525
53,3.4532,0.2620291882434656,-0.4431936648064048,-0.020320392960244016,0.22293061041797274,0.1170733552541488,0.009463839650698358,0.04640757784803258,0.022053466970402082,-0.04434299974452007,0.009463839650698365,0.22293061041797263,-0.020320392960244016,-0.4431936648064049,0.26202918824346544,0.0,2.9394008909432743
54,2.8806,0.2530039865408894,-0.4555565261443257,0.009225312339651515,0.22752354167766328,0.06851171602326948,0.02481337869481847,0.03426941677029763,0.009958597991441373,-0.057808243493965766,0.024813378694818543,0.227523541677663,0.00922531233965157,-0.45555652614432535,0.2530039865408894,-0.0,2.8321074705037126
55,2.5991,0.24364509179284918,-0.46551680209593294,0.038661606528561,0.22732300420378226,0.017696986538512184,0.03898927298711511,0.019258512603374817,-0.0037047077626239516,-0.06515178729176323,0.03898927298711519,0.22732300420378232,0.03866160652856091,-0.4655168020959327,0.24364509179284896,0.0,2.7452003035109835
56,2.1538,0.23396484767081507,-0.47302196259729035,0.06763937864612435,0.2223332229222604,-0.03369972965169246,0.05132101875850537,0.0026332022339707745,-0.016784537820521125,-0.06559597437142384,0.05132101875850545,0.22233322292226038,0.06763937864612427,-0.47302196259729035,0.23396484767081502,0.0,2.686775592115573
57,2.0153,0.22397602168167985,-0.47803242575700183,0.09581495574940448,0.21265932260561093,-0.08398818966552629,0.061225338379472485,-0.014212844705617105,-0.027220874648400926,-0.05909376680444932,0.061225338379472624,0.21265932260561093,0.09581495574940452,-0.4780324257570022,0.22397602168167965,-0.0,2.6614910777972525
58,2.0945,0.21369178832838448,-0.4805217666093935,0.12285417883325968,0.19850511310294952,-0.13151459695961815,0.06823376873233737,-0.029867454636532214,-0.03337003963886372,-0.04633372665988975,0.06823376873233748,0.19850511310294955,0.12285417883325961,-0.4805217666093934,0.21369178832838448,0.0,2.6698788538506073
59,2.2062,0.2031257117337516,-0.4804768564786358,0.14843636591654033,0.18016879547162212,-0.17471598841916597,0.0720148189869584,-0.0430183299846896,-0.03426356549204293,-0.028667099580490425,0.07201481898695854,0.18016879547162218,0.1484363659165402,-0.48047685647863586,0.20312571173375155,0.0,2.708168063715858
60,2.3834,0.19229172775043585,-0.4778979322188133,0.17225811529237928,0.15803667947371552,-0.2121716342814174,0.07238964974212815,-0.05256305670766722,-0.029760725691129912,-0.007964722381229711,0.07238964974212828,0.15803667947371566,0.17225811529237933,-0.4778979322188134,0.1922917277504358,-0.0,2.7686560627508587
61,3.3384,0.18120412558059296,-0.47279859496476545,0.19403690383647695,0.1325750447973071,-0.24264976054415252,0.06934053192700791,-0.05770151766558461,-0.020570698329489483,0.013581092322254,0.06934053192700802,0.13257504479730717,0.19403690383647695,-0.47279859496476545,0.18120412558059273,0.0,2.840596210267313
62,3.8442,0.16987752892950697,-0.4652057384002908,0.21351443769787076,0.10432031747034551,-0.26514805733652086,0.06301168536612951,-0.05800296499060199,-0.00814087358097962,0.033688714699047315,0.06301168536612961,0.10432031747034565,0.21351443769787082,-0.46520573840029056,0.16987752892950672,0.0,2.911502806031787
63,4.5438,0.15832687671803441,-0.45515940692202267,0.23045971563339634,0.07386776843059278,-0.2789266410856961,0.0537024573447871,-0.053442128899883486,0.0055711040887405725,0.05022881468319477,0.05370245734478719,0.07386776843059281,0.2304597156333963,-0.4551594069220224,0.15832687671803444,-0.0,2.9687176428978335
64,3.9585,0.1465674033793014,-0.4427125844470188,0.24467176865505247,0.04185897235029258,-0.28353238647881995,0.04185316382096261,-0.04440133601568682,0.018405656588951373,0.061449850917384856,0.04185316382096266,0.04185897235029265,0.2446717686550524,-0.4427125844470185,0.14656740337930124,0.0,3.001045650563485
65,2.8707,0.1346146187656429,-0.42793091497787306,0.25598204349838166,0.00896829093320027,-0.2788138280343744,0.028024262978448455,-0.03163845961764611,0.028341396556628175,0.0661635531339099,0.028024262978448462,0.008968290933200306,0.25598204349838155,-0.42793091497787306,0.13461461876564265,0.0,3.0002541952759114
66,2.2531,0.12248428769228599,-0.4108923563990943,0.264256401644209,-0.02411133454596537,-0.26492614122687125,0.01286984618855368,-0.016223388499503874,0.0338134872580687,0.06387075600812214,0.012869846188553666,-0.024111334545965216,0.264256401644209,-0.4108923563990943,0.12248428769228578,0.0,2.9622437495745118
67,2.4003,0.11019240914475525,-0.39168676933059604,0.2693967101855825,-0.056682982136695606,-0.2423260393545772,-0.0028932997720737645,0.0005516598691282515,0.03396009771061623,0.05481425909949164,-0.0028932997720737715,-0.05668298213669537,0.26939671018558237,-0.3916867693305959,0.11019240914475492,0.0,2.887735482718368
68,2.4415,0.09775519517742606,-0.3704154432066816,0.27134200567241856,-0.08806043197279181,-0.21175675397292168,-0.01851959592539719,0.01728046359090096,0.028758137392333013,0.039953115189019346,-0.01851959592539724,-0.08806043197279159,0.2713420056724185,-0.3704154432066813,0.0977551951774259,-0.0,2.7823792843143575
69,2.4415,0.08518904953105615,-0.34719056207995436,0.27006921713079535,-0.1175826235608234,-0.17422359283011601,-0.03326993613450761,0.03256067737338556,0.019026892900874927,0.020861069792215817,-0.03326993613450768,-0.1175826235608232,0.2700692171307953,-0.34719056207995425,0.08518904953105594,0.0,2.656256638360893
70,2.4415,0.07251054599749675,-0.3221346129674839,0.26559343968196847,-0.14462758301061507,-0.13096087911169174,-0.046446645988074464,0.045111388592968565,0.006298993803280868,-0.00044009323591081423,-0.04644664598807452,-0.14462758301061499,0.2655934396819686,-0.3221346129674839,0.0725105459974967,0.0,2.5228277202060396
71,2.1438,0.059736406560120386,-0.29537973985958343,0.2579677555160226,-0.16862552678870313,-0.08339135923670235,-0.057426482011029484,0.053880493878235125,-0.007420969994154748,-0.021694651859921987,-0.05742648201102957,-0.16862552678870302,0.2579677555160227,-0.2953797398595833,0.05973640656012018,0.0,2.3974416279462742
72,2.2027,0.04688347933879359,-0.26706704679812776,0.24728260434338747,-0.18907086592472416,-0.033079414129070214,-0.06569011037613731,0.05813289502849326,-0.019972162619605778,-0.040651819295152714,-0.06569011037613744,-0.18907086592472402,0.24728260434338742,-0.26706704679812776,0.04688347933879357,0.0,2.295583954255362
73,2.2687,0.033968716368487556,-0.23734585369995054,0.2336647107905918,-0.20553285776596988,0.018320387332253413,-0.07084667080672975,0.05751212096345757,-0.029377824683638323,-0.05530409481233853,-0.07084667080672992,-0.20553285776596958,0.23366471079059173,-0.23734585369995076,0.03396871636848725,-0.0,2.231069899059649
74,2.4892,0.021009151240830054,-0.20637290885006931,0.2172755814612109,-0.2176646808688153,0.06911770080259516,-0.07265226382578444,0.05207021004775005,-0.03415660446504487,-0.06409985136136055,-0.07265226382578456,-0.21766468086881519,0.21727558146121095,-0.20637290885006881,0.021009151240829804,0.0,2.21439944390856
75,2.3087,0.008021876638092621,-0.17431156221801863,0.19830958948669053,-0.22521074183709625,0.11764199548012345,-0.07102148692537173,0.0422633478091217,-0.03355586449861942,-0.06610764769463134,-0.07102148692537187,-0.22521074183709627,0.1983095894866907,-0.17431156221801847,0.008021876638092243,-0.0,2.2514726281917232
76,2.5041,-0.004975978210759777,-0.14133090395718925,0.1769916692840433,-0.22801206016687753,0.1622974915222034,-0.06603147400870195,0.028913625732568372,-0.027670218770831347,-0.061114864884928406,-0.06603147400870207,-0.22801206016687744,0.17699166928404336,-0.14133090395718936,-0.00497597821076011,0.0,2.3428199537939296
77,2.3372,-0.017967270122221685,-0.10760487263068155,0.15357464886032335,-0.22600961764963615,0.2016156391864767,-0.05791824704373073,0.013140126821312909,-0.017426631419869006,-0.04965022195980604,-0.05791824704373087,-0.22600961764963592,0.1535746488603233,-0.10760487263068141,-0.017967270122221712,0.0,2.4834407744275393
78,2.3545,-0.03093486456880229,-0.07331133786685787,0.1283362513024256,-0.21924560176859412,0.23430341385693726,-0.047065552490982654,-0.003734885102842655,-0.004438423831338427,-0.0329277863220856,-0.04706555249098272,-0.21924560176859403,0.12833625130242549,-0.07331133786685776,-0.030934864568802567,0.0,2.6632689958498914
79,2.927,-0.04386165827816892,-0.03863116228262775,0.10157580101419139,-0.20786251689231097,0.2592858387149343,-0.03398671052993142,-0.020296808378889017,0.00924881660966342,-0.01271840806593327,-0.03398671052993145,-0.20786251689231094,0.10157580101419131,-0.03863116228262742,-0.04386165827816926,0.0,2.8682097443542887
80,3.0029,-0.056730601791062166,-0.0037472476218393417,0.0736106737644536,-0.1921001819909192,0.27574133664588113,-0.01930033559500403,-0.03515728699966594,0.02147940782059679,0.008837807134856426,-0.019300335595004055,-0.19210018199091922,0.07361067376445372,-0.003747247621839485,-0.056730601791062304,-0.0,3.0816223190644263
81,2.8881,-0.06952472194823864,0.03115642986059286,0.044772532648033166,-0.17229067812715546,0.2831287487916586,-0.0037010766123980222,-0.0470705939793304,0.030327083769537758,0.02945812807143481,-0.0037010766123980257,-0.1722906781271554,0.044772532648033235,0.031156429860592888,-0.06952472194823879,0.0,3.286072230920958
82,3.0469,-0.08222714427677938,0.06589578968149087,0.015403394600742012,-0.14885135216850542,0.28120513121109664,0.012073239108577279,-0.055038058388505194,0.03439837317222983,0.04695893161237798,0.012073239108577327,-0.14885135216850548,0.015403394600742082,0.06589578968149093,-0.08222714427677946,-0.0,3.4651449047441063
83,3.2234,-0.09482111524623815,0.10028761796190527,-0.014148425880939744,-0.12227602411834289,0.2700337443839278,0.02727650427285227,-0.058391782128041976,0.03305206528527686,0.059486941101708865,0.027276504272852414,-0.12227602411834301,-0.014148425880939564,0.1002876179619053,-0.09482111524623818,0.0,3.605109275970902
84,3.9212,-0.1072900243652751,0.13415053368917793,-0.043532447708511585,-0.09312458331011214,0.249981972813761,0.04118962163091146,-0.056850628616002964,0.026500197867640973,0.0657154821682698,0.04118962163091152,-0.09312458331011228,-0.04353244770851164,0.13415053368917754,-0.10729002436527527,-0.0,3.696241339420909
85,3.9708,-0.11961742608963469,0.16730594531254528,-0.07240017986562403,-0.06201119265206649,0.22170924314643292,0.053154516465497445,-0.0505437899577212,0.015774662136565983,0.06498497311157234,0.053154516465497605,-0.06201119265206646,-0.07240017986562376,0.1673059453125453,-0.11961742608963485,0.0,3.7336626674861138
86,3.9708,-0.13178706151256872,0.19957899262724327,-0.1004092544702286,-0.02959134943567293,0.18614533813096057,0.06260526278154775,-0.03999995700579108,0.002564684295155356,0.057372772401391166,0.06260526278154785,-0.029591349435673056,-0.10040925447022873,0.19957899262724313,-0.13178706151256905,-0.0,3.7176110580344783
87,4.0236,-0.14378287980910037,0.23079946897965048,-0.12722748721708474,0.0034519246892682487,0.1444598195945937,0.06909485096577794,-0.026103000164230096,-0.011049220401070753,0.043684986674132315,0.06909485096577808,0.003451924689268082,-0.12722748721708466,0.2307994689796508,-0.14378287980910062,0.0,3.6531317151253226
88,3.944,-0.1555890594058426,0.2608027189298097,-0.15253681704424848,0.03642247362301984,0.09802356599424143,0.07231633083588548,-0.010017876134663331,-0.022922919937075598,0.025371106731803508,0.07231633083588568,0.03642247362301959,-0.15253681704424843,0.26080271892980955,-0.15558905940584303,-0.0,3.5492485486191256
89,3.6126,-0.16719002884845274,0.28943050663708336,-0.17603707829957174,0.0686256734410538,0.04836368942819087,0.07211733003705503,0.006907028292308347,-0.03118635719991835,0.0043705113062485895,0.07211733003705514,0.06862567344105353,-0.1760370782995717,0.28943050663708314,-0.1671900288484529,0.0,3.417737253428818
90,3.4883,-0.17857048733919806,0.316531850389125,-0.1974495606697621,0.09938306673931245,-0.002886685283537943,0.06850726108202927,0.023252929057602588,-0.0345380760104309,-0.01709290667254537,0.06850726108202934,0.09938306673931233,-0.1974495606697621,0.3165318503891249,-0.1785704873391984,-0.0,3.2716670250417392
91,3.3738,-0.18971542491754617,0.34196381887288896,-0.2165203146516661,0.12804665638301904,-0.05404212787480818,0.06165687614990063,0.03764957892956083,-0.03245019492920428,-0.03674624291166888,0.06165687614990072,0.128046656383019,-0.21652031465166605,0.34196381887288885,-0.18971542491754625,0.0,3.1239005867419523
92,3.277,-0.20061014225716253,0.3655922849881862,-0.23302316336327908,0.1540125575181673,-0.10342033003654064,0.05189019070113696,0.04889013284559161,-0.025251546335319876,-0.05250827473018503,0.05189019070113705,0.15401255751816711,-0.2330231633632791,0.3655922849881858,-0.20061014225716253,-0.0,2.9857401125370133
93,2.9399,-0.21124027005320659,0.3872926332281981,-0.24676238497476025,0.176733720224944,-0.14939743015057294,0.03966915791271715,0.05603231554617223,-0.014075886726972188,-0.06270985559138295,0.03966915791271721,0.17673372022494388,-0.24676238497476022,0.38729263322819796,-0.21124027005320686,0.0,2.86588036311049
94,2.5692,-0.221591787974353,0.40695041689626466,-0.25757503394613734,0.19573145477207043,-0.19046141593373114,0.025571818815264213,0.05847741080183383,-0.0006833349010890825,-0.06627067214737058,0.025571818815264203,0.19573145477207035,-0.25757503394613734,0.40695041689626477,-0.22159178797435325,0.0,2.7697837884074263
95,2.3718,-0.23165104315454413,0.4244619616928037,-0.2653328735420999,0.21060551665786173,-0.22526184878187944,0.010264961605979787,0.05602045070941103,0.012816839261743627,-0.06281364581521368,0.01026496160597977,0.21060551665786173,-0.26533287354209983,0.4244619616928032,-0.2316510431545441,0.0,2.699531976645125
96,2.2741,-0.2414047682000834,0.43973491248907537,-0.2699438967044805,0.2210425389662396,-0.25265427456903605,-0.005527416679039575,0.048867397779828056,0.024298415821178747,-0.05270486413972102,-0.005527416679039568,0.2210425389662396,-0.26994389670448055,0.43973491248907526,-0.24140476820008352,0.0,2.6541418685851186
97,2.4578,-0.25084009868832086,0.45268872040413344,-0.2713534172450608,0.22682263438471822,-0.2717378603989687,-0.02105835440587124,0.037617879474147034,0.03195309536323516,-0.0370148133448953,-0.0210583544058713,0.2268226343847179,-0.2713534172450607,0.45268872040413327,-0.2508400986883209,0.0,2.6302724715296515
98,2.6845,-0.25994459013484866,0.4632550676161317,-0.2695447184172828,0.22782402779296773,-0.28188501957938233,-0.03559325578334227,0.023214922520425677,0.03457529845738251,-0.017405017417398864,-0.035593255783342374,0.2278240277929677,-0.2695447184172828,0.4632550676161318,-0.25994459013484894,0.0,2.6231967307093127
99,2.5968,-0.26870623440683183,0.4713782276675592,-0.264539251174881,0.22402562182252725,-0.28276205056576764,-0.048444636413227576,0.006865900692487097,0.03175203928290703,0.004047911735441841,-0.04844463641322762,0.2240256218225271,-0.26453925117488103,0.4713782276675591,-0.26870623440683206,-0.0,2.627880447245313
100,2.783,-0.277113475560823,0.4770153593641615,-0.2563963797661143,0.2155074413364171,-0.27434011113839285,-0.05900464052483752,-0.010058677144986112,0.023927969136979726,0.025072180552361552,-0.0590046405248376,0.21550744133641708,-0.2563963797661143,0.4770153593641613,-0.2771134755608233,0.0,2.639999864538701
101,2.7435,-0.2851552250841749,0.48013673271754465,-0.24521267768081645,0.20244894746435604,-0.2568961669134179,-0.06677379186557242,-0.026140054310317302,0.01233534574889314,0.04344138917027818,-0.06677379186557256,0.20244894746435602,-0.24521267768081662,0.4801367327175446,-0.2851552250841749,-0.0,2.6567429206927553
102,2.7339,-0.2928208765199454,0.48072588573984665,-0.23112078230025335,0.1851252567135051,-0.2310038829952045,-0.07138461836283305,-0.04003015810574255,-0.0012000420647503545,0.057210299735357704,-0.07138461836283318,0.18512525671350516,-0.23112078230025349,0.48072588573984665,-0.29282087651994554,0.0,2.677274136701453
103,2.8134,-0.30010031945601057,0.47877971126354646,-0.21428782183350026,0.1639013448105603,-0.1975147583087968,-0.07261903313749524,-0.050564606308072274,-0.014546428363557655,0.06492083059616063,-0.07261903313749536,0.16390134481056018,-0.21428782183350026,0.47877971126354657,-0.3001003194560105,0.0,2.7027947281069764
104,2.4374,-0.30698395285992836,0.47430847332853404,-0.1949134331966896,0.13922435738871936,-0.15753012303276268,-0.07041864976666691,-0.05686031521983659,-0.02560181414086218,0.0657564622816762,-0.07041864976666702,0.13922435738871933,-0.19491343319668958,0.474308473328534,-0.30698395285992847,-0.0,2.736190606440879
105,2.5994,-0.31346269774197316,0.46733575305000474,-0.17322739434284748,0.11161418951806193,-0.11236492003051943,-0.06488754389546415,-0.05838952697491725,-0.03262502321594095,0.059628704186765136,-0.06488754389546429,0.1116141895180621,-0.1732273943428476,0.4673357530500042,-0.3134626977419732,0.0,2.781323020869211
106,2.7863,-0.31952800912963275,0.45789832425268223,-0.14948689912260205,0.08165253254991288,-0.06350446137138127,-0.0562873305766921,-0.055024050523820756,-0.03450993006770468,0.047186465431754615,-0.05628733057669216,0.08165253254991306,-0.1494868991226022,0.45789832425268195,-0.31952800912963286,-0.0,2.842071087716953
107,2.7819,-0.32517188733777835,0.44604595952725834,-0.12397350699559773,0.049970619036402014,-0.012555582055183007,-0.04502479017469686,-0.047046007656991254,-0.030959669893849504,0.02974733755344503,-0.04502479017469696,0.04997061903640221,-0.12397350699559784,0.44604595952725856,-0.3251718873377783,0.0,2.9212747875459515
108,2.7111,-0.3303868885196419,0.4318411677319061,-0.09698980376867386,0.017235923915405744,0.03880620269095214,-0.031632628114143725,-0.03512418324650735,-0.02253339355302534,0.009158065961088884,-0.031632628114143774,0.017235923915405883,-0.09698980376867389,0.4318411677319063,-0.3303868885196421,0.0,3.019745629198831
109,2.8269,-0.3351661344846848,0.41535886432327,-0.06885581296405645,-0.015861897859533777,0.08889179874779335,-0.016744278515845028,-0.020257962222532438,-0.010558203685734431,-0.01240101423576222,-0.01674427851584508,-0.01586189785953364,-0.06885581296405657,0.4153588643232697,-0.3351661344846848,-0.0,3.1355073213374056
110,3.0814,-0.3395033217704086,0.3966859762555898,-0.039905200378314395,-0.048625540978128,0.1360540809973974,-0.0010639434791709038,-0.003693552946160748,0.0030798583000999228,-0.03264686843474375,-0.0010639434791709125,-0.04862554097812772,-0.039905200378314416,0.3966859762555897,-0.3395033217704087,0.0,3.2634008504507674
111,3.2913,-0.3433927299561439,0.37592098353171377,-0.010481316845555727,-0.08036474061007028,0.1787420610153733,0.01466671488089762,0.013180480178546474,0.016232855719201182,-0.04943552828151661,0.014666714880897595,-0.08036474061006996,-0.010481316845555866,0.37592098353171344,-0.3433927299561438,0.0,3.395140861358602
112,3.4236,-0.3468292292078494,0.3531733998238247,0.01906687386277019,-0.11041081491284681,0.21555189319225512,0.029703654213091384,0.028949617541563433,0.02682924748991258,-0.060989130759313184,0.02970365421309138,-0.11041081491284657,0.019066873862770027,0.35317339982382445,-0.3468292292078495,-0.0,3.519849366726916
113,3.7855,-0.349808287043976,0.3285631949030797,0.04838893370684462,-0.138130752828899,0.24527304188627835,0.04333564429166115,0.04229196094177099,0.03320014703293024,-0.06608418794573918,0.04333564429166133,-0.13813075282889875,0.04838893370684448,0.3285631949030797,-0.3498082870439761,0.0,3.625026636391854
114,4.0019,-0.35232597431346335,0.30222016192423234,0.07713710653209832,-0.16294055037025512,0.2669280913451676,0.0549179074017542,0.05208904591700933,0.03434216480061358,-0.06418115029826194,0.054917907401754305,-0.1629405503702549,0.07713710653209818,0.3022201619242323,-0.3523259743134632,0.0,3.697856502260239
115,4.0142,-0.35437897037799265,0.27428323290215634,0.10497044241598963,-0.18431751442162797,0.279804889199735,0.06390261559617375,0.0575196005925498,0.03007543785781885,-0.055481543149090554,0.06390261559617384,-0.1843175144216278,0.10497044241598953,0.274283232902156,-0.35437897037799254,0.0,3.7266927624778035
116,3.9923,-0.3559645674916564,0.24489974599041675,0.13155884129367684,-0.20181127484530184,0.2834799664518108,0.0698648023377649,0.05812839141366963,0.021071957528240474,-0.040906625845432074,0.06986480233776504,-0.20181127484530162,0.13155884129367693,0.24489974599041694,-0.3559645674916564,0.0,3.702541887249991
117,3.9923,-0.35708067437227,0.2142246684262325,0.15658696790566523,-0.21505327288465226,0.2778324637620071,0.07252246293604515,0.05386438454936283,0.008749733622594532,-0.021999833460908867,0.07252246293604528,-0.21505327288465206,0.15658696790566518,0.21422466842623228,-0.3570806743722701,0.0,3.6203493918983787
118,3.6646,-0.3577258189596137,0.18241977923997538,0.17975799163661116,-0.22376452596449803,0.2630481060545811,0.07174989305015628,0.045085023965886255,-0.004950536067994276,-0.000763332175128801,0.07174989305015639,-0.2237645259644979,0.17975799163661113,0.18241977923997568,-0.35772581895961386,0.0,3.4799145647295293
119,3.3396,-0.3578991503569681,0.1496528160395762,0.2007971068912406,-0.22776150529937544,0.23961309472973016,0.06758363436203281,0.03252626754699154,-0.0178711174096612,0.02055400343906438,0.06758363436203288,-0.22776150529937536,0.2007971068912406,0.1496528160395764,-0.3578991503569681,0.0,3.2862989452690208
120,3.0137,-0.3576004399533823,0.11609659036964243,0.21945479225614026,-0.2269600024802155,0.20829811834527145,0.060220746196170405,0.017240893078568686,-0.02797707386320486,0.03969473872337153,0.06022074619617048,-0.22696000248021542,0.21945479225614029,0.11609659036964243,-0.3576004399533824,0.0,3.0496531840591428
121,2.9928,-0.3568300817251955,0.08192807631085866,0.23550976979414723,-0.221376903578126,0.17013300759568473,0.05000948483642342,0.000510245795178832,-0.03367676032326343,0.05463193372628408,0.05000948483642345,-0.22137690357812578,0.23550976979414726,0.08192807631085858,-0.3568300817251955,-0.0,2.7844573411510085
122,2.7569,-0.3555890917164104,0.047327477126351096,0.24877162937445907,-0.21112983338844135,0.12637286809004383,0.0374328313976074,-0.016263174468320776,-0.03407250044441112,0.06378378937555323,0.03743283139760748,-0.21112983338844135,0.24877162937445915,0.047327477126351276,-0.35558909171641034,0.0,2.5082424140200357
123,2.5329,-0.3538791066986095,0.012477274877483707,0.25908308691421744,-0.19643467731010902,0.07845680469320174,0.02308564736495219,-0.031673282295682864,-0.029101966842820837,0.06618115471796807,0.023085647364952208,-0.19643467731010908,0.25908308691421744,0.012477274877483513,-0.3538791066986095,0.0,2.2399266398954083
124,2.043,-0.3517023820121775,-0.02243873197863072,0.2663218497490905,-0.17760103306948727,0.027960594829955873,0.007646538318555107,-0.04442827628096509,-0.019547997393796635,0.06157015676909386,0.007646538318555083,-0.17760103306948724,0.2663218497490903,-0.022438731978630666,-0.3517023820121774,-0.0,1.9979504011738058
125,1.739,-0.3490617885916779,-0.057236397934230354,0.2704020670097778,-0.15502568811169493,-0.023455132852440677,-0.008154243343150343,-0.053458928398798476,-0.006915301600117338,0.050439084814586185,-0.008154243343150364,-0.1550256881116948,0.2704020670097779,-0.05723639793423024,-0.349061788591678,0.0,1.798421783725086
126,1.6677,-0.3459608091793095,-0.09173220160633697,0.27127534780314544,-0.12918426007790765,-0.0740995102563637,-0.023569338516027095,-0.05800821545161136,0.006806524746867297,0.0339666822053448,-0.023569338516027112,-0.12918426007790776,0.2712753478031454,-0.09173220160633705,-0.34596080917930944,0.0,1.6534871669974485
127,1.26,-0.342403533731433,-0.12574421362058075,0.26893133512248324,-0.100621176487131,-0.12230703606662573,-0.03786963063070272,-0.05769477895205921,0.019456352431708814,0.013897321372734833,-0.03786963063070284,-0.10062117648713106,0.26893133512248324,-0.12574421362058064,-0.34240353373143306,0.0,1.5701171048274394
128,1.1932,-0.33839465402422936,-0.15909305609883884,0.2633978286803767,-0.06993820473062978,-0.16649234776610938,-0.050378732041772255,-0.05254489371374694,0.029041887463155294,-0.007643719387053494,-0.050378732041772366,-0.06993820473062981,0.26339782868037687,-0.1590930560988387,-0.3383946540242293,-0.0,1.5494499916524713
129,0.9264,-0.3339394574656034,-0.19160284869039657,0.2547404552074114,-0.03778177402923685,-0.20520235819055718,-0.06050497639852645,-0.042990265281231475,0.034053448893617985,-0.028375315787802946,-0.06050497639852655,-0.037781774029236936,0.2547404552074115,-0.1916028486903964,-0.3339394574656035,0.0,1.5867704235689186
130,1.2988,-0.32904382012149425,-0.22310213615729751,0.24306189012692514,-0.004829356454693956,-0.23716404204915248,-0.06776940379424895,-0.029831840836755486,0.033701737139461854,-0.04610206099800671,-0.06776940379424908,-0.004829356454694095,0.2430618901269252,-0.2231021361572973,-0.32904382012149447,0.0,1.6721238652748314
131,1.7159,-0.323714198965791,-0.253424792621843,0.22850063983665628,0.028224806060166585,-0.2613263008936408,-0.07182841502816784,-0.01417266724980151,0.028042145304207025,-0.058946751893381825,-0.07182841502816793,0.028224806060166308,0.22850063983665647,-0.253424792621843,-0.323714198965791,0.0,1.7914935856818506
132,1.9297,-0.3179576233640733,-0.28241089770727423,0.21122939903928248,0.06068432801887658,-0.2768945297560817,-0.0724900234590895,0.0026745753425320984,0.01796603500061507,-0.065549178599339,-0.07249002345908967,0.060684328018876396,0.21122939903928256,-0.2824108977072742,-0.31795762336407346,-0.0,1.928399252899705
133,2.286,-0.31178168580241356,-0.3099075799509122,0.19145300260371378,0.09186535181941195,-0.28335674868974325,-0.06972293575641755,0.019297613131986444,0.00506035069252983,-0.06521016617466352,-0.06972293575641766,0.09186535181941172,0.19145300260371376,-0.30990757995091206,-0.3117816858024134,0.0,2.06572736988658
134,2.0724,-0.3051945318734629,-0.3357698230416322,0.16940599624782396,0.12111095527443987,-0.280500439845957,-0.0636580320393012,0.03430296699252183,-0.008642317300197676,-0.05796561490309195,-0.06365803203930133,0.12111095527443963,0.16940599624782401,-0.33576982304163205,-0.3051945318734629,0.0,2.187577975578427
135,2.3074,-0.2982048495330343,-0.35986123062960357,0.1453498548540347,0.1478049916559231,-0.2684195363793942,-0.05458217539500705,0.046432765309555285,-0.020983857121328907,-0.04458269857314322,-0.054582175395007204,0.14780499165592292,0.1453498548540349,-0.3598612306296034,-0.29820484953303433,0.0,2.280912851943239
136,2.3076,-0.2908218576413472,-0.38205474567473535,0.11956988140819932,0.17138507068185466,-0.24751133334320002,-0.04292464357929281,0.05467018907732236,-0.03002052880530684,-0.026478623335675574,-0.0429246435792929,0.17138507068185418,0.11956988140819927,-0.3820547456747353,-0.2908218576413471,-0.0,2.3368176201697994
137,2.1222,-0.28305529380405275,-0.4022333205399976,0.09237182334000327,0.19135440696153294,-0.21846342216291925,-0.029236824664012784,0.058324709992987306,-0.03432909504444233,-0.005570550304871831,-0.029236824664012864,0.19135440696153277,0.0923718233400033,-0.4022333205399975,-0.2830552938040527,0.0,2.351240009046276
138,2.266,-0.2749154015290697,-0.42029053429559216,0.06407824639468576,0.20729228627619703,-0.18223107836476413,-0.014166137004861686,0.05708997619257941,-0.033230975004039355,0.01592742540193259,-0.014166137004861676,0.20729228627619684,0.06407824639468579,-0.42029053429559227,-0.27491540152906957,0.0,2.3251328061971854
139,2.2069,-0.2664129167161763,-0.436131153978327,0.03502470904153028,0.2188629291912837,-0.14000584619000037,0.001574592914710779,0.05106949317243919,-0.026899117914132874,0.035738739943827716,0.0015745929147108068,0.21886292919128358,0.0350247090415302,-0.43613115397832686,-0.2664129167161762,0.0,2.2640041014234447
140,2.2554,-0.2575590534971734,-0.4496716368461352,0.0055557827901880075,0.22582256526162575,-0.09317635322822732,0.01724084637006062,0.0407679471110799,-0.016330764302260124,0.051765441265137165,0.017240846370060632,0.2258225652616256,0.005555782790188174,-0.44967163684613487,-0.2575590534971734,0.0,2.176950006399042
141,2.147,-0.24836548944529646,-0.46084057097888265,-0.02397903438658741,0.2280245687901451,-0.04328264372750314,0.03209162728907898,0.02704889794166538,-0.0031903848571080617,0.06231035521259365,0.03209162728907906,0.22802456879014496,-0.023979034386587342,-0.46084057097888276,-0.24836548944529646,-0.0,2.0753069606596792
142,2.2039,-0.23884435017338304,-0.46957905190173954,-0.05322946305747646,0.22542254793981503,0.008034467614613974,0.045424510528440834,0.011062388688149924,0.010452466616830126,0.06625681061093451,0.04542451052844099,0.2254225479398149,-0.05322946305747657,-0.4695790519017394,-0.23884435017338296,-0.0,1.971104320308355
143,2.1984,-0.22900819334111017,-0.47584099324482826,-0.08184859660513479,0.21807132211744618,0.059087355817561346,0.05660886578854022,-0.005851460556787216,0.02244909911029748,0.0631868910115527,0.056608865788540345,0.21807132211744604,-0.08184859660513463,-0.4758409932448281,-0.2290081933411099,0.0,1.8755178962225916
144,2.266,-0.21886999209239488,-0.47959336980074324,-0.10949701549755896,0.2061257670377583,0.1081970851967714,0.06511568571350718,-0.02227479246993429,0.030910094093061072,0.05342569064889021,0.06511568571350727,0.2061257670377583,-0.10949701549755889,-0.479593369800743,-0.2188699920923949,0.0,1.7975192599827678
145,2.0387,-0.2084431179448034,-0.4808163916980639,-0.13584681276351035,0.1898375517999463,0.15374862318471577,0.0705426073409076,-0.03683086890686446,0.034502880886362025,0.03800688804657089,0.07054260734090778,0.18983755179994627,-0.13584681276351043,-0.480816391698064,-0.20844311794480325,0.0,1.742885100505276
146,1.8063,-0.197741323153533,-0.4795036087722799,-0.16058548293033115,0.16954983672004795,0.19424395262101574,0.07263294341485063,-0.048299480365030095,0.032661610870086684,0.018563282913427747,0.07263294341485077,0.16954983672004786,-0.160585482930331,-0.4795036087722801,-0.19774132315353274,0.0,1.7136799880585647
147,1.7191,-0.18677872257323358,-0.47566194458367783,-0.18341962830181127,0.14569004362524648,0.22835133585003448,0.07128782340291485,-0.05571923393454124,0.025676276230776326,-0.002846111893387529,0.07128782340291501,0.1456900436252465,-0.1834196283018111,-0.4756619445836775,-0.18677872257323366,-0.0,1.7082614635459046
148,1.7978,-0.1755697750415856,-0.46931165990278545,-0.20407843862009445,0.11876085092563585,0.25494911051678876,0.06657086996052328,-0.05846814512312713,0.014647037427174527,-0.023954112954482822,0.06657086996052339,0.1187608509256357,-0.20407843862009448,-0.4693116599027852,-0.17556977504158572,-0.0,1.7217869691953256
149,1.7775,-0.16412926430919078,-0.4604862458559449,-0.22231690284323916,0.08932960317938349,0.2731625767837189,0.05870518965129003,-0.05631577768867912,0.0013109526029925316,-0.04252545344171833,0.058705189651290124,0.08932960317938364,-0.22231690284323927,-0.4604862458559453,-0.1641292643091907,0.0,1.7471368688352107
150,1.8596,-0.15247227954092835,-0.4492322472945648,-0.23791871494713904,0.05801635827070426,0.28239276288778464,0.04806282025886377,-0.049442560691725125,-0.012231601673487823,-0.056593490411261486,0.04806282025886386,0.058016358270704435,-0.23791871494713912,-0.44923224729456457,-0.1524722795409283,0.0,1.7761151272900686
151,1.6565,-0.1406141954144913,-0.43560901731958634,-0.2506988392893317,0.025480824022839715,0.2823361230479184,0.035147133820483206,-0.03842466345434127,-0.02384773077449499,-0.0646684657242888,0.035147133820483234,0.025480824022839785,-0.2506988392893316,-0.4356090173195866,-0.14061419541449108,0.0,1.8007558455542556
152,1.3164,-0.12857065184235575,-0.4196884042558035,-0.2605057051097887,-0.007591540534356726,0.2729945199334357,0.0205690276988589,-0.02418569633027928,-0.03170794383374028,-0.06589526645925846,0.020569027698858933,-0.007591540534356608,-0.26050570510978877,-0.4196884042558037,-0.12857065184235578,0.0,1.8145538941079868
153,1.5522,-0.11635753334392289,-0.4015543727269087,-0.2672230041421664,-0.04050396642356845,0.2546751634079124,0.005018029827756003,-0.007919286123199091,-0.03457429076699767,-0.06014397851489295,0.005018029827756003,-0.04050396642356836,-0.2672230041421664,-0.4015543727269085,-0.11635753334392283,0.0,1.8134523409984635
154,1.5044,-0.10399094809504429,-0.3813025608297036,-0.27077107001605905,-0.07256305425727454,0.22798050756300986,-0.010770315179513785,0.009010983484646858,-0.0319953341385766,-0.04802364407969295,-0.01077031517951385,-0.07256305425727441,-0.27077107001605916,-0.3813025608297037,-0.10399094809504399,0.0,1.796455993925251
155,1.6649,-0.09148720668256125,-0.3590397757429211,-0.2711078230907112,-0.10309338278444925,0.1937884382904541,-0.026049236458504228,0.025185878680788733,-0.024377248635003426,-0.030817766097899695,-0.026049236458504287,-0.1030933827844491,-0.27110782309071124,-0.35903977574292095,-0.09148720668256109,-0.0,1.7657940132999275
156,1.582,-0.0788628005918795,-0.33488343043078905,-0.26822926951456805,-0.13145173867366544,0.15322340294771308,-0.040096058311030254,0.03924948732045584,-0.012919850281582561,-0.010348389593597063,-0.040096058311030316,-0.1314517386736652,-0.2682292695145679,-0.3348834304307892,-0.0788628005918793,-0.0,1.7266178383093473
157,1.8241,-0.06613438045595227,-0.30896092441214446,-0.26216954859188357,-0.15704066773935538,0.10761943155306673,-0.052246381948447156,0.050022882583870304,0.0005723694721895697,0.011216846813132314,-0.05224638194844728,-0.15704066773935513,-0.2621695485918834,-0.3089609244121441,-0.06613438045595206,0.0,1.6862850050897207
158,1.8514,-0.05331873409435961,-0.2814089718608881,-0.25300052789461686,-0.1793210621138343,0.058476265602590616,-0.06192551080301239,0.056602950274560464,0.013974443471519065,0.03159425659785467,-0.06192551080301249,-0.17932106211383397,-0.25300052789461686,-0.28140897186088787,-0.05331873409435953,0.0,1.6533361474162849
159,1.871,-0.0404327643714498,-0.2523728805813536,-0.24083095092154677,-0.1978235181783901,0.007410037265709657,-0.06867563302563841,0.05843809524541528,0.02517560213405238,0.04862594010899399,-0.06867563302563852,-0.19782351817838972,-0.24083095092154666,-0.25237288058135393,-0.040432764371449395,0.0,1.6363139476248862
160,1.8638,-0.02749346690274362,-0.22200578566124302,-0.22580514741326416,-0.2121582259644111,-0.04389987906664602,-0.07217747546863387,0.05537448062001474,0.0324117106704147,0.06050829893523513,-0.07217747546863396,-0.21215822596441095,-0.22580514741326427,-0.2220057856612425,-0.02749346690274357,0.0,1.6425935176811128
161,1.6513,-0.01451790763900998,-0.19046784184380355,-0.20810132161855485,-0.22202318167453017,-0.09376609503047033,-0.07226540494453637,0.0476689236591265,0.034543112800993966,0.06598303095467309,-0.07226540494453647,-0.22202318167453,-0.20810132161855482,-0.19046784184380353,-0.014517907639009647,0.0,1.6773909137922105
162,1.8049,-0.0015232003575706143,-0.15792537887865382,-0.18792943881312785,-0.22721055030228643,-0.14054870008626272,-0.0689352624885716,0.03596736723525722,0.031234121766769433,0.06447038032777636,-0.06893526248857174,-0.2272105503022862,-0.18792943881312782,-0.1579253788786537,-0.0015232003575705033,0.0,1.7430906641210093
163,1.7995,0.011473515909470267,-0.12455002430588408,-0.16552873513633193,-0.2276110443025613,-0.18270919195119492,-0.06234456007298391,0.021250731612522715,0.023005889564340392,0.056130531704862166,-0.06234456007298403,-0.22761104430256124,-0.16552873513633173,-0.12455002430588416,0.011473515909470572,0.0,1.8389878621584759
164,1.9127,0.024455099480310376,-0.0905177982998484,-0.14116488027889465,-0.22321622606290317,-0.21886107209868955,-0.05280503046887319,0.0047526856789779385,0.011154327725780074,0.04184664720651943,-0.052805030468873276,-0.22321622606290303,-0.14116488027889473,-0.09051779829984832,0.024455099480310515,0.0,1.9614817214194764
165,2.0518,0.037404428632023104,-0.056008185346385436,-0.11512682667187912,-0.21411868566724854,-0.2478154424314919,-0.040767882638647446,-0.01214376928005103,-0.002453993229045248,0.0231313425041096,-0.04076788263864754,-0.21411868566724854,-0.11512682667187912,-0.0560081853463853,0.03740442863202326,0.0,2.104693480285793
166,2.0957,0.05030442418281214,-0.021203187649417365,-0.08772338254509528,-0.20051009020691246,-0.2686201036267615,-0.02680246006235528,-0.028022234072810348,-0.01567582070059105,0.0019665058711240205,-0.026802460062355274,-0.2005100902069124,-0.08772338254509539,-0.021203187649417615,0.05030442418281242,0.0,2.2614209127341915
167,2.3737,0.06313807201815488,0.013713634740790737,-0.05927954949809554,-0.18267714573598445,-0.2805908693570332,-0.011569311434926365,-0.04155164577791852,-0.026428773167052458,-0.019406577167020607,-0.011569311434926354,-0.18267714573598454,-0.05927954949809565,0.013713634740790653,0.06313807201815497,0.0,2.4242927455677594
168,2.8379,0.07588844553112582,0.048558132015386446,-0.030132668019721087,-0.1609955569447074,-0.28333406658119975,0.004211052540110467,-0.05159785833630648,-0.03301930640625636,-0.03872456848598146,0.004211052540110494,-0.1609955569447074,-0.030132668019721115,0.048558132015386585,0.07588844553112599,0.0,2.5869557801466203
169,2.7984,0.08853872794730784,0.08314653580504346,-0.0006284166698853483,-0.13592211180850924,-0.2767594819563621,0.019792238492108274,-0.05731871595953272,-0.034409439498719885,-0.0539417573120768,0.019792238492108327,-0.13592211180850916,-0.0006284166698854454,0.08314653580504333,0.08853872794730797,0.0,2.7451198008130064
170,2.4535,0.10107223450483943,0.11729642836638268,0.028883287627176808,-0.10798505797340033,-0.2610833286122056,0.034437273945667375,-0.058234649522989464,-0.030380232402241938,-0.06344669416214332,0.03443727394566744,-0.10798505797340044,0.028883287627176533,0.1172964283663824,0.10107223450483974,0.0,2.897301727037437
171,2.4644,0.11347243446034927,0.15082770464524842,0.05805243955615953,-0.07777297362816651,-0.23682113572195979,0.047453465285309866,-0.05426887797632463,-0.02156626807619694,-0.06623283796282099,0.047453465285309984,-0.07777297362816671,0.05805243955615946,0.15082770464524825,0.11347243446034945,0.0,3.0451490136710873
172,2.7631,0.12572297289175002,0.1835635221429638,0.08653309643224488,-0.04592236733195322,-0.20477079470495754,0.05822516138015239,-0.04575384475971531,-0.009355708367795633,-0.06200514538916144,0.05822516138015254,-0.04592236733195338,0.08653309643224483,0.18356352214296373,0.12572297289175002,0.0,3.1932781174411176
