,raw_series,harmonic_1,harmonic_2,harmonic_3,harmonic_4,harmonic_5,harmonic_6,harmonic_7,harmonic_8,harmonic_9,harmonic_10,harmonic_11,harmonic_147,harmonic_148,harmonic_149,harmonic_150,harmonic_151,harmonic_152,harmonic_153,harmonic_154,harmonic_155,all_10_harmonics
0,2.508,-0.7776132494798442,-0.186329358827301,0.17131063334303426,-0.5537700879371152,-0.30222798483528446,-0.09491887031169194,-0.20474267352517997,0.1366066926007031,-0.19967598162046254,0.07733453830655679,-0.02048951153101832,0.13660669260070313,-0.20474267352517997,-0.09491887031169208,-0.30222798483528446,-0.5537700879371154,0.1713106333430342,-0.18632935882730103,-0.7776132494798442,0.0,-3.766200752790284
1,2.502,-0.8050836189511102,-0.34805369026178157,0.19413336397881398,-0.6212093120826659,-0.3357046952777057,-0.19520017507990953,-0.10662928565320114,0.15681140290720974,-0.2262825159825845,0.04562445648149621,-0.10763352015054126,0.15681140290720974,-0.10662928565320116,-0.1952001750799096,-0.33570469527770563,-0.6212093120826659,0.1941333639788139,-0.34805369026178157,-0.8050836189511104,0.0,-4.4101636004923295
2,2.495,-0.831231238150416,-0.507491556049701,0.21408859259683694,-0.6723517282438624,-0.3554376160518308,-0.28399102923707403,1.2214752686645625e-05,0.16066887013314743,-0.22310320586601215,0.00651936306263961,-0.17372901675068214,0.16066887013314743,1.2214752686645625e-05,-0.28399102923707414,-0.3554376160518308,-0.6723517282438626,0.21408859259683688,-0.5074915560497008,-0.8312312381504162,0.0,-4.941779840054481
3,2.488,-0.8560131466080747,-0.6635955626047108,0.23088156482230515,-0.7058556660371094,-0.36061887906264734,-0.35606476265346626,0.10665273823385026,0.1477769618235502,-0.19055654775188335,-0.03364241725509408,-0.2058505497372788,0.1477769618235502,0.1066527382338502,-0.35606476265346637,-0.36061887906264734,-0.7058556660371096,0.23088156482230515,-0.6635955626047108,-0.8560131466080747,0.0,-5.3437230189168625
4,2.481,-0.8793886277135626,-0.8153402174287706,0.24426423528705668,-0.7208421830024079,-0.35103636279371997,-0.4071787578527637,0.20476327346520032,0.11947963100098048,-0.1329266980748177,-0.06835128733935149,-0.1977165214054182,0.11947963100098047,0.20476327346520026,-0.4071787578527638,-0.35103636279371997,-0.720842183002408,0.24426423528705668,-0.8153402174287707,-0.8793886277135626,0.0,-5.609552524895562
5,2.475,-0.9013192756128026,-0.96172866586982,0.2540389314541605,-0.7169181227839411,-0.3270823765869963,-0.43432419152253476,0.286497029763582,0.07872681202551501,-0.057799544468942914,-0.09198148161449797,-0.15091759972609764,0.078726812025515,0.28649702976358193,-0.4343241915225349,-0.3270823765869963,-0.7169181227839413,0.2540389314541604,-0.9617286658698198,-0.9013192756128026,0.0,-5.744918344075213
6,1.922,-0.9217690583088808,-1.1017992397491294,0.260061273396294,-0.6941864291957435,-0.28973759945225364,-0.4359031487799142,0.34531701621452265,0.029766896440494364,0.02493583390416846,-0.10070291476873958,-0.07460565173928357,0.02976689644049435,0.3453170162145226,-0.4359031487799142,-0.28973759945225364,-0.6941864291957436,0.260061273396294,-1.1017992397491292,-0.9217690583088808,0.0,-5.766873311473076
7,2.436,-0.9407043768625248,-1.2346317748385078,0.26224230640048707,-0.6532434455932035,-0.24053093095321323,-0.41182268436819064,0.37651886421399644,-0.022296152480785144,0.10438887794671547,-0.0931019787448211,0.016295970125629076,-0.02229615248078518,0.37651886421399644,-0.41182268436819064,-0.24053093095321323,-0.6532434455932037,0.26224230640048707,-1.2346317748385074,-0.940704376862525,0.0,-5.70135351963636
8,2.988,-0.9580941205950707,-1.3593536556860133,0.2605498148989868,-0.5951632703987035,-0.18147689787976398,-0.3635002938756793,0.37760707855751635,-0.07203487665521895,0.17010108624539272,-0.07041066652096843,0.10401079736952538,-0.07203487665521896,0.37760707855751624,-0.36350029387567934,-0.18147689787976395,-0.5951632703987038,0.2605498148989869,-1.359353655686013,-0.9580941205950707,0.0,-5.579231226173944
9,3.028,-0.9739097182032279,-1.475145548079968,0.2550087983184562,-0.5214695791986078,-0.11499317928448699,-0.29378047291379517,0.3484946248593063,-0.11426412373085733,0.2134226804103992,-0.03630688529684091,0.17138556219126966,-0.1142641237308574,0.3484946248593063,-0.29378047291379505,-0.11499317928448696,-0.5214695791986079,0.25500879831845624,-1.4751455480799678,-0.9739097182032277,0.0,-5.431617039161533
10,3.266,-0.9881251847016543,-1.5812467814930464,0.245701101818838,-0.4340956526308381,-0.04380162641817831,-0.2067672759950203,0.2915098904827035,-0.14458158778953092,0.2286511859895447,0.0036816748027051587,0.2052446428591741,-0.14458158778953095,0.2915098904827035,-0.2067672759950202,-0.04380162641817831,-0.43409565263083816,0.2457011018188381,-1.5812467814930462,-0.9881251847016543,0.0,-5.285236729802029
11,3.046,-1.0007171641162198,-1.6769603461476061,0.23276420737616313,-0.3353336586916213,0.029183170180163226,-0.10758273152581335,0.21121046225295517,-0.15982674003444788,0.21378205615845913,0.04307349293642345,0.19896665167350708,-0.15982674003444788,0.21121046225295517,-0.10758273152581328,0.029183170180163205,-0.33533365869162146,0.2327642073761632,-1.6769603461476057,-1.00071716411622,0.0,-5.158703400644463
12,3.087,-1.0116649678578105,-1.7616574718750921,0.21638920306595646,-0.2277745199896082,0.10097320436245195,-0.002065333806380095,0.11401861484025928,-0.1584103069502415,0.17077253267203066,0.07548377081268516,0.153779295140051,-0.1584103069502415,0.11401861484025928,-0.002065333806380049,0.10097320436245195,-0.2277745199896083,0.21638920306595652,-1.7616574718750915,-1.0116649678578107,0.0,-5.060347557796162
13,3.522,-1.0209506087136253,-1.8347817586896478,0.19681796054251743,-0.11423994347009973,0.16862938369429414,0.10357363970614765,0.007707663118071306,-0.14047994856357815,0.10528401173714994,0.09565930874131291,0.0785192870984004,-0.14047994856357815,0.007707663118071352,0.10357363970614775,0.16862938369429417,-0.11423994347009984,0.19681796054251754,-1.8347817586896478,-1.0209506087136253,0.0,-4.987984617174977
14,3.512,-1.0285588304001199,-1.8958528319410155,0.1743395624049201,0.0022916042580887384,0.22938185624458068,0.20311575500037066,-0.09921974043572841,-0.10790486521087697,0.02593682750219731,0.10032996723135668,-0.012095734473723176,-0.10790486521087696,-0.09921974043572836,0.20311575500037082,0.2293818562445807,0.002291604258088744,0.1743395624049202,-1.895852831941015,-1.0285588304001196,0.0,-4.93064391989973
15,3.036,-1.0344771326290412,-1.9444694980349455,0.14928603222033732,0.11876303402950514,0.28074340864899033,0.29070146938356434,-0.19821164009078535,-0.0640809375236728,-0.05682445307553518,0.08873870551240105,-0.10034534783382018,-0.06408093752367276,-0.1982116400907853,0.29070146938356445,0.28074340864899033,0.1187630340295052,0.1492860322203374,-1.9444694980349455,-1.0344771326290412,0.0,-4.871921623389048
16,3.0,-1.038695791645367,-1.980312379990288,0.12202743027559351,0.2321188338134551,0.3206112929173604,0.3611750532312962,-0.2813507544451641,-0.013576713358602778,-0.132105861359356,0.06276428601601966,-0.16897170389437774,-0.013576713358602768,-0.281350754445164,0.3611750532312963,0.32061129291736035,0.232118833813455,0.12202743027559365,-1.9803123799902873,-1.0386957916453667,0.0,-4.794319337641146
17,3.914,-1.0412078762034114,-2.0031460155190173,0.09296638749654204,0.339385227030836,0.34735331318346635,0.4103880818085231,-0.3419876933351748,0.038342853245815316,-0.18999801345567463,0.026616756337974282,-0.204554423220005,0.03834285324581535,-0.3419876933351748,0.4103880818085231,0.34735331318346635,0.339385227030836,0.09296638749654212,-2.0031460155190164,-1.0412078762034114,0.0,-4.6837471249225455
18,3.354,-1.0420092589548409,-2.0128204038463,0.06253215827356227,0.437748186622753,0.35987464799555985,0.43544363212808324,-0.37527276996606923,0.08626526192171963,-0.22288049454193973,-0.013844933702472159,-0.20013504812614216,0.08626526192171965,-0.37527276996606923,0.43544363212808335,0.35987464799555985,0.4377481866227532,0.06253215827356239,-2.0128204038462996,-1.0420092589548409,0.0,-4.533337568021618
19,2.91,-1.0410986232298995,-2.0092719911090966,0.031174280037609674,0.5246272582494801,0.3576626724352394,0.4348668102081358,-0.378543874416833,0.12519470720402584,-0.22642494339476593,-0.05206257629247625,-0.15657781932192172,0.12519470720402587,-0.378543874416833,0.4348668102081358,0.3576626724352394,0.5246272582494802,0.03117428003760978,-2.009271991109096,-1.0410986232298995,0.0,-4.34584286025184
20,2.8,-1.0384774652006927,-1.992524087859918,-0.0006440667601492899,0.5977432559416164,0.34080794504184064,0.4086915706482595,-0.35153938675167284,0.1510728802374899,-0.20016479987434518,-0.08184168865161842,-0.08240066739935911,0.15107288023748994,-0.3515393867516728,0.4086915706482595,0.34080794504184064,0.5977432559416164,-0.0006440667601491753,-1.9925240878599175,-1.0384774652006927,0.0,-4.134145865331774
21,2.948,-1.034150091422979,-1.9626867159330448,-0.032452900186808915,0.6551780542754162,0.31000050033519566,0.3584587178932868,-0.2964191011426894,0.16120203852879725,-0.14755671880657503,-0.09835554191271478,0.007890529996534544,0.16120203852879725,-0.2964191011426893,0.3584587178932868,0.3100005003351956,0.6551780542754164,-0.032452900186808756,-1.9626867159330441,-1.034150091422979,0.0,-3.9197607260284073
22,3.564,-1.0281236117605135,-1.9199558856791887,-0.06378237882941455,0.6954249084840832,0.2665015987213155,0.2871252068403999,-0.21759148751158372,0.15452623965463091,-0.07552556627844804,-0.0989274984620421,0.09663867727905223,0.15452623965463091,-0.21759148751158372,0.2871252068403998,0.2665015987213155,0.6954249084840834,-0.06378237882941448,-1.919955885679188,-1.0281236117605133,0.0,-3.7295652076219787
23,6.009,-1.020407927703556,-1.8646123083166417,-0.09416974172106338,0.7174279824069935,0.21209209034317647,0.198890081805674,-0.12136110614596751,0.13174142093160024,0.006447108958876345,-0.08346485307876905,0.16648843345255168,0.13174142093160024,-0.1213611061459675,0.19889008180567397,0.21209209034317647,0.7174279824069937,-0.0941697417210633,-1.8646123083166415,-1.020407927703556,0.0,-3.5913283274669094
24,7.035,-1.0110157161007534,-1.797019551857863,-0.12316614368326444,0.720610047300449,0.14899950686662528,0.09894729994594348,-0.015424374746096748,0.09522284948509717,0.08757114335467377,-0.05447385900289731,0.20378017435615384,0.09522284948509711,-0.015424374746096795,0.09894729994594337,0.14899950686662528,0.720610047300449,-0.1231661436832644,-1.7970195518578624,-1.0110157161007531,0.0,-3.5288147068717945
25,4.643,-0.9999624083311067,-1.717621652725747,-0.15034328512119202,0.7048876248592247,0.07980686607225572,-0.006820010824483332,0.09174598400853007,0.048777505887474294,0.1571680809906645,-0.016653503440853923,0.20122123079595594,0.04877750588747426,0.09174598400853003,-0.00682001082448347,0.07980686607225572,0.7048876248592248,-0.15034328512119194,-1.7176216527257466,-0.9999624083311067,0.0,-3.557322944004322
26,4.512,-0.9872661649502581,-1.6269401987495686,-0.17529973834455662,0.670673177186818,0.007346922803979473,-0.11218586192658002,0.19157858305328054,-0.0027527851745766728,0.20607679180066804,0.023866124847263085,0.15931202266167654,-0.002752785174576684,0.19157858305328052,-0.11218586192658009,0.007346922803979473,0.6706731771868182,-0.17529973834455653,-1.626940198749568,-0.987266164950258,0.0,-3.680437192893315
27,4.285,-0.9729478458527446,-1.5255709027032418,-0.1976668769693749,0.6188642862627042,-0.06541380434711849,-0.21094789668887026,0.27608890261958685,-0.05399610445037289,0.2278593623316083,0.06051742716384613,0.0862481982040035,-0.053996104450372916,0.27608890261958685,-0.21094789668887035,-0.06541380434711849,0.6188642862627044,-0.19766687696937485,-1.5255709027032411,-0.9729478458527446,0.0,-3.8885554965594054
28,3.247,-0.9570309759992468,-1.4141796888953162,-0.2171143208187231,0.5508201067725114,-0.13549648266244976,-0.29729249182839,0.3385178848077075,-0.09961044886535272,0.21964852616935926,0.08735980001548638,-0.0036820841564484856,-0.09961044886535275,0.3385178848077074,-0.2972924918283901,-0.13549648266244982,0.5508201067725116,-0.2171143208187231,-1.4141796888953158,-0.9570309759992468,0.0,-4.159446592950122
29,2.952,-0.9395417067651394,-1.2934983185190418,-0.23335481589702164,0.4683257100376702,-0.20003191905741963,-0.36613697615605945,0.3738725168424347,-0.13484062356577386,0.18252508572548512,0.10004251412777858,-0.09289230837409344,-0.13484062356577392,0.3738725168424346,-0.36613697615605956,-0.20003191905741965,0.4683257100376702,-0.23335481589702164,-1.2934983185190412,-0.9395417067651392,0.0,-4.460736974681531
30,3.421,-0.9205087729738514,-1.1643195825008346,-0.24614847735680323,0.37354525444606046,-0.2563780251834262,-0.41342882181586266,0.37932516765843716,-0.1560139604999419,0.12137564489323775,0.09650989968821244,-0.1639367709722582,-0.15601396049994193,0.3793251676584371,-0.4134288218158627,-0.2563780251834262,0.3735452544460605,-0.24614847735680323,-1.164319582500834,-0.9205087729738511,0.0,-4.753905662843251
31,3.47,-0.8999634456856247,-1.0274920934267284,-0.2553063327860179,0.2689652109107916,-0.30222798483528446,-0.4363841961773367,0.35443973924115785,-0.16092318596662955,0.04424937939739387,0.07733453830655679,-0.20292221432249669,-0.16092318596662955,0.35443973924115785,-0.4363841961773368,-0.3022279848352844,0.26896521091079184,-0.2553063327860179,-1.0274920934267275,-0.8999634456856245,0.0,-4.99912287406989
32,3.011,-0.8779394808192471,-0.8839147107601522,-0.26069311347874435,0.15732913278069488,-0.33570469527770563,-0.43365183203362206,0.30120654534630686,-0.1490565240327515,-0.038701486056101825,0.045624456481496205,-0.20222475348830646,-0.1490565240327515,0.30120654534630686,-0.43365183203362206,-0.33570469527770563,0.15732913278069494,-0.26069311347874435,-0.883914710760152,-0.8779394808192471,0.0,-5.160151139613354
33,3.01,-0.8544730636911635,-0.7345306359733946,-0.26222925246004813,0.0415656814490021,-0.3554376160518308,-0.4053925698923253,0.22388312802993043,-0.12165104804623782,-0.1165580275413678,0.00651936306263961,-0.16198078197173954,-0.12165104804623782,0.2238831280299305,-0.40539256989232536,-0.3554376160518308,0.0415656814490022,-0.26222925246004813,-0.7345306359733942,-0.8544730636911635,0.0,-5.208550199722602
34,3.009,-0.8296027495630974,-0.5803212163835504,-0.25989205975259533,-0.07528820416327511,-0.3606188790626474,-0.35326989010537974,0.12865374333708138,-0.0815637184664968,-0.17907189323033956,-0.033642417255094065,-0.09006029897926389,-0.08156371846649675,0.1286537433370814,-0.35326989010537974,-0.3606188790626474,-0.07528820416327511,-0.2598920597525954,-0.5803212163835497,-0.8296027495630974,0.0,-5.126580557784617
35,3.009,-0.8033694002958577,-0.4222994983973475,-0.2537160575254103,-0.19016697867713334,-0.35103636279371997,-0.2803519921637054,0.023134750171606072,-0.032973551034358665,-0.21801430648471506,-0.06835128733935149,-0.0005278742526254004,-0.032973551034358624,0.023134750171606096,-0.28035199216370527,-0.35103636279371997,-0.1901669786771334,-0.2537160575254103,-0.4222994983973473,-0.8033694002958577,0.0,-4.908451649508547
36,3.008,-0.7758161172134068,-0.26150357251546263,-0.2437924701743677,-0.30005691178731725,-0.32708237658699635,-0.19093118525512717,-0.08423453910810011,0.01905403640675144,-0.22825922979433527,-0.09198148161449797,0.08910778009556193,0.019054036406751452,-0.08423453910810005,-0.19093118525512714,-0.3270823765869963,-0.3000569117873172,-0.24379247017436775,-0.26150357251546247,-0.7758161172134067,0.0,-4.559859203781324
37,3.499,-0.7469881702875004,-0.09898975381491552,-0.23026787686633152,-0.4020751504771744,-0.2897375994522537,-0.09027122165324307,-0.18486682715634137,0.06909528255486581,-0.20845811136733333,-0.10070291476873958,0.16131776465483402,0.06909528255486586,-0.18486682715634137,-0.09027122165324297,-0.2897375994522537,-0.40207515047717446,-0.23026787686633154,-0.09898975381491543,-0.7469881702875003,0.0,-4.096045895787027
38,4.583,-0.7169329237592418,0.06417435729106245,-0.21334204644991836,-0.49354534779811066,-0.2405309309532133,0.01570255385265895,-0.2707136358110176,0.11193349780915321,-0.16121739665270818,-0.09310197874482107,0.20198089556174925,0.11193349780915325,-0.2707136358110175,0.015702553852658997,-0.24053093095321323,-0.49354534779811066,-0.21334204644991847,0.06417435729106265,-0.7169329237592419,0.0,-3.538847431473034
39,5.517,-0.6856997583197582,0.22691688842980645,-0.19326498671295286,-0.5720678741678961,-0.18147689787976393,0.12075199914503786,-0.3349090160000778,0.1431028926612195,-0.09275543873638945,-0.07041066652096843,0.20314520396457067,0.14310289266121956,-0.33490901600007766,0.12075199914503797,-0.18147689787976393,-0.5720678741678961,-0.19326498671295295,0.22691688842980673,-0.685699758319758,0.0,-2.913314406981556
40,6.121,-0.6533399899778553,0.38816873670973906,-0.17033325157139484,-0.635582769264293,-0.11499317928448703,0.21869338276793313,-0.37231868005521723,0.15935412640704416,-0.012083968915192488,-0.03630688529684089,0.16458300094838793,0.15935412640704422,-0.3723186800552172,0.21869338276793326,-0.11499317928448703,-0.6355827692642931,-0.17033325157139492,0.38816873670973906,-0.6533399899778551,0.0,-2.244511101800707
41,6.717,-0.6199067857479489,0.5468705919673643,-0.14488556073545467,-0.6824237830337375,-0.043801626418178294,0.30376138903535044,-0.37995063733368173,0.1589930437525805,0.07017812852135678,0.0036816748027051587,0.09383540374642664,0.1589930437525805,-0.3799506373336816,0.3037613890353505,-0.04380162641817831,-0.6824237830337377,-0.14488556073545478,0.5468705919673642,-0.6199067857479487,0.0,-1.5549915299569235
42,7.528,-0.5854550762968004,0.7019798956829919,-0.1172977965538629,-0.7113620881029986,0.029183170180163216,0.3709484931118413,-0.3571944908875218,0.14205728676859158,0.14320259302428678,0.043073492936423464,0.0047376158154268785,0.14205728676859156,-0.3571944908875218,0.37094849311184136,0.029183170180163216,-0.7113620881029987,-0.11729779655386297,0.7019798956829916,-0.5854550762968002,0.0,-0.8632675104190545
43,7.524,-0.5500414656925751,0.8524776898500536,-0.08797745193682704,-0.7216385168422069,0.10097320436245195,0.4162997287645395,-0.305870256452022,0.11031237078775087,0.19737712497168755,0.07548377081268515,-0.08528664709562325,0.11031237078775084,-0.3058702564520219,0.41629972876453963,0.100973204362452,-0.721638516842207,-0.08797745193682717,0.8524776898500536,-0.5500414656925751,0.0,-0.1833551456289208
44,7.655,-0.5137241384045075,0.9973753108058042,-0.05735761136620808,-0.7129834773719906,0.16862938369429417,0.4371454972945496,-0.23008279925535435,0.06706763332308421,0.22557066443042878,0.09565930874131291,-0.15863249036589389,0.06706763332308417,-0.23008279925535435,0.4371454972945496,0.1686293836942942,-0.7129834773719907,-0.0573576113662082,0.9973753108058042,-0.5137241384045073,0.0,0.47473708024519123
45,8.859,-0.47656276370597017,1.1357208840496902,-0.025890553898115183,-0.6856240260380926,0.2293818562445807,0.4322587133591175,-0.13589353066000429,0.016831242927286775,0.22407206130137233,0.10032996723135668,-0.20095660475968644,0.01683124292728673,-0.13589353066000429,0.4322587133591175,0.2293818562445807,-0.6856240260380928,-0.025890553898115273,1.1357208840496902,-0.4765627637059701,0.0,1.103889068330028
46,10.868,-0.4386183976380152,1.266605577383041,0.005958927353412464,-0.6402779108141406,0.28074340864899033,0.40192703730195956,-0.03083562203767361,-0.03515976744116202,0.19307857854822327,0.08873870551240105,-0.20398220411148818,-0.035159767441162025,-0.030835622037673645,0.40192703730195956,0.2807434086489903,-0.640277910814141,0.005958927353412327,1.2666055773830407,-0.4386183976380151,0.0,1.698521585461959
47,11.209,-0.3999533826944585,1.3891695712913954,0.037720390575172486,-0.5781347418979658,0.32061129291736035,0.3479359420384693,0.07668849137238902,-0.08348544955948947,0.1366699262322284,0.06276428601601965,-0.16711761062210442,-0.0834854495594895,0.07668849137238902,0.3479359420384692,0.32061129291736035,-0.5781347418979659,0.03772039057517239,1.3891695712913952,-0.3999533826944583,0.0,2.2534208297118887
48,11.396,-0.3606312453933262,1.5026077073482873,0.06892469404928249,-0.5008247834721359,0.34735331318346635,0.2734636112629381,0.1780791295324484,-0.12310795759520816,0.06227124428450931,0.026616756337974275,-0.09757196172442474,-0.12310795759520819,0.17807912953244837,0.2734636112629381,0.34735331318346635,-0.5008247834721361,0.0689246940492824,1.502607707348287,-0.36063124539332625,0.0,2.7630449767295633
49,11.381,-0.3207165919029527,1.606174777534492,0.09911092574423579,-0.4103761853458036,0.35987464799555985,0.18289385579067866,0.26522716213353775,-0.14989673242880705,-0.020324277749148738,-0.013844933702472159,-0.008945411205774377,-0.14989673242880708,0.26522716213353775,0.18289385579067857,0.35987464799555985,-0.41037618534580367,0.09911092574423572,1.6061747775344917,-0.32071659190295254,0.0,3.221469096384486
50,11.885,-0.2802750018942155,1.6991904197256549,0.1278332113470359,-0.30916177646317294,0.3576626724352394,0.08155806070719684,0.33116256940502825,-0.16105910333662324,-0.10024449023204804,-0.05206257629247627,0.08143047906335249,-0.16105910333662327,0.3311625694050282,0.08155806070719672,0.3576626724352394,-0.30916177646317305,0.12783321134703585,1.6991904197256547,-0.2802750018942154,0.0,3.622945516391115
51,11.328,-0.23937292079330774,1.7810435871884318,0.15466730017643662,-0.19983681609793397,0.34080794504184064,-0.02457864640469727,0.3706118979074096,-0.15543141775766592,-0.1669693977974097,-0.08184168865161841,0.15588205119337412,-0.1554314177576659,0.3706118979074095,-0.024578646404697337,0.3408079450418406,-0.1998368160979342,0.15466730017643654,1.7810435871884314,-0.2393729207933076,0.0,3.9628928232653724
52,11.316,-0.1980775506120784,1.851196562723718,0.1792168316981851,-0.08526933576911884,0.31000050033519555,-0.12926853246489864,0.38042002650492135,-0.13360034950796273,-0.21171591921172797,-0.09835554191271478,0.19984976268629506,-0.13360034950796273,0.38042002650492135,-0.12926853246489875,0.31000050033519555,-0.08526933576911888,0.17921683169818503,1.8511965627237172,-0.19807755061207827,0.0,4.239014607377775
53,12.336,-0.1564567395353024,1.9091884910868946,0.2011191900809226,0.03153510071111623,0.26650159872131546,-0.22634903145747487,0.3598025100621185,-0.09784173932849329,-0.22859401510531485,-0.09892749846204207,0.20473541009648719,-0.09784173932849327,0.35980251006211844,-0.22634903145747498,0.26650159872131546,0.03153510071111616,0.2011191900809226,1.9091884910868944,-0.15645673953530248,0.0,4.452212657211323
54,12.785,-0.1145788704462917,1.954638406479611,0.22005086031636367,0.14751224521252804,0.2120920903431764,-0.3101055036362581,0.3104083186468096,-0.05188334350476823,-0.2153820010621214,-0.08346485307876907,0.1695835697967007,-0.05188334350476818,0.3104083186468096,-0.3101055036362582,0.2120920903431764,0.14751224521252804,0.22005086031636367,1.9546384064796103,-0.1145788704462916,0.0,4.607005122478149
55,13.142,-0.07251274857399709,1.9872477352246076,0.23573220678965562,0.2596195527864959,0.14899950686662528,-0.37560762756822513,0.2361879544154214,-0.000516223491470153,-0.17381899065807754,-0.05447385900289729,0.10126843796688592,-0.0005162234914701071,0.2361879544154214,-0.3756076275682252,0.14899950686662528,0.25961955278649596,0.23573220678965562,1.9872477352246074,-0.07251274857399699,0.0,4.711276301204139
56,12.8,-0.030327488446198366,2.0068022571828124,0.24793160371668932,0.3649159998043645,0.07980686607225573,-0.4189996233102932,0.14307749407141782,0.050904711682859025,-0.10937597381295452,-0.016653503440853933,0.013149531896957459,0.05090471168285903,0.14307749407141782,-0.41899962331029333,0.07980686607225575,0.36491599980436445,0.24793160371668932,2.0068022571828115,-0.030327488446198182,0.0,4.775343696190963
57,12.51,0.011907599665484133,2.013173513027566,0.2564688564385628,0.4606392387850055,0.007346922803979473,-0.4377272227436703,0.03852382689135577,0.09701894287776913,-0.030535663692423772,0.02386612484726308,-0.07754086007991938,0.09701894287776917,0.03852382689135577,-0.4377272227436703,0.007346922803979473,0.46063923878500573,0.25646885643856276,2.013173513027565,0.011907599665484407,0.0,4.810492956567025
58,12.526,0.05412312362218298,2.0063196481311985,0.2612178630379942,0.5442780658314944,-0.06541380434711848,-0.43068802646597504,-0.06911094065389901,0.1330191631446525,0.05232409320616144,0.060517427163846116,-0.15306757699439322,0.13301916314465254,-0.06911094065389897,-0.43068802646597515,-0.06541380434711852,0.5442780658314945,0.26121786303799427,2.006319648131198,0.05412312362218298,0.0,4.827264127976673
59,12.725,0.0962497234288862,1.9862856875202235,0.26210847696352485,0.6136382995658289,-0.13549648266244982,-0.39829639648860055,-0.17121827851030016,0.1551524288789869,0.12829636568749106,0.08735980001548635,-0.19866082402292493,0.15515242887898698,-0.1712182785103001,-0.39829639648860055,-0.13549648266244982,0.613638299565829,0.2621084769635249,1.986285687520223,0.0962497234288863,0.0,4.833842259072251
60,13.24,0.13821818519272683,1.9532032400928752,0.25912754314909014,0.6669003432934123,-0.20003191905741963,-0.3424590648332479,-0.2596317353840692,0.16111139591817922,0.18738083055825208,0.10004251412777858,-0.205404512508928,0.16111139591817925,-0.25963173538406914,-0.3424590648332478,-0.20003191905741963,0.6669003432934123,0.25912754314909014,1.953203240092875,0.1382181851927269,0.0,4.834894808920197
61,13.514,0.17995955484122703,1.907289634042081,0.2523190923246607,0.7026669203112077,-0.25637802518342623,-0.26646289382663446,-0.32728008403109154,0.1502748550842437,0.22180012740637078,0.09650989968821244,-0.1719798654770321,0.15027485508424368,-0.32728008403109143,-0.2664628938266344,-0.2563780251834261,0.7026669203112078,0.25231909232466077,1.9072896340420804,0.1799595548412271,0.0,4.831108268742088
62,13.653,0.2214052514136581,1.8488464891635294,0.2417836906478344,0.7199997300712684,-0.3022279848352844,-0.17478139507920412,-0.3687528715306633,0.12377249187122365,0.22702360206914132,0.07733453830655679,-0.10492331399267531,0.12377249187122362,-0.3687528715306633,-0.17478139507920404,-0.3022279848352844,0.7199997300712687,0.24178369064783448,1.8488464891635288,0.2214052514136584,0.0,4.819525629827746
63,13.566,0.26248717973937913,1.7782577354277398,0.22767695426282764,0.7184440635616807,-0.33570469527770563,-0.0728113964005294,-0.38073314235105976,0.08436711922269777,0.20236368218478348,0.04562445648149621,-0.017348250871801002,0.08436711922269775,-0.3807331423510597,-0.07281139640052936,-0.3357046952777057,0.7184440635616808,0.22767695426282775,1.7782577354277393,0.26248717973937913,0.0,4.794607524164539
64,13.046,0.30313784231802315,1.6959870908327297,0.21020725072799792,0.6980407321448967,-0.35543761605183083,0.033444642256949667,-0.36226272541275834,0.0361666603727119,0.1510663831838005,0.006519363062639627,0.07361938796786088,0.03616666037271185,-0.36226272541275834,0.033444642256949784,-0.35543761605183083,0.6980407321448968,0.21020725072799804,1.695987090832729,0.30313784231802327,0.0,4.74977288859174
65,12.482,0.3432904502177134,1.6025750151059774,0.18963262126361277,0.6593249969122641,-0.36061887906264734,0.1377319633664014,-0.31481886773315326,-0.01580409309593095,0.07988403130574132,-0.03364241725509408,0.15019022393111622,-0.015804093095930994,-0.31481886773315326,0.13773196336640153,-0.36061887906264734,0.6593249969122643,0.18963262126361285,1.602575015105977,0.3432904502177135,0.0,4.679058251930239
66,12.132,0.38287903280910274,1.4986351592677107,0.16625696928068068,0.6033125266420629,-0.35103636279371997,0.23391169788184968,-0.24219608556409639,-0.06612730469760894,-0.0018135533664728276,-0.06835128733935149,0.19739027717550975,-0.06612730469760894,-0.24219608556409639,0.23391169788184976,-0.35103636279371997,0.6033125266420631,0.1662569692806808,1.49863515926771,0.3828790328091028,0.0,4.578496702121647
67,12.507,0.42183854615494465,1.3848503343793614,0.14042557148926144,0.5314727527400501,-0.32708237658699635,0.31632222952256345,-0.1502026824599938,-0.10955689055451676,-0.08327241778982901,-0.09198148161449798,0.20598923648720627,-0.1095568905545168,-0.1502026824599938,0.31632222952256356,-0.32708237658699635,0.5314727527400501,0.14042557148926152,1.384850334379361,0.4218385461549449,0.0,4.446870306452228
68,12.489,0.46010497987711113,1.261968025959647,0.11251997789070593,0.4456903201691212,-0.2897375994522537,0.3801124655922345,-0.04619620648321017,-0.141565412076545,-0.15377003195979125,-0.10070291476873956,0.17430551328512742,-0.14156541207654502,-0.0461962064832102,0.3801124655922346,-0.2897375994522537,0.4456903201691214,0.11251997789070604,1.2619680259596469,0.46010497987711113,0.0,4.285625669510218
69,11.893,0.4976154623254762,1.1307954835353893,0.08295237598493974,0.3482156456645832,-0.24053093095321335,0.4215273963593095,0.0615049997462907,-0.15881605145408667,-0.20402670865586264,-0.09310197874482108,0.10853508840967474,-0.1588160514540867,0.06150499974629065,0.4215273963593096,-0.24053093095321335,0.34821564566458324,0.08295237598493985,1.1307954835353884,0.49761546232547627,0.0,4.097935163426368
70,11.598,0.5343083638758717,0.9921944175852185,0.05215950243786776,0.2416058802910459,-0.18147689787976395,0.43812913355681093,0.16428709246939183,-0.15951046755906215,-0.22742710002589,-0.07041066652096843,0.021539843332109197,-0.15951046755906215,0.16428709246939183,0.43812913355681105,-0.18147689787976395,0.24160588029104602,0.05215950243786785,0.9921944175852183,0.5343083638758717,0.0,3.887096126340012
71,11.386,0.5701233981873975,0.847075338713501,0.020596192138347073,0.12865782512949261,-0.114993179284487,0.4289404165790684,0.25392965411653273,-0.1435762690432873,-0.2208909839189853,-0.036306885296840896,-0.06966767363470969,-0.14357626904328727,0.2539296541165327,0.4289404165790684,-0.11499317928448703,0.12865782512949284,0.02059619213834721,0.8470753387135005,0.5701233981873977,0.0,3.6546412102225947
72,11.024,0.6050017212527231,0.6963915762420755,-0.01127134006978517,0.012334559984704323,-0.0438016264181783,0.39450213888874647,0.3232631547703782,-0.11267456097694345,-0.18527871729648782,0.0036816748027051643,-0.14725117399581322,-0.11267456097694344,0.3232631547703782,0.39450213888874647,-0.0438016264181783,0.012334559984704369,-0.0112713400697851,0.6963915762420753,0.6050017212527232,0.0,3.398643030857845
73,11.099,0.6388860280786346,0.5411330155134195,-0.04297238574654273,-0.10431229006412905,0.02918317018016321,0.33684150834448745,0.3667423645972697,-0.07002677830672402,-0.12527798639233134,0.04307349293642345,-0.1960386440739342,-0.07002677830672399,0.3667423645972696,0.33684150834448745,0.029183170180163254,-0.10431229006412902,-0.04297238574654264,0.5411330155134193,0.6388860280786346,0.0,3.112706127663315
74,10.687,0.6717206468379899,0.38231959504671376,-0.07403869558856,-0.21822261100993903,0.100973204362452,0.25935271569022783,0.38088985624675903,-0.020078858363920433,-0.048786760837792105,0.07548377081268515,-0.20648934183166373,-0.020078858363920378,0.380889856246759,0.25935271569022783,0.100973204362452,-0.2182226110099391,-0.07403869558855991,0.3823195950467133,0.67172064683799,0.0,2.786039374586675
75,10.876,0.7034516303383844,0.2209946062658663,-0.10401139583848545,-0.3264080789628819,0.16862938369429417,0.1665971356508591,0.3645741263038111,0.03196223830181283,0.03412632574575202,0.09565930874131291,-0.17655955786456307,0.03196223830181288,0.36457412630381103,0.16659713565085899,0.16862938369429417,-0.326408078962882,-0.10401139583848537,0.22099460626586628,0.7034516303383844,0.0,2.4048053681298227
76,10.413,0.7340268446572453,0.05821783981553861,-0.1324477662102087,-0.42603055585317295,0.22938185624458068,0.06403482178886212,0.3191000918948413,0.08067134208162072,0.11254732231130081,0.10032996723135668,-0.11210227753154199,0.08067134208162072,0.31910009189484123,0.06403482178886205,0.22938185624458063,-0.42603055585317295,-0.1324477662102086,0.05821783981553847,0.7340268446572454,0.0,1.9546839608497297
77,10.473,0.7633960547977311,-0.10494137651099959,-0.15892777921465015,-0.5144765451584181,0.2807434086489903,-0.042296899333406496,0.24810472461198654,0.12097063628001484,0.17615357711785357,0.08873870551240105,-0.025722587407198023,0.12097063628001485,0.24810472461198654,-0.042296899333406614,0.2807434086489903,-0.5144765451584181,-0.15892777921465007,-0.10494137651099959,0.7633960547977313,0.0,1.4243141434655535
78,9.367,0.7915110072246978,-0.26741120249631,-0.1830603042951438,-0.5894257543835458,0.32061129291736035,-0.1461388151438088,0.15726616885868558,0.14865900831192172,0.21657252101081406,0.06276428601601965,0.06568734041124671,0.14865900831192172,0.15726616885868558,-0.1461388151438089,0.3206112929173604,-0.589425754383546,-0.1830603042951438,-0.26741120249631,0.7915110072246978,0.0,0.8090469494257941
79,9.382,0.8183255091451315,-0.4281243267280672,-0.2044888851324687,-0.6489119656249227,0.34735331318346635,-0.2413782753617388,0.0538496090646782,0.16085000642881225,0.22848375894524903,0.026616756337974293,0.14425163452530673,0.16085000642881228,0.05384960906467822,-0.2413782753617389,0.34735331318346635,-0.6489119656249227,-0.20448888513246868,-0.4281243267280674,0.8183255091451316,0.0,0.11430211975831162
80,7.119,0.8437955044027867,-0.5860249780773086,-0.22289700478420277,-0.6913746173399863,0.35987464799555985,-0.322409012915922,-0.05387379310567403,0.15627274595063878,0.21031940009617262,-0.013844933702472166,0.19460647995762945,0.15627274595063878,-0.05387379310567398,-0.3224090129159221,0.35987464799555985,-0.6913746173399864,-0.2228970047842027,-0.5860249780773086,0.8437955044027867,0.0,-0.642192069396887
81,5.379,0.8678791458623334,-0.7400758613652122,-0.23801276088816245,-0.7156997441260181,0.35766267243523936,-0.38446115663456093,-0.1572884186822488,0.13540439619221217,0.16447044124645344,-0.05206257629247627,0.2069046231032603,0.13540439619221217,-0.1572884186822487,-0.384461156634561,0.3576626724352393,-0.7156997441260183,-0.23801276088816245,-0.7400758613652122,0.8678791458623334,0.0,-1.4298709663555977
82,4.423,0.8905368641640922,-0.8892649716560015,-0.24961288187350783,-0.7212492004937016,0.3408079450418406,-0.4238820095238277,-0.2481232606976219,0.10042043661399751,0.09697203695444422,-0.08184168865161842,0.1787410732729154,0.10042043661399748,-0.2481232606976219,-0.4238820095238278,0.3408079450418406,-0.7212492004937017,-0.24961288187350777,-0.8892649716560012,0.8905368641640924,0.0,-2.2068627352737193
83,4.379,0.9117314327363872,-1.0326122424109068,-0.257526024856924,-0.707877401978859,0.3100005003351956,-0.43835106463241336,-0.31911343174340934,0.05496786788395176,0.01670908477430035,-0.09835554191271478,0.11562341598719628,0.05496786788395174,-0.3191134317434092,-0.43835106463241347,0.31000050033519555,-0.7078774019788591,-0.25752602485692405,-1.0326122424109065,0.9117314327363872,0.0,-2.9235837704851737
84,4.681,0.9314280289587068,-1.1691759838295324,-0.26163530651136896,-0.6759351444059625,0.26650159872131546,-0.42701660160173854,-0.3645812030064501,0.003785020097278563,-0.0657533046814434,-0.09892749846204207,0.029894764861225245,0.0037850200972785056,-0.36458120300645,-0.42701660160173854,0.26650159872131546,-0.6759351444059625,-0.26163530651136896,-1.1691759838295324,0.9314280289587068,0.0,-3.528045221437763
85,4.947,0.9495942913751768,-1.2980590690833005,-0.2618800295244686,-0.6262604011088423,0.21209209034317644,-0.39054582315128566,-0.3808901038152782,-0.04779240769089915,-0.1395605061802333,-0.08346485307876908,-0.06168002338465057,-0.04779240769089919,-0.3808901038152782,-0.3905458231512856,0.21209209034317644,-0.6262604011088424,-0.2618800295244686,-1.2980590690833003,0.9495942913751768,0.0,-3.9721882879550954
86,5.451,0.9662003728643475,-1.4184148278018038,-0.2582565791454171,-0.560156339534347,0.14899950686662525,-0.3310855802168186,-0.36673576323136575,-0.09438758233010731,-0.19499718747156614,-0.05447385900289731,-0.141192837705008,-0.09438758233010733,-0.36673576323136564,-0.33108558021681855,0.14899950686662525,-0.5601563395343472,-0.2582565791454171,-1.4184148278018032,0.9662003728643477,0.0,-4.218337469237245
87,6.076,0.9812189896779365,-1.5294526080960513,-0.2508184765776812,-0.4793571339414774,0.07980686607225573,-0.2521359976546806,-0.3232502324412456,-0.13114305957785405,-0.22476615035968886,-0.016653503440853926,-0.19309437314748537,-0.13114305957785408,-0.3232502324412456,-0.25213599765468053,0.07980686607225573,-0.47935713394147755,-0.2508184765776812,-1.5294526080960509,0.9812189896779366,0.0,-4.244777332025624
88,5.285,0.9946254662679545,-1.6304429705800616,-0.23967558842885528,-0.3859824710658055,0.007346922803979486,-0.15834443953010421,-0.25391144434021135,-0.15422716195423836,-0.22494886983162204,0.02386612484726308,-0.20723490970796657,-0.15422716195423838,-0.25391144434021135,-0.15834443953010416,0.00734692280397944,-0.38598247106580574,-0.23967558842885536,-1.6304429705800614,0.9946254662679545,0.0,-4.049541028347011
89,2.208,1.006397775828566,-1.7207224802697672,-0.22499250389471467,-0.28248194224778794,-0.06541380434711852,-0.05523194221471662,-0.1642650516471014,-0.1612334226727422,-0.19552129429968304,0.060517427163846116,-0.18084916336213,-0.16123342267274227,-0.1642650516471014,-0.05523194221471653,-0.06541380434711855,-0.282481942247788,-0.22499250389471476,-1.7207224802697667,1.006397775828566,0.0,-3.6517397734287322
90,2.48,1.0165165764860757,-1.7996980648798588,-0.2069861036477291,-0.17157078084213928,-0.13549648266244982,0.051131781201830616,-0.06148089068279614,-0.1514314544979489,-0.14035701154140398,0.08735980001548636,-0.11909705732278072,-0.1514314544979489,-0.06148089068279614,0.051131781201830755,-0.13549648266244982,-0.17157078084213934,-0.20698610364772912,-1.7996980648798586,1.0165165764860755,0.0,-3.09012510789873
91,2.39,1.024965243077572,-1.8668509108876514,-0.1859223563394611,-0.05615863077336829,-0.2000319190574197,0.15448563433360848,0.04622045556710803,-0.1258430910047812,-0.06671736360030041,0.10004251412777858,-0.03405466179902704,-0.1258430910047812,0.04622045556710798,0.15448563433360857,-0.20003191905741965,-0.056158630773368516,-0.18592235633946122,-1.8668509108876508,1.024965243077572,0.0,-2.419000661440335
92,6.353,1.0317298944660303,-1.9217398717696017,-0.1621123900350206,0.060726785076479696,-0.25637802518342623,0.24874569669034807,0.1502251321447906,-0.08713586268082935,0.015704372552956498,0.09650989968821244,0.05764736872681771,-0.08713586268082932,0.1502251321447906,0.24874569669034816,-0.25637802518342623,0.060726785076479745,-0.16211239003502068,-1.9217398717696013,1.0317298944660303,0.0,-1.702015641614471
93,8.834,1.0367994163469811,-1.9640043660207762,-0.1359078966075682,0.1760190941640021,-0.30222798483528446,0.328363353417265,0.2422149403445788,-0.03934491275328037,0.0960589229297664,0.07733453830655677,0.13807604006274585,-0.03934491275328034,0.24221494034457877,0.3283633534172651,-0.30222798483528446,0.17601909416400208,-0.13590789660756833,-1.9640043660207762,1.0367994163469811,0.0,-1.0047072105890953
94,9.054,1.0401654795092863,-1.9933667459193491,-0.1076959369735661,0.2866937175160135,-0.33570469527770574,0.3886519142897532,0.3148326196212599,0.012547657597511926,0.1637691197348796,0.04562445648149621,0.19150294480417346,0.012547657597511993,0.31483261962125986,0.3886519142897533,-0.33570469527770574,0.2866937175160136,-0.1076959369735662,-1.9933667459193485,1.0401654795092863,0.0,-0.38685545825304235
95,9.15,1.041822553520008,-2.009634121475017,-0.07789322389952366,0.3898472165484054,-0.3554376160518308,0.42606249554870124,0.3622702745450829,0.06313216230361608,0.20992218690647207,0.00651936306263961,0.2074800659668426,0.06313216230361615,0.36227027454508287,0.42606249554870135,-0.3554376160518308,0.3898472165484054,-0.07789322389952374,-2.0096341214750164,1.041822553520008,0.0,0.10426109801483952
96,9.867,1.0417679158108981,-2.0126996275792974,-0.04693996682766612,0.4827734618874738,-0.3606188790626473,0.43839292480307124,0.38073388495491817,0.10713527825708065,0.22844293973564828,-0.033642417255094086,0.1828829621466516,0.10713527825708068,0.38073388495491806,0.43839292480307124,-0.3606188790626473,0.4827734618874738,-0.04693996682766625,-2.0126996275792965,1.0417679158108981,0.0,0.4387734691148688
97,9.228,1.0400016561515695,-2.0025431260334203,-0.015293369637278224,0.5630346259805047,-0.3510363627937199,0.42491737182088524,0.3687467482132796,0.1399697776195105,0.2168934688638231,-0.06835128733935152,0.122521774595853,0.13996977761951052,0.3687467482132796,0.42491737182088524,-0.3510363627937199,0.5630346259805047,-0.015293369637278316,-2.0025431260334194,1.0400016561515695,0.0,0.6066585987629873
98,8.479,1.036526676502004,-1.9792313378420006,0.016579122615114454,0.6285251370751369,-0.32708237658699635,0.3864290744972168,0.3272675845297777,0.158212736212209,0.17679404527483963,-0.09198148161449798,0.03820056937017153,0.15821273621220902,0.32726758452977767,0.38642907449721686,-0.3270823765869963,0.6285251370751371,0.016579122615114364,-1.9792313378420001,1.036526676502004,0.0,0.6174663670354377
99,8.381,1.0313486862446417,-1.9429174049034035,0.04820672822578253,0.677526916798514,-0.2897375994522537,0.32519364493676894,0.2596138593974837,0.15996236581636877,0.11342300516502472,-0.10070291476873958,-0.053591033018128925,0.15996236581636877,0.2596138593974837,0.3251936449367689,-0.2897375994522537,0.6775269167985141,0.04820672822578244,-1.9429174049034028,1.0313486862446415,0.0,0.49752345150596167
100,7.794,1.0244761928038792,-1.893839883976194,0.07912228265872534,0.7087544522333129,-0.2405309309532133,0.24481570428664298,0.1711964557434656,0.14503627140261113,0.035121956090612694,-0.09310197874482107,-0.13490252195259547,0.14503627140261113,0.17119645574346562,0.24481570428664287,-0.2405309309532133,0.7087544522333131,0.07912228265872523,-1.8938398839761938,1.024476192803879,0.0,0.28517854379165586
101,7.364,1.0159204876683934,-1.8323211795305967,0.10886913893219986,0.7213885200696006,-0.18147689787976398,0.1500266968546135,0.06908691647170484,0.11499046541073046,-0.04780223904243268,-0.07041066652096843,-0.1898328486729794,0.11499046541073046,0.06908691647170488,0.15002669685461345,-0.18147689787976395,0.721388520069601,0.10886913893219972,-1.8323211795305958,1.0159204876683934,0.0,0.02492254175738462
102,7.93,1.0056956278392575,-1.7587654257800138,0.13700791265272588,0.7150976781129599,-0.114993179284487,0.046406373826470046,-0.0385481310568373,0.07295715688289402,-0.12443416695514692,-0.03630688529684089,-0.2076399911717735,0.07295715688289398,-0.0385481310568373,0.04640637382646993,-0.114993179284487,0.71509767811296,0.13700791265272583,-1.758765425780013,1.0056956278392573,0.0,-0.2386650170378224
103,7.293,0.9938184127343213,-1.6736558318061563,0.16312297206712567,0.6900469603405592,-0.04380162641817831,-0.05994565856757342,-0.14310013439530797,0.023318225575586576,-0.18468667320256926,0.0036816748027051587,-0.18484163415916388,0.02331822557558654,-0.14310013439530794,-0.059945658567573466,-0.04380162641817826,0.6900469603405595,0.16312297206712562,-1.673655831806156,0.9938184127343213,0.0,-0.46623999349827416
104,7.484,0.9803083565868161,-1.5775515072184294,0.18682857726944052,0.6468935473990289,0.02918317018016326,-0.1627689921331667,-0.23620712014536666,-0.0287515793456583,-0.22062864665689436,0.04307349293642344,-0.12589616096156142,-0.02875157934565838,-0.23620712014536666,-0.1627689921331668,0.02918317018016327,0.646893547399029,0.1868285772694405,-1.5775515072184287,0.9803083565868159,0.0,-0.6275824094963763
105,6.622,0.9651876563835176,-1.4710837892007327,0.20777457788182402,0.5867695261243177,0.10097320436245195,-0.25601093539339065,-0.3104224769252957,-0.07782409549963248,-0.22752900137045542,0.07548377081268515,-0.04233078447094039,-0.07782409549963254,-0.3104224769252956,-0.25601093539339076,0.10097320436245195,0.5867695261243177,0.207774577881824,-1.4710837892007322,0.9651876563835173,0.0,-0.7036486795625914
106,7.239,0.9484811553951555,-1.3549520950743765,0.22565158505019692,0.5112521903703701,0.16862938369429417,-0.3341828050339418,-0.359810528523009,-0.1187836212519411,-0.20447943520840348,0.09565930874131291,0.0495126825669401,-0.11878362125194111,-0.3598105285230089,-0.3341828050339419,0.16862938369429414,0.5112521903703702,0.22565158505019686,-1.3549520950743759,0.9484811553951555,0.0,-0.6867369146466533
107,7.02,0.930216302358987,-1.2299193276228289,0.24019554136023272,0.4223226622748213,0.22938185624458063,-0.3926830170300583,-0.38042126383906366,-0.14736021633341878,-0.15451399077019914,0.10032996723135669,0.13167358702891988,-0.14736021633341878,-0.38042126383906366,-0.39268301703005837,0.22938185624458063,0.42232266227482146,0.24019554136023272,-1.2299193276228284,0.930216302358987,0.0,-0.579045361683418
108,7.961,0.9104231063805903,-1.0968068633620436,0.2511916211724305,0.3223139194916182,0.2807434086489903,-0.42806795870873754,-0.3706062551539532,-0.16057483370060313,-0.08420968064951409,0.08873870551240105,0.18808477081524974,-0.16057483370060316,-0.3706062551539531,-0.4280679587087376,0.2807434086489903,0.32231391949161836,0.25119162117243055,-1.0968068633620431,0.9104231063805903,0.0,-0.39015391478527905
109,8.38,0.8891340876289853,-0.9564891566798852,0.25847740376526857,0.21384959184438712,0.3206112929173604,-0.438254696872981,-0.33115049786622247,-0.15704987862305297,-0.0028207472182945853,0.06276428601601966,0.2077146196268394,-0.15704987862305297,-0.33115049786622247,-0.438254696872981,0.3206112929173604,0.21384959184438712,0.25847740376526857,-0.9564891566798848,0.889134087628985,0.0,-0.134085549347716
110,9.197,0.8663842239060805,-0.8098879952916097,0.26194527241662496,0.09977513300943044,0.34735331318346635,-0.422643589582324,-0.2652096272799921,-0.13715281989724917,0.07893948462099236,0.026616756337974296,0.1867243747937921,-0.13715281989724917,-0.2652096272799921,-0.422643589582324,0.34735331318346635,0.09977513300943044,0.26194527241662496,-0.8098879952916096,0.8663842239060805,0.0,0.17340843668161332
111,9.11,0.8422108931782365,-0.6579664447489946,0.26154400398715216,-0.016916827129260296,0.35987464799555985,-0.3821535840520223,-0.1780575337856775,-0.10295788203460395,0.15030881550207126,-0.013844933702472141,0.12921883025056458,-0.10295788203460395,-0.17805753378567754,-0.3821535840520223,0.35987464799555985,-0.016916827129260112,0.26154400398715216,-0.6579664447489942,0.8422108931782363,0.0,0.5168372588709438
112,8.792,0.8166538121643652,-0.5017225217833865,0.25727952552621264,-0.1331649911463092,0.35766267243523936,-0.3191681228614525,-0.07666456194042588,-0.0580298119285329,0.2018928130670489,-0.05206257629247627,0.04644361044394908,-0.05802981192853286,-0.07666456194042588,-0.3191681228614525,0.35766267243523936,-0.13316499114630923,0.2572795255262127,-0.5017225217833863,0.8166538121643652,0.0,0.8819658481499423
113,9.9,0.7897549710814648,-0.34218263804430943,0.24921482672471149,-0.24591970416586104,0.3408079450418406,-0.2373948427006349,0.03085997130079362,-0.00705226184888645,0.22690141259356703,-0.08184168865161841,-0.045413992725076985,-0.007052261848886416,0.030859971300793584,-0.2373948427006349,0.3408079450418406,-0.24591970416586104,0.24921482672471157,-0.34218263804430926,0.789754971081465,0.0,1.2558222659951093
114,10.005,0.7615585646548042,-0.18039485730362506,0.2374690295079683,-0.352222958521788,0.3100005003351956,-0.14164732448263476,0.13591635232253443,0.044660470982615,0.22204270152314892,-0.09835554191271478,-0.1283905617108398,0.04466047098261507,0.1359163523225344,-0.14164732448263465,0.3100005003351956,-0.352222958521788,0.23746902950796833,-0.1803948573036246,0.761558564654804,0.0,1.6259761528897343
115,10.266,0.7321109195061046,-0.01742201042061385,0.22221562851146906,-0.4492859941445693,0.26650159872131546,-0.03756174209287231,0.23010226806164302,0.09171744816299515,0.18795623793955527,-0.09892749846204209,-0.18625942932656392,0.0917174481629952,0.23010226806164297,-0.037561742092872184,0.26650159872131546,-0.44928599414456943,0.2222156285114691,-0.017422010420613785,0.7321109195061045,0.0,1.9795255427618925
116,10.557,0.701460418039022,0.14566528670221743,0.20367992842905233,-0.5345624589059349,0.21209209034317644,0.06873491076445803,0.30588481530478656,0.12921308355283495,0.12912886475559746,-0.08346485307876908,-0.20770392067530308,0.12921308355283495,0.30588481530478645,0.0687349107644581,0.2120920903431764,-0.5345624589059349,0.20367992842905244,0.1456652867022175,0.701460418039022,0.0,2.302296239460751
117,9.776,0.6696574189469856,0.3077956663055402,0.18213571608590642,-0.6058152096324488,0.14899950686662525,0.17098548580925144,0.35720297538306234,0.1532385398175128,0.053304101090014495,-0.05447385900289731,-0.18853041063662856,0.15323853981751281,0.35720297538306234,0.17098548580925155,0.14899950686662525,-0.605815209632449,0.1821357160859065,0.3077956663055401,0.6696574189469854,0.0,2.5787000306153596
118,9.445,0.6367541744739953,0.4679040468987716,0.15790121639246807,-0.6611750013299333,0.07980686607225576,0.2631710069723368,0.37995236888982153,0.16128921610276126,-0.02953714662980257,-0.016653503440853926,-0.13248841753845841,0.16128921610276128,0.3799523688898215,0.26317100697233686,0.07980686607225572,-0.6611750013299336,0.1579012163924682,0.4679040468987716,0.6367541744739953,0.0,2.792528721335839
119,10.445,0.6028047445643236,0.6249386300893193,0.13133439191295604,-0.6991895249653463,0.007346922803979439,0.3398649771845135,0.37231352018368324,0.15252584715262316,-0.1084903835943945,0.023866124847263068,-0.05053735777511952,0.15252584715262316,0.37231352018368324,0.33986497718451353,0.007346922803979427,-0.6991895249653464,0.13133439191295615,0.6249386300893194,0.6028047445643234,0.0,2.928717401329853
120,10.725,0.5678649080421684,0.7778678101513052,0.10282765547759722,-0.7188615073487122,-0.06541380434711852,0.3965528089126101,0.33489737738266595,0.12786199486232233,-0.17316289860773662,0.060517427163846116,0.04129664719961467,0.1278619948623223,0.33489737738266595,0.3965528089126102,-0.06541380434711852,-0.7188615073487122,0.1028276554775973,0.7778678101513052,0.5678649080421682,0.0,2.9758456620214004
121,11.029,0.5319920709671906,0.925686950942801,0.07280207393740933,-0.7196748736026303,-0.13549648266244976,0.42989757517665483,0.27069644929368103,0.08986881146452748,-0.21504176937944,0.08735980001548636,0.12505479463735186,0.08986881146452748,0.270696449293681,0.42989757517665494,-0.1354964826624497,-0.7196748736026305,0.07280207393740945,0.9256869509428008,0.5319920709671906,0.0,2.928917976307766
122,11.755,0.49524517231651055,1.0674249856520464,0.041701148676627456,-0.7016082858730097,-0.20003191905741963,0.4379364376250056,0.18484546730098417,0.04250700257690288,-0.22861442890302283,0.10004251412777858,0.18435757404174669,0.042507002576902854,0.18484546730098417,0.4379364376250056,-0.20003191905741963,-0.7016082858730098,0.041701148676627546,1.067424985652046,0.49524517231651033,0.0,2.791825677701797
123,11.571,0.4576845871481216,1.2021507960169988,0.009984264749482337,-0.6651357031064333,-0.2563780251834262,0.4201961889365418,0.08421071425637586,-0.009286067627618298,-0.21209429139665276,0.09650989968821243,0.2076078987122032,-0.009286067627618333,0.08421071425637587,0.4201961889365418,-0.25637802518342623,-0.6651357031064336,0.009984264749482429,1.2021507960169988,0.4576845871481217,0.0,2.578877017383848
124,11.127,0.4193720274048296,1.3289793291112761,-0.02188009459728249,-0.6112139472089471,-0.30222798483528446,0.3777211081509678,-0.023159134529893433,-0.0601110857520168,-0.16765592277583904,0.07733453830655679,0.19025899978344443,-0.06011108575201687,-0.023159134529893387,0.3777211081509678,-0.30222798483528446,-0.6112139472089472,-0.021880094597282396,1.3289793291112761,0.4193720274048294,0.0,2.3148980508014603
125,10.837,0.380370440521692,1.447077411513543,-0.0534212677893312,-0.5412576017757231,-0.3357046952777057,0.3130114892243078,-0.12867673696330587,-0.1046696556946679,-0.10114879988097673,0.04562445648149621,0.13570357970647529,-0.10466965569466796,-0.12867673696330584,0.3130114892243077,-0.3357046952777057,-0.5412576017757232,-0.053421267789331116,1.4470774115135427,0.3803704405216919,0.0,2.0336380038246125
126,10.429,0.34074390600354815,1.555669222665383,-0.08417336696526306,-0.4571019018984417,-0.3554376160518308,0.22987646132374848,-0.22390289191494167,-0.13831664476323755,-0.021327336682892616,0.006519363062639616,0.0546103447877182,-0.13831664476323755,-0.2239028919149416,0.22987646132374842,-0.3554376160518307,-0.45710190189844196,-0.08417336696526298,1.5556692226653828,0.340743906003548,0.0,1.774516707965394
127,8.546,0.3005575301425606,1.6540413914615808,-0.11368215950565642,-0.36095458859935325,-0.3606188790626473,0.13320976458937345,-0.3012214987926965,-0.1575444285182031,0.06130146994083329,-0.033642417255094086,-0.03716233736122513,-0.1575444285182031,-0.3012214987926965,0.13320976458937336,-0.3606188790626473,-0.36095458859935337,-0.11368215950565635,1.6540413914615806,0.30055753014256037,0.0,1.5780709787544303
128,8.746,0.2598773390487482,1.741547682591828,-0.14151177740504886,-0.2553379909430264,-0.35103636279371997,0.028701680313734216,-0.35444868628598963,-0.16034855288852337,0.1358610890621825,-0.06835128733935149,-0.12166765611331916,-0.16034855288852337,-0.3544486862859896,0.02870168031373417,-0.35103636279371997,-0.25533799094302656,-0.1415117774050488,1.7415476825918275,0.25987733904874827,0.0,1.4807288088855157
129,9.066,0.21877017016926073,1.8176132418479223,-0.16725115538416868,-0.14302285524392877,-0.32708237658699635,-0.07749592724211826,-0.37932739272526583,-0.14643669408995869,0.1925371467782676,-0.09198148161449796,-0.1823799862268421,-0.14643669408995869,-0.3793273927252658,-0.07749592724211837,-0.32708237658699635,-0.14302285524392877,-0.16725115538416863,1.8176132418479218,0.21877017016926056,0.0,1.5097097004264197
130,8.961,0.1773035624746285,1.8817383725078014,-0.19052010264645103,-0.026955657294717498,-0.2897375994522537,-0.17913174009584612,-0.3738678419724549,-0.11725913273518401,0.2238693042579314,-0.10070291476873958,-0.20742659318254897,-0.11725913273518399,-0.37386784197245476,-0.17913174009584626,-0.2897375994522537,-0.026955657294717543,-0.19052010264645095,1.881738372507801,0.17730356247462842,0.0,1.6788795178776876
131,9.699,0.13554564549241138,1.9335018179882504,-0.2109749185942337,0.08981869549341803,-0.2405309309532133,-0.2702229701304208,-0.33850668389273514,-0.07585756527689255,0.22573327127124262,-0.09310197874482108,-0.1919094321444576,-0.07585756527689254,-0.3385066838927351,-0.2702229701304209,-0.2405309309532133,0.0898186954934179,-0.21097491859423365,1.9335018179882497,0.1355456454924113,0.0,1.9862680406351316
132,10.931,0.093565027370564,1.972563529201585,-0.22831346955610157,0.204236744205953,-0.18147689787976398,-0.34540753568078286,-0.2760720714985353,-0.026548013857668938,0.1978836915593194,-0.07041066652096845,-0.13886299599322582,-0.026548013857668903,-0.2760720714985353,-0.345407535680783,-0.18147689787976398,0.20423674420595303,-0.22831346955610154,1.9725635292015842,0.09356502737056373,0.0,2.4137046536556235
133,11.776,0.05143068215442823,1.9986668984367413,-0.24227965153813436,0.3132968452204483,-0.11499317928448703,-0.4002597002596764,-0.19155746786378453,0.025529109484206457,0.14398643937892552,-0.036306885296840896,-0.058660898333174394,0.02552910948420648,-0.19155746786378453,-0.4002597002596765,-0.11499317928448699,0.31329684522044843,-0.24227965153813436,1.998666898436741,0.05143068215442833,0.0,2.928685728448394
134,12.052,0.00921183646255889,2.0116404450897627,-0.25266717308072384,0.41413791533931205,-0.04380162641817827,-0.4315505933615032,-0.09172227352409204,0.07494487943830729,0.07113607598815556,0.0036816748027051474,0.03301276154937637,0.07494487943830735,-0.09172227352409208,-0.4315505933615032,-0.04380162641817826,0.41413791533931205,-0.25266717308072384,2.0116404450897623,0.0092118364625588,0.0,3.4882173322311236
135,12.765,-0.03302214425243032,2.0113989421696243,-0.2593226023451981,0.50411448945972,0.02918317018016325,-0.4374382777973488,0.015448784182663553,0.11654781091823863,-0.011078016133520205,0.04307349293642345,0.11823053754656163,0.11654781091823867,0.01544878418266353,-0.4374382777973488,0.02918317018016325,0.5041144894597201,-0.2593226023451981,2.011398942169624,-0.03302214425243032,0.0,4.044046359380329
136,13.053,-0.07520186967112172,1.9979439761790565,-0.26214763342239344,0.5808661217174367,0.100973204362452,-0.4175761752549967,0.12138426229029932,0.14600089002604355,-0.0918338954354707,0.07548377081268515,0.18032747825817633,0.14600089002604355,0.12138426229029921,-0.4175761752549967,0.10097320436245195,0.5808661217174367,-0.26214763342239344,1.9979439761790558,-0.07520186967112182,0.0,4.548462906088943
137,13.549,-0.11725803861540743,1.9713639366923537,-0.26110053838802083,0.6423793094346023,0.16862938369429417,-0.3731334676176147,0.21761153835648092,0.16023369819062222,-0.1605015667049273,0.09565930874131293,0.20716007856511645,0.16023369819062222,0.21761153835648092,-0.3731334676176146,0.16862938369429417,0.6423793094346025,-0.2611005383880209,1.971363936692353,-0.11725803861540769,0.0,4.959769464096123
138,13.053,-0.15912155291014243,1.9318334356986149,-0.25619678365682896,0.6870403153583555,0.2293818562445807,-0.3067262731182919,0.2964344430399551,0.15776249653538826,-0.2080422203446714,0.10032996723135668,0.19348102973603173,0.15776249653538826,0.29643444303995503,-0.306726273118292,0.2293818562445807,0.6870403153583556,-0.256196783656829,1.9318334356986144,-0.15912155291014243,0.0,5.246584651005979
139,13.01,-0.20072363091126494,1.8796121605249483,-0.24750880153153013,0.7136775024514354,0.2807434086489904,-0.22226364864337986,0.35154879267042555,0.1388449023854231,-0.22819802194102753,0.08873870551240104,0.14196536853725666,0.1388449023854231,0.3515487926704255,-0.22226364864337977,0.2807434086489904,0.7136775024514356,-0.24750880153153018,1.8796121605249474,-0.20072363091126508,0.0,5.390367423298724
140,12.997,-0.24199592051385752,1.8150431678750876,-0.2351649203208908,0.7215920706236695,0.32061129291736046,-0.12471748325297576,0.37854659208031205,0.10545303322922354,-0.2183158386653918,0.06276428601601966,0.06268735447839602,0.10545303322922352,0.378546592080312,-0.12471748325297564,0.32061129291736046,0.7215920706236696,-0.23516492032089084,1.8150431678750876,-0.24199592051385757,0.0,5.385871467104882
141,12.741,-0.28287061145447484,1.7385506301904063,-0.2193474688299807,0.7105763890567921,0.34735331318346635,-0.01982982812739844,0.3752685820180404,0.06106791781782973,-0.17969647439507608,0.026616756337974282,-0.028849624374669054,0.06106791781782973,0.3752685820180403,-0.01982982812739837,0.3473533131834663,0.7105763890567923,-0.21934746882998082,1.7385506301904057,-0.2828706114544749,0.0,5.239608505277591
142,12.849,-0.32328054672322976,1.650637049138112,-0.20029008322074754,0.680919443192297,0.35987464799555985,0.0862251090491825,0.34197693472388296,0.010316606591052619,-0.11742344330715544,-0.013844933702472162,-0.11474485087627748,0.010316606591052584,0.34197693472388296,0.08622510904918257,0.35987464799555985,0.6809194431922972,-0.2002900832207476,1.6506370491381113,-0.3232805467232301,0.0,4.966745093606313
143,12.44,-0.3631593329025836,1.5518799545320403,-0.1782742560226957,0.6333992534860202,0.3576626724352394,0.1872044085806808,0.2813342856344793,-0.04151018813108187,-0.039693820686688315,-0.05206257629247627,-0.17820089328864014,-0.041510188131081906,0.2813342856344794,0.18720440858068088,0.35766267243523936,0.6333992534860204,-0.17827425602269584,1.55187995453204,-0.3631593329025835,0.0,4.5871163049563926
144,11.921,-0.40244144925155656,1.442928110371797,-0.15362517826749103,0.5692624648158803,0.3408079450418406,0.27716392798090045,0.19819077824109155,-0.08900963724493503,0.04326074812374368,-0.08184168865161841,-0.20680846434185343,-0.0890096372449351,0.19819077824109158,0.2771639279809006,0.3408079450418406,0.5692624648158804,-0.1536251782674911,1.4429281103717966,-0.40244144925155667,0.0,4.121164518505326
145,11.409,-0.44106235535613386,1.324497252923859,-0.12670693616242043,0.4901916419943495,0.31000050033519555,0.35080820368666,0.09919615405864285,-0.1272300278874013,0.12052085172085371,-0.0983555419127148,-0.19497314695918608,-0.12723002788740134,0.09919615405864286,0.3508082036866601,0.31000050033519555,0.4901916419943496,-0.1267069361624205,1.3244972529238588,-0.44106235535613386,0.0,3.586581030034455
146,11.703,-0.4789585971689959,1.1973653888424405,-0.09791713325160814,0.3982611293553323,0.26650159872131546,0.40380216831168586,-0.00773208760572773,-0.15218696858641131,0.181916648125651,-0.0989274984620421,-0.14500942291020072,-0.15218696858641131,-0.007732087605727684,0.4038021683116859,0.26650159872131546,0.3982611293553326,-0.09791713325160825,1.19736538884244,-0.47895859716899597,0.0,2.99625072398947
147,11.657,-0.5160679112643514,1.062367684218115,-0.06768101749988412,0.29588263239525553,0.21209209034317644,0.43302633421741166,-0.11404192399035036,-0.1612787532887678,0.21936653352788094,-0.08346485307876908,-0.06668805918929872,-0.1612787532887678,-0.11404192399035036,0.4330263342174117,0.21209209034317644,0.29588263239525564,-0.06768101749988421,1.0623676842181144,-0.5160679112643517,0.0,2.357811891521022
148,10.061,-0.5523293271365829,0.920390978129519,-0.03644520004688052,0.18574194907985087,0.14899950686662528,0.43676042202984877,-0.21123079182102114,-0.1535575834810325,0.22794093368495544,-0.05447385900289731,0.024674636018596853,-0.1535575834810325,-0.21123079182102114,0.4367604220298489,0.14899950686662525,0.18574194907985098,-0.036445200046880635,0.9203909781295186,-0.5523293271365828,0.0,1.6748016179413086
149,8.489,-0.5876832673746267,0.7723679567402145,-0.004671058410284311,0.07072851060782168,0.0798068660722557,0.41478462481712025,-0.2915256145285237,-0.12982837409524053,0.20651118981178146,-0.01665350344085394,0.11121202799303037,-0.1298283740952405,-0.2915256145285237,0.41478462481712036,0.07980686607225569,0.07072851060782168,-0.004671058410284415,0.7723679567402141,-0.5876832673746268,0.0,0.9490290020214311
150,7.616,-0.6220716455475039,0.6192710262127453,0.02717207842189307,-0.04614041994067155,0.007346922803979473,0.36839254701584107,-0.3485044857881083,-0.0925648429015773,0.15789812531777228,0.023866124847263078,0.17600110490132892,-0.09256484290157727,-0.3485044857881082,0.368392547015841,0.007346922803979473,-0.04614041994067151,0.02717207842189298,0.6192710262127453,-0.6220716455475039,0.0,0.18356771561955998
151,7.2,-0.6554379616401727,0.4621059246905048,0.058613862348498136,-0.16179890249769852,-0.06541380434711849,0.3003150564569519,-0.3776102877012525,-0.045651630883859706,0.08850073736964996,0.060517427163846116,0.20637189495290503,-0.0456516308838597,-0.3776102877012524,0.3003150564569519,-0.06541380434711848,-0.16179890249769838,0.058613862348498025,0.46210592469050454,-0.6554379616401728,0.0,-0.6143654276618932
152,7.348,-0.6877273948829057,0.30190511531215014,0.08918987356551798,-0.27321275189357075,-0.13549648266244976,0.21455953193850513,-0.3765151649082922,0.006020663019787165,0.007453889063993672,0.08735980001548639,0.19638517086480226,0.006020663019787199,-0.3765151649082922,0.21455953193850505,-0.13549648266244976,-0.2732127518935708,0.08918987356551789,0.3019051153121501,-0.6877273948829059,0.0,-1.431354361078234
153,7.109,-0.7188868938216701,0.13972100366177176,0.11844848041076522,-0.3774591366847044,-0.20003191905741963,0.11617396903069327,-0.34530670432645766,0.05706531607547293,-0.07457412378041399,0.10004251412777858,0.14799390864030182,0.05706531607547298,-0.34530670432645766,0.11617396903069324,-0.20003191905741963,-0.3774591366847045,0.11844848041076518,0.13972100366177165,-0.7188868938216701,0.0,-2.247089470435431
154,6.975,-0.7488652634815277,-0.02338097578864427,0.14595751031768078,-0.47180325672731444,-0.2563780251834262,0.010949830015607264,-0.2864809300285121,0.10216103572414581,-0.1467858534559123,0.09650989968821244,0.07066136901026941,0.10216103572414588,-0.2864809300285121,0.01094983001560715,-0.25637802518342623,-0.47180325672731455,0.14595751031768073,-0.023380975788644637,-0.7488652634815277,0.0,-3.0352947350614126
