X,Y
0.0,0.0
0.9622861026043917,-0.38842392254088304
1.9245772330566093,-0.7768379550220657
2.8868774207959222,-1.1652320118416144
3.849190694382026,-1.5535960076293582
4.811521081101026,-1.9419198573879326
5.77387260657149,-2.3301934766339008
6.7362492943506025,-2.7184067815389907
7.698655165540438,-3.1065496890714464
8.661094238394377,-3.4946121171375504
9.623570527923688,-3.882583984723312
10.586088045504304,-4.270455212036355
11.548650798483823,-4.6582157206480534
12.511262789788724,-5.0458554336358805
13.473928017531865,-5.433364275726058
14.436650474620258,-5.820732173436493
15.399434148363174,-6.207949055220043
16.362283020080547,-6.595004851608099
17.32520106471176,-6.981889495354572
18.28819225042481,-7.368592921580243
19.25126053822591,-7.755105067917546
20.21440988156942,-8.141415874655763
21.177644225968383,-8.52751528488672
22.1409675086054,-8.91339324465092
23.104383657944123,-9.299039703084226
24.06789659334117,-9.68444461256504
25.031510224658703,-10.06959792886206
25.99522845187748,-10.454489611282597
26.959055164710602,-10.839109622821503
27.92299424221783,-11.22344793031072
28.887049552420528,-11.60749450456943
29.851224951917427,-11.991239320554975
30.81552428550091,-12.374672357514331
31.779951385774122,-12.757783599136404
32.744510072768854,-13.140563033705
33.70920415356414,-13.523000654252568
34.674037421905766,-13.905086458714734
35.63901365782645,-14.286810450085579
36.60413662726702,-14.668162636573797
37.5694100816985,-15.04913303175971
38.53483775774492,-15.429711654753028
39.50042337680719,-15.809888530351614
40.46617064468812,-16.18965368920115
41.43208325121803,-16.56899716795562
42.39816486988159,-16.947909009438824
43.36441915744599,-17.326379262806906
44.33084975358955,-17.704397983711715
45.29746028053202,-18.081955234465326
46.26425434266569,-18.459041084205488
47.23123552618777,-18.83564560906217
48.198407398733934,-19.211758892325165
49.16577350901294,-19.58737102461273
50.13333738644293,-19.962472104041428
51.10110254078836,-20.337052236396982
52.06907246179879,-20.711101535306362
53.03725061884868,-21.08461012241096
54.00564046057859,-21.457568127540966
54.97424541453798,-21.829965688891004
55.94306888682916,-22.20179295319688
56.91211426175279,-22.573040075913607
57.881384901454716,-22.943697221394654
58.850884145574966,-23.31375456307262
59.820615310897054,-23.68320228364083
60.79058169100016,-24.05203057523664
61.7607865559119,-24.420229639625745
62.73123315176348,-24.787789688388052
63.70192470044601,-25.154700943104704
64.6728643992684,-25.520953635546512
65.64405542061806,-25.88653800786399
66.61550091162141,-26.25144431277831
67.58720399380834,-26.6156628137742
68.55916776277677,-26.979183785293827
69.53139528786029,-27.34199751293242
70.50388961179638,-27.70409429363503
71.47665375039841,-28.065464435895215
72.44969069222729,-28.426098259954557
73.42300339826717,-28.785986098004326
74.39659480160198,-29.145118294388187
75.37046780709424,-29.503485205806545
76.34462529106614,-29.861077201522498
77.31907010098263,-30.21788466356923
78.29380505513652,-30.573897986958926
79.26883294233608,-30.929107579893355
80.24415652159483,-31.28350386397595
81.21977852182282,-31.637077274425312
82.19570164152148,-31.989818260290612
83.17192854847978,-32.34171728466832
84.14846187947289,-32.69276482492059
85.12530423996424,-33.04295137289544
86.10245820380815,-33.39226743514821
87.0799263129564,-33.74070353316486
88.05771107716753,-34.088250203587066
89.03581497371668,-34.43489799843837
90.01424044711042,-34.7806374853527
90.99298990880274,-35.125459247804
91.97206573691383,-35.46935388533773
92.9514702759521,-35.81231201380402
93.93120583653815,-36.15432426559237
94.91127469513235,-36.495381289868234
95.89167909376442,-36.83547375281101
96.87242123976652,-37.17459233785394
97.85350330550808,-37.51272774592536
98.83492742813523,-37.84987069569212
99.8166957093118,-38.18601192380421
100.79881021496391,-38.521142185141315
101.78127297502641,-38.855252253060804
102.76408598319536,-39.18833291964799
103.74725119667939,-39.52037499596716
104.73077053595779,-39.851369312315086
105.71464588453976,-40.181306718475795
106.69887908872761,-40.51017808397714
107.6834719573829,-40.837974298348946
108.66842626169587,-41.16468627138295
109.65374373495861,-41.49030493339434
110.63942607234101,-41.81482123548497
111.62547493067021,-42.138226149808105
112.61189192821377,-42.460510669835074
113.59867864446595,-42.78166581062327
114.58583661993818,-43.10168260908612
115.57336735595108,-43.42055212426418
116.5612723144337,-43.7382654375986
117.54955291772232,-44.054813653205386
118.53821054836534,-44.370187898151784
119.52724654893167,-44.684379322734245
120.51666222182159,-44.99737910075762
121.50645882908312,-45.3091784298164
122.49663759223058,-45.61976853157715
123.48719969206806,-45.929140652062664
124.47814626851613,-46.23728606193765
125.46947842044277,-46.54419605679592
126.46119720549821,-46.84986195744905
127.45330363995377,-47.15427511021672
128.44579869854454,-47.457426887218254
129.43868331431594,-47.75930868666587
130.4319583784755,-48.05991193315937
131.42562474024655,-48.359228077982
132.41968320672945,-48.65724859939833
133.4141345427624,-48.95396500295256
134.40897947079134,-49.24936882176938
135.40421867074065,-49.54345161685531
136.39985277988933,-49.836204977401664
137.39588239275264,-50.12762052108921
138.39230806096526,-50.41768989439332
139.38913029317177,-50.70640477289129
140.38634955492063,-50.99375686157043
141.38396626856112,-51.279737895137345
142.38198081314655,-51.56433963832872
143.38039352434268,-51.84755388622327
144.37920469433743,-52.12937246455452
145.3784145717594,-52.40978723002527
146.37802336159626,-52.68879007062249
147.3780312251235,-52.96637290593416
148.37843827983255,-53.24252768746646
149.37924459936644,-53.517246398962286
150.38045021346008,-53.79052105672088
151.38205510788424,-54.062343709918196
152.38405922439577,-54.33270644092855
153.38646246069052,-54.601601365646715
154.38926467036418,-54.86902063381159
155.3924656628749,-55.13495642932999
156.39606520351307,-55.399400970601874
157.40006301337428,-55.66234651084595
158.40445876933967,-55.923785338426484
159.4092521040578,-56.183709777180226
160.41444260593565,-56.44211218674486
161.42002981913114,-56.69898496288731
162.4260132435519,-56.95432053783309
163.43239233486105,-57.20811138059647
164.4391665044843,-57.46034999731056
165.44633511962581,-57.71102893155857
166.45389750328724,-57.9601407647052
167.461852934292,-58.20767811622851
168.4702006473161,-58.45363364405236
169.47893983292232,-58.698000044879045
170.48806963760106,-58.940770054522346
171.49758916381526,-59.18193644824082
172.5074974700532,-59.42149204107166
173.51779357088196,-59.65942968816407
174.52847643701122,-59.89574228511363
175.53954499535845,-60.130422768296114
176.55099812912187,-60.363464115201865
177.5628346778581,-60.59485934477004
178.5750534375646,-60.824601517722755
179.58765316076764,-61.05268373689925
180.60063255661694,-61.279099147590216
181.61399029098305,-61.503840937871445
182.62772498656398,-61.72690233893805
183.64183522299277,-61.94827662543762
184.6563195369544,-62.16795711580387
185.67117642230522,-62.38593717258941
186.68640433020033,-62.60221020279856
187.7020016692242,-62.816769658219485
188.71796680552774,-63.02960903575597
189.734298062972,-63.24072187775883
190.75099372327315,-63.45010177235629
191.7680520261602,-63.65774235378471
192.78547116952913,-63.863637302717365
193.80324930961052,-64.06778034659372
194.82138456113842,-64.27016525994733
195.83987499752394,-64.47078586473296
196.85871865103906,-64.66963603065321
197.87791351299802,-64.86670967548358
198.89745753395434,-65.06200076539767
199.91734862389288,-65.2555033152901
200.93758465243536,-65.44721138909938
201.95816344904628,-65.63711910012915
202.9790828032475,-65.82522061136856
204.00034046483444,-66.01151013581105
205.0219341441039,-66.19598193677264
206.04386151207933,-66.3786303282078
207.06612020074724,-66.55944967502498
208.0887078032985,-66.7384343934003
209.11162187437043,-66.91557895108957
210.13485993030093,-67.09087786773932
211.15841944938194,-67.26432571519575
212.18229787212192,-67.43591711781244
213.20649260151143,-67.60564675275603
214.23100100329586,-67.77350935031063
215.25582040625096,-67.93949969417991
216.28094810246637,-68.10361262178789
217.30638134763214,-68.26584302457749
218.33211736133003,-68.42618584830717
219.35815332733415,-68.58463609334598
220.38448639390995,-68.74118881496582
221.41111367412367,-68.89583912363236
222.43803224615488,-69.04858218529341
223.4652391536148,-69.19941322166527
224.49273140586607,-69.34832751051644
225.5205059783551,-69.49532038594984
226.54855981293903,-69.64038723868165
227.57688981822818,-69.7835235163187
228.60549286992403,-69.92472472363264
229.63436581116744,-70.06398642283204
230.66350545289365,-70.20130423383215
231.69290857418264,-70.33667383452115
232.72257192262379,-70.47009096102471
233.75249221468243,-70.60155140796752
234.78266613606743,-70.73105102873168
235.813090342108,-70.8585857357129
236.84376145813133,-70.98415150057333
237.8746760798475,-71.10774435449184
238.90583077373788,-71.22936038841118
239.9372220774455,-71.34899575328205
240.9688465001759,-71.46664666030455
242.0007005230926,-71.58230938116571
243.03278059972817,-71.69598024827494
244.0650831563881,-71.80765565499529
245.0976045925701,-71.91733205587228
246.13034128137582,-72.02500596685877
247.16328956993695,-72.13067396553708
248.19644577983792,-72.23433269133736
249.22980620754674,-72.33597884575269
250.26336712484726,-72.43560919255071
251.29712477927643,-72.53322055798182
252.33107539456537,-72.6288098309836
253.36521517108233,-72.72237396338198
254.3995402862823,-72.81390997008856
255.43404689515722,-72.90341492929429
256.46873113068995,-72.99088598265945
257.50358910431464,-73.07632033550007
258.53861690637626,-73.15971525697026
259.5738106065967,-73.24106808024095
260.6091662545419,-73.32037620267467
261.6446798800926,-73.39763708599645
262.68034749391956,-73.4728482564609
263.7161650879603,-73.5460073050152
264.7521286358979,-73.61711188745795
265.78823409364537,-73.68615972459449
266.82447739983036,-73.75314860238757
267.8608544762846,-73.81807637210443
268.89736122853213,-73.88094095045918
269.93399354628707,-73.9417403197518
270.97074730394434,-74.00047252800212
272.00761836108387,-74.0571356890803
273.04460256296477,-74.1117279828324
274.0816957410346,-74.1642476552025
275.11889371342903,-74.21469301834966
276.15619228548354,-74.26306245076118
277.1935872502395,-74.30935439736126
278.23107438895624,-74.35356736961526
279.26864947162386,-74.39569994562979
280.3063082574799,-74.4357507702482
281.3440464955216,-74.47371855514163
282.38185992502946,-74.50960207889575
283.4197442760811,-74.54340018709291
284.4576952700771,-74.57511179238992
285.4957086202608,-74.60473587459114
286.53378003224316,-74.63227148071735
287.5719052045264,-74.65771772506969
288.61007982903186,-74.68107378928946
289.6482995916258,-74.70233892241308
290.6865601726484,-74.7215124409226
291.7248572474406,-74.73859372879156
292.7631864868779,-74.75358223752642
293.8015435578965,-74.76647748620306
294.8399241240263,-74.77727906149906
295.8783238459231,-74.78598661772119
296.91673838190053,-74.79259987682809
297.9551633884596,-74.79711862844873
298.99359452082706,-74.79954272989583
300.0320274334816,-74.79987210617496
301.0704577806932,-74.79810674998885
302.1088812170517,-74.79424672173703
303.14729339800164,-74.78829214951095
304.18568998037506,-74.78024322908449
305.2240666229249,-74.77010022389959
306.26241898685447,-74.75786346504756
307.3007427363533,-74.74353335124559
308.3390335391258,-74.72711034880865
309.37728706692303,-74.70859499161685
310.4154989960732,-74.6879878810781
311.4536650080115,-74.66528968608633
312.4917807898069,-74.64050114297481
313.5298420346929,-74.61362305546537
314.5678444425918,-74.5846562946125
315.60578372064225,-74.55360179874341
316.6436555837226,-74.52046057339317
317.68145575497505,-74.48523369123548
318.7191799663276,-74.44792229200897
319.7568239590144,-74.40852758243886
320.79438348409457,-74.36705083615438
321.83185430297186,-74.32349339360141
322.86923218790844,-74.2778566619509
323.9065129225398,-74.23014211500286
324.9436923023872,-74.18035129308586
325.9807661353698,-74.12848580295213
327.0177302423108,-74.0745473176685
328.0545804574448,-74.01853757650278
329.0913126289246,-73.96045838480588
330.12792261932015,-73.90031161388976
331.1644063061202,-73.83809920090104
332.2007595822303,-73.77382314869038
333.23697835646846,-73.70748552567758
334.2730585540551,-73.63908846571273
335.3089961171073,-73.56863416793297
336.3447870051228,-73.4961248966153
337.3804271954682,-73.42156298102515
338.41591268385747,-73.34495081526114
339.4512394848341,-73.26629085809557
340.486403632246,-73.18558563281104
341.5214011797186,-73.10283772703318
342.5562282011269,-73.01804979255925
343.59088079105885,-72.93122454518323
344.62535506528343,-72.84236476451659
345.659647161209,-72.75147329380572
346.6937532383403,-72.65855303974523
347.7276694787335,-72.56360697228776
348.7613920874465,-72.46663812444993
349.79491729298445,-72.36764959211476
350.82824134774376,-72.26664453383049
351.86136052845376,-72.16362617060564
352.8942711366085,-72.05859778570081
353.926969498903,-71.95156272441679
354.95945196765916,-71.84252439387933
355.9917149212502,-71.73148626282045
357.02375476452283,-71.61845186135653
358.0555679292118,-71.50342478076287
359.08715087435417,-71.38640867324511
360.118500086695,-71.26740725170752
361.1496120810948,-71.14642428951797
362.1804834009281,-71.02346362026972
363.2111106184761,-70.89852913754046
364.241490335324,-70.77162479464788
365.2716191827427,-70.64275460440254
366.3014938220755,-70.5119226388577
367.3311109451107,-70.3791330290564
368.36046727446336,-70.2443899647754
369.3895595639352,-70.10769769426668
370.4183845988875,-69.9690605239959
371.4469391965937,-69.82848281837849
372.4752202066009,-69.68596899951264
373.50322451107496,-69.54152354691027
374.53094902514994,-69.3951509972249
375.55839069726807,-69.24685594397745
376.58554650951294,-69.09664303727948
377.6124134779467,-68.9445169835538
378.63898865293027,-68.79048254525311
379.6652691194488,-68.6345445405762
380.691251997425,-68.47670784318186
381.7169344420348,-68.31697738190059
382.74231364400737,-68.15535814044455
383.7673868299337,-67.99185515711473
384.7921512625575,-67.82647352450684
385.81660424106855,-67.65921838921466
386.8407431013883,-67.49009495153192
387.8645652164495,-67.319108465152
388.88806799647523,-67.14626423686583
389.91124888924566,-66.97156762625826
390.93410538036494,-66.7950240454025
391.9566349935194,-66.61663895855308
392.978835290737,-66.43641788183689
394.00070387262997,-66.25436638294316
395.0222383786439,-66.07049008081148
396.0434364872946,-65.88479464531864
397.0642959164021,-65.69728579696393
398.0848144233171,-65.50796930655325
399.1049898051454,-65.31685099488186
400.12481989896503,-65.12393673241573
401.14430258203816,-64.92923243897192
402.1634357720151,-64.7327440833979
403.182217427139,-64.53447768324946
404.2006455464413,-64.33443930446762
405.2187181699268,-64.13263506105521
406.2364333787664,-63.92907111475142
407.2537892954687,-63.72375367470656
408.2707840840619,-63.516688997154944
409.28741595025247,-63.30788338508824
410.3036831415992,-63.0973431879266
411.3195839476616,-62.885074801190505
412.3351167001572,-62.67108466617105
413.35027977310705,-62.455379269599966
414.36507158297536,-62.23796514331928
415.3794905888082,-62.018848863950055
416.39353529236206,-61.798037052561014
417.4072042382286,-61.57553637433678
418.4204960139539,-61.351353538245675
419.4334092501555,-61.12549529670696
420.44594262062793,-60.897968445258314
421.4580948424456,-60.668779822222945
422.4698646760642,-60.43793630837615
423.4812509254101,-60.20544482661228
424.49225243796775,-59.971312341611466
425.5028681048633,-59.73554585950605
426.5130968609392,-59.49815242754738
427.52293768482554,-59.259139133772564
428.5323895990067,-59.018513106671136
429.54145166988076,-58.776281514852116
430.5501230078143,-58.5324515667112
431.55840276719573,-58.28703051009775
432.56629014647297,-58.040025631983035
433.57378438820024,-57.79144425812754
434.58088477906637,-57.54129375274971
435.5875906499283,-57.28958151819422
436.59390137583136,-57.036314994601256
437.59981637602823,-56.78150165957615
438.60533511399507,-56.52514902785907
439.6104570974366,-56.26726465099583
440.61518187828983,-56.00785611700907
441.61950905272386,-55.74693105006981
442.6234382611324,-55.48449711016978
443.626969188118,-55.22056199279492
444.63010156248174,-54.9551334285985
445.6328351571955,-54.68821918307612
446.63516978937776,-54.41982705624072
447.6371053202593,-54.14996488229899
448.6386416551509,-53.8786405293278
449.6397787433957,-53.60586189895255
450.64051657832766,-53.33163692602548
451.640855197218,-53.05597357830543
452.64079468121645,-52.77887985613875
453.6403351552977,-52.50036379214018
454.6394767881866,-52.22043345087626
455.6382197922949,-51.93909692854841
456.63656442364106,-51.6563623526781
457.63451098177643,-51.37223788179214
458.6320598096932,-51.08673170511028
459.6292112937419,-50.79985204223292
460.62596586353567,-50.5116071428304
461.62232399185217,-50.22200528633356
462.6182861945299,-49.93105478162563
463.6138530303631,-49.638763966734984
464.60902510099197,-49.34514120852911
465.6038030507806,-49.05019490241085
466.598187566705,-48.753933472014424
467.59217937822166,-48.456365368904216
468.58577925714417,-48.1574990722738
469.5789880175058,-47.85734308864723
470.57180651542694,-47.555905951580854
471.56423564896824,-47.25319622136756
472.55627635799215,-46.949222484741085
473.5479296240051,-46.64399335458346
474.5391964700104,-46.33751746963231
475.5300779603481,-46.02980349419053
476.5205752005328,-45.72086011783726
477.510689337089,-45.41069605514029
478.50042155737844,-45.099320045370334
479.48977308943455,-44.786740852215615
480.4787452017733,-44.47296726350014
481.4673392032231,-44.15800809090119
482.4555564427318,-43.84187216967025
483.4433983091848,-43.52456835835396
484.43086623120416,-43.206105538518386
485.4179616769622,-42.88649261447289
486.4046861539745,-42.56573851299729
487.39104120889874,-42.24385218306987
488.3770284273299,-41.92084259559676
489.3626494335857,-41.59671874314381
490.3479058904973,-41.271489639669056
491.3327994991883,-40.94516432025772
492.31733199885645,-40.61775184085816
493.30150516654584,-40.28926127802036
494.2853208169261,-39.95970172863459
495.26878080205483,-39.62908230967342
496.2518870111462,-39.29741215793439
497.2346413703357,-38.96470042978429
498.2170458424361,-38.630956300905765
499.19910242669687,-38.2961889660449
500.1808131585548,-37.960407638761104
501.1621801093873,-37.623621551177976
502.143205386257,-37.28583995373643
503.123891131657,-36.94707211494931
504.1042395232518,-36.60732732115751
505.0842527736167,-36.26661487628792
506.06393312997204,-35.924944101612965
507.043282873915,-35.58232433551211
508.0223043211522,-35.23876493323438
509.00099982122333,-34.89427526666331
509.97937175722814,-34.5488647240829
510.95742254554636,-34.20254270994564
511.93515463555633,-33.855318644642125
512.9125705093531,-33.50720196427203
513.8896726814604,-33.15820212041701
514.8664636985413,-32.80832857991534
515.8429461391083,-32.45759082463781
516.81912261323,-32.105998351265214
517.7949957622299,-31.753560671068357
518.7705682583944,-31.400287309688178
519.7458428046668,-31.046187806918795
520.7208221343453,-30.69127171649138
521.6955090107764,-30.33554860586009
522.6699062270483,-29.979028055989033
523.6440166056792,-29.62171966114126
524.617842998304,-29.263633028669297
525.5913882853623,-28.904777778806718
526.5646553757778,-28.54516354446201
527.5376472066425,-28.18479997101319
528.5103667428931,-27.823696716104667
529.48281697699,-27.461863449444866
530.4550009285895,-27.09930985260612
531.4269216442201,-26.736045618825145
532.3985821969494,-26.372080452806
533.3699856860569,-26.00742407052351
534.3411352366979,-25.642086199028917
535.3120339995714,-25.276076576256365
536.2826851505821,-24.909404950831103
537.2530918905006,-24.542081081879324
538.2232574446285,-24.17411473883845
539.1931850624497,-23.805515701270124
540.1628780172925,-23.436293758673305
541.1323396059807,-23.066458710299656
542.1015731484906,-22.69602036496937
543.0705819875975,-22.324988540889343
544.0393694885312,-21.95337306547154
545.0079390386212,-21.58118377515337
545.9762940469437,-21.2084305152192
546.9444379439694,-20.835123139622738
547.9123741812051,-20.461271510811187
548.8801062308382,-20.086885499550064
549.8476375853769,-19.711974984749602
550.814971757291,-19.336549853292055
551.7821122786486,-18.960619999860544
552.7490627007576,-18.58419532676829
553.7158265937962,-18.20728574378986
554.6824075464527,-17.82990116799281
555.6488091655555,-17.452051523570802
556.6150350757077,-17.07374674167753
557.581088918918,-16.694996760261823
558.5469743542292,-16.315811523903783
559.5126950573498,-15.936200983651759
560.4782547202801,-15.556175096860438
561.4436570509396,-15.175743827029883
562.4089057727928,-14.794917143645492
563.3740046244751,-14.413705022018664
564.3389573594147,-14.032117443128783
565.303767745458,-13.650164393465687
566.2684395644893,-13.267855864873194
567.2329766120538,-12.885201854393404
568.1973826969773,-12.502212364111747
569.1616616409859,-12.118897401002885
570.1258172783238,-11.735266976777439
571.0898534553725,-11.351331107729331
572.0537740302672,-10.967099814583865
573.0175828725131,-10.582583122346648
573.9812838626021,-10.197791060153017
574.9448808916268,-9.812733661118164
575.9083778608949,-9.427420962187977
576.8717786815438,-9.041863003990446
577.8350872741531,-8.65606983068757
578.7983075683575,-8.270051489827907
579.7614435024582,-7.883818032199695
580.7244990230353,-7.4973795116844855
581.6874780845579,-7.110745985111181
582.6503846489959,-6.723927512110553
583.6132226854278,-6.336934154970335
584.575996169653,-5.949775978490775
585.5387090837988,-5.56246304984017
586.5013654159305,-5.175005438411375
587.4639691596595,-4.787413215678301
588.4265243137512,-4.399696455052794
589.389034881733,-4.011865231741813
590.3515048715019,-3.6239296226049937
591.3139382949315,-3.235899706012455
592.2763391674795,-2.8477855617027323
593.2387115077937,-2.45959727064095
594.2010593373196,-2.0713449148772893
595.163386679906,-1.683038577405633
596.1256975614114,-1.2946883420219772
597.0879960093109,-0.9063042931837714
598.0502860523013,-0.5178965158682096
599.0125717199076,-0.12947509543172708
599.974857042089,0.25894988253101925
600.9371460488443,0.6473683323286084
601.8994427698186,1.0357701683130887
602.8617512339085,1.4241453050213302
603.8240754688685,1.8124836573160554
604.7864195009167,2.2007751405268703
605.7487873543412,2.5890096705913823
606.7111830511061,2.9771771641965796
607.673610610458,3.36526753892031
608.6360740485328,3.753270713373088
609.5985773779619,4.141176607339419
610.561124607479,4.52897514192016
611.5237197415283,4.916656239675234
612.4863667798705,5.304209824765158
613.4490697171916,5.691625823094794
614.4118325427103,6.078894162456065
615.3746592397865,6.466004772671591
616.3375537855298,6.852947585738391
617.3005201504087,7.239712535972172
618.2635622978601,7.62628956015207
619.226684183899,8.012668597665645
620.1898897567287,8.39883959065429
621.1531829563519,8.784792484159292
622.1165677141815,9.170517226268426
623.0800479526532,9.556003768262926
624.0436275848369,9.941242064764936
625.0073105140497,10.326222073885457
625.9711006334709,10.710933757374017
626.9350018257536,11.095367080766538
627.8990179626413,11.479512013536464
628.8631529045837,11.863358529245133
629.8274105003502,12.24689660569242
630.7917945866503,12.630116225069933
631.7563089877482,13.013007374112629
632.720957515083,13.395560044252981
633.6857439668872,13.777764231775077
634.6506721278067,14.159609937969497
635.6157457685216,14.541087169289279
636.5809686453681,14.922185937506736
637.5463444999608,15.302896259870824
638.5118770588175,15.683208159265863
639.4775700329815,16.063111664370226
640.4434271176481,16.442596809817186
641.4094519917935,16.821653636356324
642.3756483177973,17.20027219101443
643.3420197410758,17.578442527260144
644.3085698897092,17.956154705167123
645.2753023740736,18.33339879157944
646.2422207864714,18.710164860277658
647.2093287007663,19.086442992146306
648.1766296720166,19.46222327534209
649.1441272361116,19.837495805463252
650.1118249094055,20.212250685719667
651.0797261883615,20.58647802710594
652.0478345491849,20.960167948572384
653.016153447467,21.333310577200024
653.9846863178274,21.705896048375877
654.9534365735576,22.077914505969176
655.922407606264,22.449356102508347
656.8916027855167,22.820210999360853
657.8610254584967,23.190469366912744
658.8306789496452,23.56012138475021
659.8005665603149,23.92915724184219
660.7706915684221,24.297567136724236
661.7410572281016,24.66534127768417
662.7116667693629,25.0324698829486
663.6825233977474,25.398943180870816
664.6536302939854,25.764751410119803
665.6249906136635,26.129884819872466
666.5966074868801,26.494333670003904
667.5684840179136,26.858088231282004
668.5406232848895,27.22113878556261
669.5130283394486,27.5834756259858
670.4857022064137,27.94508905717309
671.4586478834666,28.305969395427866
672.4318683408208,28.666106968936017
673.4053665208942,29.02549211796721
674.3791453379935,29.384115195080646
675.353207677989,29.741966565328603
676.3275563979996,30.099036606464466
677.3021943260777,30.455315709150902
678.2771242608947,30.810794277169727
679.2523489714276,31.165462727632956
680.227871196658,31.51931149119767
681.2036936452564,31.872331012278547
682.1798189952813,32.22451174926513
683.1562498938817,32.57584417474059
684.1329889569895,32.926318775699286
685.1100387690285,33.27592605376954
686.0874018826172,33.6246565254355
687.0650808182786,33.97250072226212
688.0430780641452,34.31944919111986
689.0213960756809,34.66549249441431
690.0000372753852,35.010621210313104
690.9790040525238,35.3548259329794
691.9582987628389,35.69809727280217
692.9379237282756,36.040425856631245
693.9178812367142,36.38180232801439
694.8981735416888,36.722217347432604
695.8788028621278,37.06166159254123
696.8597713820836,37.40012575840997
697.8410812504741,37.73760055776603
698.8227345808162,38.074076721237134
699.8047334509791,38.40954499759938
700.7870799029217,38.74399615402304
701.7697759424473,39.07742097632292
702.7528235389541,39.40981026920897
703.7362246251919,39.74115485653897
704.7199810970192,40.07144558157263
705.7040948131664,40.40067330722792
706.6885675950025,40.728828916338756
707.673401226298,41.055903311913525
708.6585974530053,41.38188741739765
709.6441579830247,41.70677217693431
710.6300844859883,42.03054855563018
711.6163785930424,42.35320753982111
712.603041896628,42.674740137338986
713.5900759502733,42.99513737778173
714.5774822683865,43.31439031278419
715.5652623260504,43.63249001629036
716.5534175588176,43.94942758482668
717.5419493625233,44.26519413777979
718.5308590930834,44.57978081767199
719.5201480663081,44.893178790440686
720.5098175577164,45.20537924571924
721.4998688023541,45.516373397118784
722.4903029946149,45.8261524825117
723.4811212880657,46.13470776431677
724.4723247952772,46.44203052978613
725.4639145876567,46.74811209129322
726.4558916952881,47.05294378662301
727.448257106767,47.35651697926204
728.4410117690521,47.65882305869227
729.4341565873143,47.95985344068502
730.4276924247886,48.2595995675962
731.4216201026281,48.558052908662816
732.4159403997763,48.85520496030318
733.4106540528245,49.15104724641502
734.4057617558828,49.44557131867687
735.4012641604603,49.73876875685173
736.3971618753388,50.03063116908977
737.3934554664609,50.32115019223445
738.390145456812,50.610317492127976
739.3872323263164,50.89812476391985
740.3847165117355,51.184563732376105
741.3825984065666,51.469626152188916
742.380878360944,51.753303808287654
743.379556681561,52.03558851615331
744.3786336315749,52.31647212213055
745.3781094305268,52.59594650374281
746.3779842542723,52.87400357000948
747.3782582349048,53.15063526176199
748.3789314606906,53.42583355196217
749.3800039760066,53.69959044602156
750.3814757812844,53.97189798212153
751.3833468329564,54.24274823153442
752.3856170434125,54.51213329894597
753.3882862809514,54.78004532277747
754.3913543697458,55.04647647551013
755.3948210898149,55.31141896401056
756.3986861769876,55.57486502985476
757.4029493228829,55.83680694965514
758.4076101748975,56.097237035388325
759.4126683361869,56.356147634721864
760.4181233656568,56.61353113134267
761.4239747779665,56.869379945287065
762.430222043525,57.12368653326952
763.4368645885045,57.376443389013744
764.4439017948465,57.62764304358254
765.4513330002835,57.87727806570983
766.4591574983643,58.125341062132655
767.4673745384752,58.37182467792234
768.4759833258801,58.61672159681824
769.4849830217532,58.8600245415596
770.4943727432308,59.101726274220155
771.5041515634538,59.34181959654045
772.5143185116189,59.5802973502613
773.5248725730514,59.81715241745967
774.5358126892587,60.05237772088073
775.547137758001,60.285966224272464
776.5588466333743,60.51791093272085
777.570938125888,60.74820489298342
778.5834110025467,60.97684119382293
779.5962639869485,61.20381296634257
780.6094957593791,61.42911338431931
781.6231049569167,61.65273566453826
782.6370901735354,61.874673067125606
783.6514499602222,62.09491889588254
784.6661828250973,62.31346649861865
785.681287233536,62.53030926748417
786.6967616082964,62.74544063930216
787.7126043296586,62.95885409590109
788.7288137355653,63.17054316444616
789.745388121763,63.380501417769565
790.7623257419594,63.58872247470171
791.7796248079766,63.79520000040027
792.7972834899151,63.999927706679564
793.8152999163234,64.20289935233885
794.8336721743652,64.40410874348925
795.8523983100048,64.60354973388122
796.8714763281905,64.80121622523018
797.8909041930393,64.9971021675407
798.9106798280359,65.19120155943116
799.930801116236,65.38350844845665
800.9512659004649,65.57401693142987
801.9720719835346,65.76272115474268
802.9932171284584,65.94961531468505
804.014699058675,66.1346936577637
805.036515458271,66.31795048101826
806.0586639722211,66.49938013233788
807.0811422066186,66.67897701077439
808.1039477289263,66.85673556685603
809.1270780682213,67.03265030289805
810.1505307154456,67.20671577331217
811.1743031236751,67.37892658491569
812.1983927083772,67.54927739723709
813.2227968476789,67.71776292282061
814.24751288265,67.88437792753021
815.2725381175773,68.04911723084983
816.2978698202513,68.21197570618295
817.3235052222573,68.37294828115004
818.349441519271,68.5320299378839
819.3756758713618,68.68921571332328
820.4022054032929,68.84450069950357
821.4290272048394,68.99788004384678
822.4561383310976,69.14934894944784
823.4835358028117,69.29890267535998
824.5112166066974,69.4465365368768
825.5391776957688,69.59224590581229
826.5674159896822,69.7360262107793
827.595928375071,69.87787293746422
828.6247117058888,70.01778162889973
829.6537628037692,70.15574788573599
830.6830784583678,70.29176736650709
831.7126554277329,70.42583578789728
832.7424904386622,70.55794892500253
833.7725801870766,70.68810261159072
834.8029213383885,70.8162927403579
835.8335105278838,70.94251526318291
836.8643443611027,71.06676619137812
837.8954194142251,71.18904159593765
838.9267322344633,71.30933760778264
839.9582793404584,71.42765041800351
840.9900572226757,71.5439762780986
842.0220623438122,71.65831150021069
843.0542911392054,71.77065245735946
844.0867400172399,71.88099558367091
845.1194053597715,71.98933737460416
846.1522835225412,72.09567438717389
847.1853708356009,72.20000324017016
848.218663603743,72.30232061437476
849.2521581069318,72.4026232527739
850.2858506007374,72.50090796076744
851.3197373167759,72.59717160637464
852.3538144631559,72.69141112043674
853.3880782249176,72.78362349681484
854.4225247644922,72.87380579258564
855.4571502221467,72.96195512823203
856.4919507164485,73.04806868783106
857.5269223447199,73.13214371923736
858.5620611835055,73.21417753426334
859.5973632890376,73.29416750885512
860.6328246977068,73.37211108326488
861.6684414265331,73.44800576221897
862.7042094736463,73.52184911508257
863.7401248187605,73.5936387760197
864.7761834236576,73.66337244414981
865.8123812326745,73.73104788370006
866.8487141731853,73.79666292415334
867.8851781560961,73.86021546039264
868.9217690763364,73.92170345284083
869.9584828133516,73.98112492759638
870.9953152316046,74.03847797656519
872.0322621810725,74.09376075758766
873.0693194977505,74.14697149456188
874.1064830041556,74.19810847756253
875.1437485098337,74.24717006295516
876.181111811867,74.29415467350653
877.2185686953845,74.33906079849027
878.2561149340777,74.38188699378851
879.2937462907095,74.4226318819886
880.3314585176336,74.46129415247586
881.3692473573113,74.49787256152183
882.4071085428307,74.53236593236775
883.4450377984258,74.56477315530393
884.4830308400022,74.59509318774437
885.5210833756555,74.623325054297
886.5591911061998,74.64946784682931
887.597349725691,74.67352072452957
888.635554921956,74.69548291396333
889.6738023771169,74.71535370912538
890.7120877681239,74.73313247148737
891.7504067672807,74.74881863004038
892.788755042778,74.76241168133343
893.8271282592224,74.77391118950692
894.8655220781689,74.78331678632175
895.9039321586513,74.79062817118368
896.9423541577175,74.7958451111632
897.9807837309584,74.79896744101052
4,11
4,10
5,11
6,11
7,11
8,11
9,11
10,11
11,11
12,11
13,11
14,11
15,11
16,11
17,11
18,11
19,10
20,10
21,9
22,8
23,7
24,6
25,5
26,4
27,3
28,2
29,1
30,0
31,-1
32,-1
33,-2
34,-2
35,-3
36,-4
37,-4
38,-4
39,-5
40,-5
41,-5
42,-6
43,-6
44,-6
45,-6
46,-6
47,-6
48,-6
49,-6
50,-6
51,-6
52,-6
53,-6
54,-6
55,-7
56,-7
57,-7
58,-8
59,-8
60,-8
61,-9
62,-10
63,-10
64,-10
64,-11
65,-12
66,-12
67,-13
68,-14
69,-14
70,-14
71,-14
72,-14
73,-15
74,-15
75,-15
76,-15
77,-15
78,-15
79,-15
80,-15
81,-15
82,-15
83,-16
84,-16
85,-16
86,-16
87,-16
88,-16
89,-17
90,-17
91,-17
92,-17
93,-17
94,-17
95,-17
96,-17
97,-17
98,-17
99,-17
100,-17
101,-17
102,-17
103,-17
104,-18
105,-18
106,-18
107,-19
108,-19
109,-20
110,-20
111,-21
112,-22
113,-22
114,-22
115,-23
116,-23
117,-23
118,-24
119,-24
120,-24
121,-24
122,-24
123,-24
124,-24
125,-24
126,-24
127,-25
128,-25
129,-25
130,-25
131,-25
132,-25
133,-25
134,-25
135,-25
136,-25
137,-25
138,-25
139,-25
140,-25
141,-25
142,-25
143,-25
144,-25
145,-26
146,-26
147,-27
148,-28
149,-29
150,-30
150,-31
151,-32
152,-32
152,-33
153,-34
154,-34
154,-35
155,-36
156,-36
157,-37
158,-37
159,-38
160,-38
161,-38
162,-38
163,-37
164,-37
165,-37
166,-37
167,-37
168,-37
169,-37
170,-37
171,-37
172,-37
173,-37
174,-37
175,-37
176,-38
177,-38
178,-38
179,-39
180,-39
181,-39
182,-40
183,-40
184,-40
185,-40
186,-40
187,-39
188,-39
189,-39
190,-39
191,-39
192,-39
193,-39
194,-39
195,-39
196,-39
197,-39
198,-39
199,-39
200,-39
201,-39
202,-40
203,-40
204,-40
205,-40
206,-40
207,-40
208,-40
209,-40
210,-39
211,-39
212,-39
213,-39
214,-38
215,-38
216,-38
217,-37
218,-37
219,-37
220,-37
221,-37
222,-37
223,-37
224,-37
225,-37
226,-37
227,-38
228,-38
229,-38
230,-38
231,-39
232,-39
233,-39
234,-40
235,-40
236,-40
237,-41
238,-42
239,-42
240,-42
241,-43
242,-43
243,-43
244,-44
245,-44
246,-44
247,-44
248,-44
249,-44
250,-44
251,-44
252,-44
253,-44
254,-44
255,-44
256,-44
257,-44
258,-44
259,-45
260,-45
261,-45
262,-46
263,-46
264,-46
265,-47
266,-48
267,-49
268,-50
269,-50
270,-50
271,-51
272,-51
273,-52
274,-52
275,-52
276,-52
277,-53
278,-53
279,-54
280,-54
281,-54
282,-54
283,-55
284,-55
285,-56
286,-56
287,-57
288,-57
289,-58
290,-58
291,-58
292,-58
293,-59
294,-59
295,-60
296,-60
297,-60
298,-60
299,-61
300,-61
301,-61
302,-61
303,-61
304,-61
305,-61
306,-61
307,-61
308,-61
309,-61
310,-61
311,-61
312,-61
313,-61
314,-61
315,-61
316,-61
317,-61
318,-61
319,-61
320,-62
321,-62
322,-62
323,-63
324,-63
325,-64
326,-64
327,-64
328,-65
329,-66
330,-66
331,-67
332,-67
333,-68
334,-68
335,-68
336,-68
337,-68
338,-68
339,-68
340,-68
341,-68
342,-67
343,-67
344,-66
345,-66
346,-65
347,-65
348,-64
349,-64
350,-63
351,-63
352,-62
353,-62
354,-62
355,-62
356,-61
357,-61
358,-61
359,-61
360,-60
361,-60
362,-60
363,-59
364,-59
365,-59
366,-58
367,-58
368,-58
369,-57
370,-57
371,-57
372,-57
373,-57
374,-57
375,-57
376,-57
377,-57
378,-57
379,-57
380,-57
381,-57
382,-56
383,-56
384,-56
385,-56
386,-56
387,-55
388,-54
389,-54
390,-53
391,-52
392,-51
393,-51
394,-50
395,-49
396,-48
397,-48
398,-47
399,-47
400,-46
401,-45
402,-44
403,-44
404,-44
405,-44
406,-44
407,-43
408,-43
409,-43
410,-42
411,-42
412,-42
413,-42
414,-41
415,-41
416,-40
417,-40
418,-40
419,-38
419,-39
420,-38
421,-37
422,-36
423,-36
424,-35
425,-35
426,-33
426,-34
427,-33
428,-32
429,-31
430,-30
431,-30
432,-30
433,-29
434,-29
435,-28
436,-28
437,-28
438,-28
439,-27
440,-27
441,-27
442,-27
443,-27
444,-27
445,-27
446,-27
447,-28
448,-28
449,-28
450,-28
451,-28
452,-28
453,-28
454,-28
455,-29
456,-29
457,-29
458,-29
459,-29
460,-29
461,-29
462,-28
463,-28
464,-28
465,-28
466,-28
467,-28
468,-27
469,-27
470,-26
471,-26
472,-25
473,-25
474,-24
475,-24
476,-24
477,-23
478,-23
479,-23
480,-22
481,-22
482,-22
483,-22
484,-22
485,-23
486,-23
487,-23
488,-23
489,-24
490,-24
491,-24
492,-24
493,-25
494,-25
495,-26
496,-26
497,-26
498,-26
499,-27
500,-27
501,-27
502,-27
503,-27
504,-26
505,-26
506,-26
507,-26
508,-26
509,-25
510,-24
511,-24
512,-24
513,-23
514,-22
515,-22
516,-22
517,-21
518,-20
519,-20
520,-20
521,-19
522,-19
523,-19
524,-18
525,-18
526,-17
527,-17
528,-17
529,-17
530,-16
531,-16
532,-16
533,-16
534,-16
535,-16
536,-16
537,-15
538,-15
539,-15
540,-14
541,-14
542,-14
543,-13
544,-12
545,-11
546,-10
547,-9
548,-8
549,-7
550,-6
551,-5
552,-4
553,-3
554,-3
555,-3
556,-2
557,-2
558,-2
559,-1
560,-1
561,-1
562,-1
563,-1
564,0
565,0
566,0
567,0
568,1
569,1
570,2
571,2
572,2
573,3
574,3
575,3
576,4
577,4
578,4
579,4
580,4
581,5
582,5
583,5
584,6
585,6
586,7
587,7
588,8
589,8
590,10
590,9
591,11
592,12
593,12
594,14
594,13
595,14
596,15
597,15
598,16
599,16
600,16
601,16
602,16
603,16
604,16
605,16
606,16
607,16
608,16
609,17
610,17
611,17
612,18
613,18
614,19
615,19
616,20
617,21
618,22
619,22
620,22
621,23
622,23
623,23
624,24
625,24
626,24
627,25
628,25
629,25
630,26
631,26
632,26
633,26
634,27
635,27
636,28
637,28
638,28
639,28
640,28
641,29
642,29
643,29
644,29
645,29
646,29
647,29
648,29
649,29
650,29
651,29
652,30
653,30
654,30
655,30
656,30
657,30
658,31
659,31
660,32
661,32
662,32
663,33
664,34
665,34
666,34
667,35
668,36
669,36
670,36
671,37
672,38
673,38
674,39
675,39
676,40
677,40
678,41
679,41
680,42
681,42
682,42
683,42
684,43
685,43
686,43
687,43
688,43
689,43
690,43
691,43
692,43
693,43
694,44
695,44
696,46
696,45
697,46
698,47
699,47
700,50
700,49
700,48
701,51
702,52
703,54
703,53
704,56
704,55
705,56
706,58
706,57
707,59
708,60
709,61
710,62
711,62
712,62
713,63
714,64
715,64
716,64
717,65
718,66
719,66
720,66
721,67
722,67
723,68
724,68
725,68
726,68
727,68
728,69
729,69
730,69
731,69
732,69
733,69
734,69
735,69
736,70
737,70
738,70
739,70
740,71
741,71
742,72
743,72
744,74
744,73
745,74
746,74
747,75
748,76
749,76
750,78
750,77
751,78
752,78
753,79
754,80
755,80
756,80
757,81
758,81
759,81
760,82
761,82
762,83
763,83
764,83
765,83
766,84
767,84
768,84
769,84
770,84
771,84
772,84
773,84
774,84
775,84
776,84
777,84
778,84
779,84
780,84
781,84
782,84
783,84
784,84
785,84
786,85
787,85
788,86
789,86
790,88
790,87
791,88
792,88
793,89
794,90
795,90
796,90
797,90
798,91
799,91
800,91
801,91
802,91
803,91
804,91
805,91
806,91
807,90
808,90
809,90
810,90
811,90
812,90
813,90
814,91
815,91
816,91
817,91
818,92
819,92
820,92
821,93
822,93
823,93
824,94
825,94
826,94
827,94
828,94
829,94
830,94
831,95
832,95
833,95
834,95
835,95
836,95
837,95
838,95
839,95
840,95
841,95
842,95
843,95
844,95
845,94
846,94
847,94
848,94
849,94
850,94
851,94
852,94
853,94
854,94
855,94
856,94
857,94
858,94
859,93
860,93
861,93
862,93
863,93
864,92
865,92
866,92
867,91
868,91
869,90
870,90
871,89
872,89
873,88
874,88
875,88
876,88
877,88
878,88
879,88
880,88
881,89
882,89
883,89
884,90
885,90
886,91
887,91
888,92
889,92
890,92
891,92
892,92
893,92
894,92
895,92
896,92
897,91
897,90
897,89
897,88
897,87
897,86
897,85
897,84
23,57
24,57
25,57
26,57
27,57
28,57
29,57
30,57
31,57
32,57
33,57
34,57
35,56
36,56
37,56
38,56
39,56
40,56
41,56
42,56
43,56
44,56
45,56
46,56
47,56
48,56
49,56
50,56
51,55
52,55
53,55
54,55
55,55
56,55
57,55
58,55
59,55
60,55
61,55
62,55
63,55
64,55
65,54
66,54
67,54
68,54
69,54
70,54
71,54
72,54
73,54
74,54
75,54
76,54
77,54
78,54
79,53
80,53
81,53
82,53
83,53
84,53
85,53
86,53
87,53
88,53
89,53
90,52
91,52
92,52
93,52
94,52
95,52
96,52
97,52
98,52
99,51
100,51
101,51
102,51
103,51
104,51
105,51
106,51
107,51
108,50
109,50
110,50
111,50
112,50
113,50
114,50
115,49
116,49
117,49
118,49
119,49
120,48
121,48
122,48
123,48
124,48
125,48
126,48
127,47
128,47
129,47
130,47
131,47
132,46
133,46
134,46
135,46
136,46
137,45
138,45
139,45
140,44
141,44
142,44
143,44
144,44
145,43
146,43
147,43
148,42
149,42
150,42
151,42
152,42
153,41
154,41
155,41
156,40
157,40
158,40
159,40
160,40
161,39
162,38
163,38
164,38
165,38
166,38
167,37
168,37
169,36
170,36
171,36
172,36
173,35
174,35
175,34
176,34
177,34
178,34
179,33
180,33
181,32
182,32
183,32
184,32
185,31
186,30
187,30
188,30
189,30
190,30
191,29
192,28
193,28
194,28
195,27
196,27
197,27
198,26
199,26
200,26
201,25
202,25
203,24
204,24
205,24
206,24
207,23
208,23
209,22
210,22
211,22
212,22
213,21
214,21
215,20
216,20
217,20
218,20
219,19
220,19
221,18
222,18
223,18
224,18
225,17
226,17
227,16
228,16
229,16
230,16
231,15
232,15
233,14
234,14
235,14
236,14
237,13
238,13
239,13
240,12
241,12
242,12
243,11
244,11
245,11
246,11
247,10
248,10
249,10
250,10
251,9
252,9
253,9
254,8
255,8
256,8
257,8
258,8
259,7
260,7
261,7
262,6
263,6
264,6
265,6
266,6
267,5
268,5
269,5
270,4
271,4
272,4
273,4
274,4
275,3
276,3
277,3
278,3
279,2
280,2
281,2
282,2
283,1
284,1
285,1
286,1
287,1
288,0
289,0
290,0
291,0
292,0
293,-1
294,-1
295,-1
296,-1
297,-2
298,-2
299,-2
300,-2
301,-2
302,-2
303,-3
304,-3
305,-3
306,-3
307,-4
308,-4
309,-4
310,-4
311,-4
312,-4
313,-5
314,-5
315,-5
316,-5
317,-5
318,-6
319,-6
320,-6
321,-6
322,-6
323,-7
324,-7
325,-7
326,-7
327,-7
328,-8
329,-8
330,-8
331,-8
332,-8
333,-8
334,-9
335,-9
336,-9
337,-9
338,-9
339,-10
340,-10
341,-10
342,-10
343,-10
344,-10
345,-11
346,-11
347,-11
348,-11
349,-11
350,-12
351,-12
352,-12
353,-12
354,-12
355,-12
356,-12
357,-13
358,-13
359,-13
360,-13
361,-13
362,-13
363,-13
364,-14
365,-14
366,-14
367,-14
368,-14
369,-14
370,-14
371,-15
372,-15
373,-15
374,-15
375,-15
376,-15
377,-15
378,-15
379,-16
380,-16
381,-16
382,-16
383,-16
384,-16
385,-16
386,-16
387,-16
388,-16
389,-17
390,-17
391,-17
392,-17
393,-17
394,-17
395,-17
396,-17
397,-17
398,-17
399,-17
400,-17
401,-17
402,-17
403,-17
404,-17
405,-17
406,-18
407,-18
408,-18
409,-18
410,-18
411,-18
412,-18
413,-18
414,-18
415,-18
416,-18
417,-18
418,-18
419,-18
420,-18
421,-17
422,-17
423,-17
424,-17
425,-17
426,-17
427,-17
428,-17
429,-17
430,-17
431,-17
432,-17
433,-17
434,-17
435,-17
436,-16
437,-16
438,-16
439,-16
440,-16
441,-16
442,-16
443,-16
444,-16
445,-15
446,-15
447,-15
448,-15
449,-15
450,-15
451,-15
452,-14
453,-14
454,-14
455,-14
456,-14
457,-13
458,-13
459,-13
460,-13
461,-13
462,-12
463,-12
464,-12
465,-12
466,-12
467,-11
468,-11
469,-11
470,-11
471,-11
472,-10
473,-10
474,-10
475,-10
476,-9
477,-9
478,-8
479,-8
480,-8
481,-8
482,-7
483,-7
484,-7
485,-7
486,-6
487,-6
488,-6
489,-5
490,-5
491,-5
492,-4
493,-4
494,-4
495,-4
496,-3
497,-3
498,-2
499,-2
500,-2
501,-1
502,-1
503,-1
504,0
505,0
506,0
507,1
508,1
509,1
510,2
511,2
512,2
513,3
514,3
515,3
516,4
517,4
518,4
519,5
520,6
521,6
522,6
523,7
524,7
525,7
526,8
527,8
528,8
529,9
530,9
531,9
532,10
533,10
534,10
535,11
536,12
537,12
538,12
539,13
540,13
541,13
542,14
543,14
544,14
545,15
546,16
547,16
548,16
549,16
550,17
551,17
552,18
553,18
554,18
555,18
556,19
557,19
558,20
559,20
560,20
561,20
562,21
563,21
564,22
565,22
566,23
567,23
568,24
569,24
570,24
571,24
572,25
573,25
574,26
575,26
576,26
577,26
578,27
579,27
580,28
581,28
582,28
583,28
584,29
585,29
586,30
587,30
588,30
589,30
590,31
591,31
592,32
593,32
594,32
595,32
596,32
597,33
598,33
599,33
600,34
601,34
602,34
603,35
604,35
605,35
606,36
607,36
608,36
609,37
610,37
611,37
612,38
613,38
614,38
615,38
616,39
617,39
618,40
619,40
620,40
621,40
622,41
623,41
624,42
625,42
626,42
627,42
628,42
629,43
630,43
631,43
632,44
633,44
634,44
635,45
636,45
637,45
638,46
639,46
640,46
641,47
642,47
643,47
644,48
645,48
646,48
647,48
648,49
649,49
650,50
651,50
652,50
653,50
654,51
655,51
656,52
657,52
658,52
659,52
660,53
661,53
662,54
663,54
664,54
665,54
666,55
667,55
668,56
669,56
670,56
671,56
672,57
673,57
674,58
675,58
676,58
677,58
678,59
679,59
680,60
681,60
682,60
683,60
684,61
685,61
686,62
687,62
688,62
689,62
690,63
691,63
692,64
693,64
694,64
695,64
696,65
697,65
698,66
699,66
700,66
701,67
702,67
703,67
704,68
705,68
706,68
707,69
708,69
709,69
710,70
711,70
712,70
713,71
714,71
715,71
716,72
717,72
718,72
719,73
720,74
721,74
722,74
723,74
724,75
725,75
726,76
727,76
728,76
729,77
730,77
731,77
732,78
733,78
734,79
735,79
736,80
737,80
738,80
739,80
740,81
741,81
742,82
743,82
744,82
745,83
746,84
747,84
748,84
749,84
750,85
751,85
752,86
753,86
754,86
755,87
756,87
757,87
758,88
759,88
760,89
761,89
762,90
763,90
764,90
765,91
766,91
767,91
768,92
769,92
770,93
771,93
772,94
773,94
774,94
775,94
776,95
777,95
778,96
779,96
780,96
781,96
782,97
783,97
784,98
785,98
786,98
787,99
788,100
789,100
790,100
791,100
792,101
793,101
794,102
795,102
796,102
797,103
798,103
799,103
800,104
801,104
802,104
803,105
804,105
805,105
806,106
807,106
808,107
809,107
810,108
811,108
812,108
813,109
814,109
815,109
816,110
817,110
818,110
819,110
820,111
821,111
822,112
823,112
824,112
825,113
826,113
827,113
828,114
829,114
830,115
831,115
832,115
833,115
834,116
835,116
836,117
837,117
838,118
839,118
840,118
841,118
842,119
843,119
844,120
845,120
846,120
847,120
848,121
849,121
850,122
851,122
852,122
853,123
854,123
855,123
856,124
857,124
858,124
859,124
860,125
861,125
862,126
863,126
864,126
865,126
866,127
867,127
868,128
869,128
870,128
871,129
872,129
873,129
874,130
875,130
876,130
877,130
878,131
879,131
880,131
881,131
882,132
883,132
884,132
885,133
886,133
887,134
888,134
889,134
890,134
891,135
892,135
893,135
894,136
895,136
896,136
897,136
37,93
38,92
39,92
40,92
41,91
42,91
43,90
44,90
45,90
46,90
47,89
48,88
49,88
50,88
51,87
52,87
53,87
54,86
55,86
56,86
57,85
58,84
59,84
60,84
61,83
62,83
63,82
64,82
65,82
66,82
67,81
68,81
69,80
70,80
71,79
72,79
73,78
74,78
75,78
76,78
77,77
78,77
79,76
80,76
81,75
82,75
83,75
84,74
85,74
86,74
87,73
88,73
89,72
90,72
91,72
92,72
93,71
94,70
95,70
96,70
97,69
98,69
99,68
100,68
101,68
102,68
103,67
104,67
105,66
106,66
107,65
108,65
109,65
110,64
111,64
112,64
113,63
114,63
115,62
116,62
117,62
118,62
119,61
120,61
121,60
122,60
123,60
124,60
125,59
126,59
127,58
128,58
129,58
130,57
131,57
132,56
133,56
134,56
135,56
136,56
137,55
138,54
139,54
140,54
141,53
142,53
143,53
144,53
145,52
146,52
147,51
148,51
149,51
150,51
151,50
152,50
153,50
154,50
155,49
156,49
157,48
158,48
159,48
160,48
161,47
162,47
163,47
164,46
165,46
166,46
167,45
168,45
169,45
170,45
171,44
172,44
173,44
174,44
175,43
176,43
177,43
178,42
179,42
180,42
181,42
182,42
183,41
184,41
185,40
186,40
187,40
188,40
189,40
190,39
191,39
192,39
193,39
194,38
195,38
196,38
197,38
198,38
199,37
200,37
201,37
202,36
203,36
204,36
205,36
206,36
207,35
208,35
209,35
210,35
211,35
212,34
213,34
214,34
215,34
216,34
217,33
218,33
219,33
220,33
221,33
222,32
223,32
224,32
225,32
226,32
227,32
228,32
229,31
230,31
231,31
232,31
233,31
234,30
235,30
236,30
237,30
238,30
239,30
240,30
241,29
242,29
243,29
244,29
245,29
246,29
247,29
248,28
249,28
250,28
251,28
252,28
253,28
254,28
255,28
256,28
257,27
258,27
259,27
260,27
261,27
262,27
263,27
264,27
265,27
266,27
267,26
268,26
269,26
270,26
271,26
272,26
273,26
274,26
275,26
276,26
277,26
278,26
279,26
280,26
281,26
282,26
283,26
284,26
285,25
286,25
287,25
288,25
289,25
290,25
291,25
292,25
293,25
294,25
295,25
296,25
297,25
298,25
299,25
300,25
301,25
302,25
303,25
304,25
305,25
306,25
307,25
308,25
309,25
310,25
311,25
312,25
313,25
314,25
315,25
316,26
317,26
318,26
319,26
320,26
321,26
322,26
323,26
324,26
325,26
326,26
327,26
328,26
329,26
330,26
331,26
332,26
333,27
334,27
335,27
336,27
337,27
338,27
339,27
340,27
341,27
342,27
343,27
344,28
345,28
346,28
347,28
348,28
349,28
350,28
351,28
352,28
353,29
354,29
355,29
356,29
357,29
358,29
359,29
360,30
361,30
362,30
363,30
364,30
365,30
366,30
367,31
368,31
369,31
370,31
371,31
372,32
373,32
374,32
375,32
376,32
377,32
378,32
379,33
380,33
381,33
382,33
383,33
384,34
385,34
386,34
387,34
388,34
389,35
390,35
391,35
392,36
393,36
394,36
395,36
396,36
397,36
398,37
399,37
400,37
401,37
402,38
403,38
404,38
405,38
406,38
407,39
408,39
409,39
410,40
411,40
412,40
413,40
414,40
415,41
416,41
417,41
418,42
419,42
420,42
421,42
422,43
423,43
424,43
425,43
426,44
427,44
428,44
429,45
430,45
431,45
432,46
433,46
434,46
435,46
436,47
437,47
438,47
439,47
440,48
441,48
442,48
443,49
444,49
445,49
446,50
447,50
448,50
449,51
450,51
451,51
452,52
453,52
454,52
455,53
456,53
457,53
458,54
459,54
460,54
461,54
462,55
463,55
464,56
465,56
466,56
467,56
468,57
469,57
470,58
471,58
472,58
473,58
474,59
475,59
476,60
477,60
478,60
479,61
480,61
481,61
482,62
483,62
484,62
485,63
486,64
487,64
488,64
489,64
490,65
491,65
492,66
493,66
494,66
495,67
496,67
497,67
498,68
499,68
500,68
501,69
502,69
503,69
504,70
505,70
506,71
507,71
508,72
509,72
510,72
511,72
512,73
513,73
514,74
515,74
516,75
517,75
518,76
519,76
520,76
521,76
522,77
523,77
524,78
525,78
526,78
527,79
528,80
529,80
530,80
531,80
532,81
533,81
534,82
535,82
536,82
537,83
538,83
539,83
540,84
541,84
542,85
543,85
544,86
545,86
546,86
547,87
548,88
549,88
550,88
551,88
552,89
553,89
554,90
555,90
556,90
557,91
558,91
559,91
560,92
561,92
562,93
563,93
564,94
565,94
566,95
567,95
568,96
569,96
570,96
571,97
572,97
573,97
574,98
575,98
576,98
577,99
578,100
579,100
580,100
581,100
582,101
583,101
584,102
585,102
586,102
587,103
588,104
589,104
590,104
591,104
592,105
593,105
594,106
595,106
596,106
597,107
598,108
599,108
600,108
601,108
602,109
603,109
604,110
605,110
606,110
607,111
608,112
609,112
610,112
611,112
612,113
613,113
614,114
615,114
616,114
617,115
618,115
619,115
620,116
621,116
622,117
623,117
624,118
625,118
626,118
627,119
628,119
629,119
630,120
631,120
632,120
633,121
634,121
635,121
636,122
637,122
638,122
639,123
640,124
641,124
642,124
643,124
644,125
645,125
646,126
647,126
648,126
649,127
650,127
651,127
652,128
653,128
654,128
655,129
656,129
657,129
658,130
659,130
660,130
661,131
662,132
663,132
664,132
665,132
666,133
667,133
668,133
669,133
670,134
671,134
672,135
673,135
674,136
675,136
676,136
677,136
678,137
679,137
680,137
681,137
682,138
683,138
684,139
685,139
686,140
687,140
688,140
689,140
690,141
691,141
692,141
693,141
694,142
695,142
696,142
697,143
698,143
699,143
700,144
701,144
702,144
703,144
704,145
705,145
706,146
707,146
708,146
709,146
710,146
711,147
712,147
713,147
714,148
715,148
716,148
717,149
718,149
719,149
720,150
721,150
722,150
723,150
724,151
725,151
726,151
727,151
728,152
729,152
730,152
731,152
732,153
733,153
734,153
735,153
736,154
737,154
738,154
739,154
740,155
741,155
742,155
743,155
744,156
745,156
746,156
747,156
748,157
749,157
750,157
751,157
752,158
753,158
754,158
755,158
756,158
757,159
758,159
759,159
760,160
761,160
762,160
763,160
764,160
765,160
766,161
767,161
768,161
769,161
770,162
771,162
772,162
773,162
774,162
775,163
776,163
777,163
778,163
779,163
780,163
781,164
782,164
783,164
784,164
785,164
786,165
787,165
788,165
789,165
790,165
791,165
792,166
793,166
794,166
795,166
796,166
797,166
798,167
799,167
800,167
801,167
802,167
803,167
804,168
805,168
806,168
807,168
808,168
809,168
810,168
811,169
812,169
813,169
814,169
815,169
816,169
817,169
818,170
819,170
820,170
821,170
822,170
823,170
824,170
825,170
826,171
827,171
828,171
829,171
830,171
831,171
832,171
833,171
834,171
835,171
836,172
837,172
838,172
839,172
840,172
841,172
842,172
843,172
844,172
845,172
846,173
847,173
848,173
849,173
850,173
851,173
852,173
853,173
854,173
855,173
856,173
857,173
858,174
859,174
860,174
861,174
862,174
863,174
864,174
865,174
866,174
867,174
868,174
869,174
870,174
871,174
872,174
873,174
874,174
875,174
876,174
877,174
878,174
879,174
880,175
881,175
882,175
883,175
884,175
885,175
886,175
887,175
888,175
889,175
890,175
891,175
892,175
893,175
894,175
895,175
896,175
897,175
-4,-12
-4,-11
-3,-12
-3,-9
-3,-8
-2,-14
-2,-13
-2,-6
-1,-14
-1,-4
-1,-3
0,-16
0,-15
1,-16
2,-18
2,-17
3,-18
4,-19
5,-20
6,-20
7,-21
8,-21
9,-21
10,-21
11,-21
12,-21
13,-21
14,-21
15,-21
16,-21
17,-21
18,-21
19,-21
20,-21
21,-21
22,-21
23,-21
24,-21
25,-21
26,-22
27,-22
28,-22
29,-22
30,-23
31,-23
32,-24
33,-24
34,-25
35,-25
36,-26
37,-27
38,-28
39,-29
40,-30
41,-30
42,-32
42,-31
43,-32
44,-33
45,-33
46,-34
47,-34
48,-34
49,-35
50,-35
51,-35
52,-36
53,-36
54,-36
55,-36
56,-36
57,-36
58,-36
59,-37
60,-38
61,-38
62,-38
63,-39
64,-40
65,-40
66,-41
67,-42
68,-43
69,-43
70,-44
71,-44
72,-45
73,-45
74,-46
75,-46
76,-47
77,-47
78,-49
78,-48
79,-49
80,-50
81,-50
82,-52
82,-51
83,-52
84,-52
85,-53
86,-55
86,-54
87,-55
88,-56
89,-56
90,-57
91,-57
92,-58
93,-58
94,-58
95,-58
96,-58
97,-59
98,-59
99,-59
100,-59
101,-59
102,-59
103,-59
104,-60
105,-60
106,-61
107,-61
108,-62
109,-63
110,-64
111,-64
112,-64
113,-65
114,-66
115,-66
116,-67
117,-67
118,-68
119,-68
120,-70
120,-69
121,-70
122,-71
123,-71
124,-72
125,-73
126,-74
127,-74
128,-74
129,-74
130,-75
131,-75
132,-75
133,-75
134,-75
135,-74
136,-74
137,-74
138,-74
139,-74
140,-73
141,-73
142,-72
143,-72
144,-72
145,-72
146,-72
147,-72
148,-72
149,-72
150,-72
151,-73
152,-74
153,-74
154,-74
155,-76
155,-75
156,-77
157,-77
158,-78
159,-78
160,-79
161,-79
162,-80
163,-80
164,-80
165,-80
166,-80
167,-80
168,-80
169,-81
170,-81
171,-81
172,-82
173,-82
174,-82
175,-82
176,-83
177,-83
178,-84
179,-85
180,-86
181,-86
182,-86
183,-87
184,-88
185,-88
186,-88
187,-89
188,-89
189,-89
190,-90
191,-90
192,-90
193,-90
194,-90
195,-91
196,-91
197,-91
198,-92
199,-92
200,-94
200,-93
201,-94
202,-94
203,-95
204,-96
205,-96
206,-97
207,-97
208,-98
209,-98
210,-99
211,-99
212,-100
213,-100
214,-100
215,-100
216,-100
217,-100
218,-101
219,-101
220,-101
221,-101
222,-101
223,-101
224,-100
225,-100
226,-100
227,-100
228,-100
229,-100
230,-100
231,-100
232,-100
233,-99
234,-99
235,-99
236,-99
237,-99
238,-99
239,-99
240,-100
241,-100
242,-100
243,-100
244,-100
245,-101
246,-101
247,-101
248,-101
249,-101
250,-101
251,-101
252,-101
253,-101
254,-101
255,-101
256,-101
257,-101
258,-101
259,-100
260,-100
261,-99
262,-99
263,-99
264,-98
265,-98
266,-98
267,-98
268,-97
269,-97
270,-97
271,-96
272,-96
273,-96
274,-96
275,-96
276,-96
277,-95
278,-95
279,-95
280,-95
281,-94
282,-94
283,-94
284,-94
285,-93
286,-93
287,-92
288,-92
289,-91
290,-91
291,-91
292,-91
293,-90
294,-90
295,-90
296,-90
297,-89
298,-89
299,-89
300,-89
301,-89
302,-89
303,-89
304,-89
305,-89
306,-89
307,-89
308,-89
309,-89
310,-89
311,-89
312,-89
313,-89
314,-89
315,-89
316,-89
317,-88
318,-88
319,-88
320,-88
321,-87
322,-87
323,-86
324,-86
325,-85
326,-85
327,-84
328,-84
329,-83
330,-82
331,-82
332,-82
332,-81
333,-80
334,-80
335,-79
336,-79
337,-79
338,-78
339,-78
340,-78
341,-78
342,-79
343,-79
344,-79
345,-79
346,-80
347,-80
348,-80
349,-81
350,-81
351,-81
352,-81
353,-81
354,-82
355,-82
356,-82
357,-82
358,-82
359,-82
360,-82
361,-82
362,-82
363,-82
364,-82
365,-82
366,-82
367,-82
368,-82
369,-83
370,-83
371,-83
372,-83
373,-83
374,-82
375,-82
376,-82
377,-82
378,-82
379,-81
380,-81
381,-81
382,-81
383,-80
384,-80
385,-80
386,-80
387,-79
388,-79
389,-79
390,-79
391,-79
392,-80
393,-80
394,-80
395,-80
396,-80
397,-80
398,-81
399,-81
400,-82
401,-82
402,-82
403,-83
404,-83
405,-83
406,-83
407,-83
408,-83
409,-83
410,-83
411,-83
412,-83
413,-83
414,-83
415,-82
416,-82
417,-82
418,-82
419,-82
420,-82
421,-81
422,-81
423,-81
424,-81
425,-81
426,-81
427,-81
428,-81
429,-82
430,-82
431,-82
432,-82
433,-82
434,-82
435,-82
436,-82
437,-83
438,-83
439,-83
440,-83
441,-83
442,-83
443,-83
444,-83
445,-83
446,-83
447,-83
448,-83
449,-83
450,-83
451,-83
452,-82
453,-82
454,-82
455,-81
456,-81
457,-80
458,-80
459,-79
460,-78
461,-78
462,-78
462,-77
462,-76
463,-75
464,-75
465,-74
466,-74
467,-73
468,-72
469,-71
470,-71
471,-70
472,-70
473,-69
474,-68
475,-68
476,-68
477,-67
478,-67
479,-66
480,-66
481,-66
482,-66
483,-65
484,-65
485,-65
486,-65
487,-64
488,-64
489,-64
490,-64
491,-63
492,-63
493,-63
494,-62
495,-61
496,-61
497,-60
497,-59
498,-58
499,-57
500,-56
501,-55
502,-54
502,-53
503,-52
504,-52
504,-51
504,-50
505,-49
506,-48
507,-47
508,-46
509,-45
510,-45
511,-44
512,-44
513,-43
514,-43
515,-43
516,-42
517,-42
518,-42
519,-41
520,-41
521,-41
522,-41
523,-40
524,-40
525,-40
526,-40
527,-39
528,-39
529,-39
530,-39
531,-38
532,-38
533,-37
534,-37
535,-37
536,-36
537,-36
538,-36
538,-35
539,-34
540,-34
541,-33
542,-32
543,-31
544,-31
545,-30
546,-30
547,-30
548,-30
549,-29
550,-29
551,-29
552,-29
553,-29
554,-29
555,-29
556,-30
557,-30
558,-30
559,-30
560,-30
561,-30
562,-30
563,-29
564,-29
565,-29
566,-29
567,-28
568,-28
569,-27
570,-26
571,-25
572,-25
573,-24
574,-24
575,-23
576,-23
577,-22
578,-22
579,-22
580,-21
581,-20
582,-20
583,-19
584,-19
585,-18
586,-18
587,-17
588,-17
589,-16
590,-16
591,-15
592,-15
593,-14
594,-14
595,-14
596,-14
597,-13
598,-13
599,-13
600,-13
601,-13
602,-13
603,-13
604,-13
605,-13
606,-13
607,-12
608,-12
609,-12
610,-12
611,-11
612,-10
613,-9
614,-8
615,-7
616,-6
617,-6
618,-6
619,-5
620,-4
621,-4
622,-4
623,-3
624,-3
625,-3
626,-3
627,-2
628,-2
629,-2
630,-2
631,-1
632,-1
633,-1
634,0
635,0
636,1
637,2
638,2
639,3
640,3
641,4
642,4
643,5
644,5
645,6
646,6
647,7
648,7
649,8
650,8
651,9
652,10
653,10
654,10
654,11
654,12
655,13
656,13
657,14
658,14
659,15
660,16
661,17
662,17
663,18
664,18
665,19
666,19
667,19
668,19
669,20
670,20
671,20
672,20
673,21
674,21
675,21
676,21
677,21
678,22
679,22
680,22
681,22
682,22
683,23
684,23
685,23
686,23
687,24
688,24
689,25
690,25
691,26
692,26
693,27
694,28
695,28
695,29
696,30
697,30
698,30
699,31
700,31
701,31
702,31
703,31
704,31
705,31
706,30
707,30
708,30
709,29
710,29
711,29
712,28
713,28
714,27
715,27
716,27
717,27
718,26
719,26
720,26
721,26
722,26
723,26
724,26
725,26
726,26
727,27
728,27
729,27
730,27
731,27
732,28
733,28
734,28
735,28
736,28
737,29
738,29
739,30
740,30
741,31
742,31
743,32
744,32
745,33
746,33
747,33
748,34
749,34
750,34
751,34
752,34
753,34
754,34
755,34
756,34
757,34
758,34
759,34
760,34
761,34
762,33
763,33
764,33
765,33
766,33
767,33
768,34
769,34
770,34
771,34
772,34
773,34
774,34
775,35
776,35
777,35
778,35
779,35
780,36
781,36
782,36
783,37
784,38
785,38
786,38
786,39
787,40
788,40
789,41
790,42
791,42
792,42
793,42
794,42
795,42
796,42
797,42
798,42
799,42
800,42
801,41
802,41
803,41
804,41
805,41
806,41
807,41
808,41
809,42
810,42
811,42
812,42
813,43
814,44
815,44
816,44
817,45
818,46
819,46
820,46
821,46
822,46
823,46
824,46
825,46
826,46
827,46
828,46
829,46
830,46
831,46
832,46
833,46
834,46
835,47
836,47
837,47
838,47
839,47
840,47
841,48
842,48
843,48
844,48
845,49
846,49
847,49
848,50
849,50
850,50
851,50
852,50
853,51
854,51
855,51
856,52
857,52
858,52
859,52
860,52
861,53
862,53
863,54
864,54
865,55
866,55
867,56
868,56
869,57
870,57
871,58
872,58
873,59
874,59
875,60
876,60
877,61
878,61
879,61
880,61
881,61
882,60
883,60
884,60
885,59
886,58
887,58
888,58
889,58
890,57
891,57
892,57
893,57
894,57
895,58
896,58
897,58
897,59
897,60
897,61
897,62
897,63
897,64
897,65
-23,-57
-22,-58
-21,-59
-20,-60
-19,-61
-18,-62
-17,-62
-16,-64
-15,-64
-14,-66
-13,-66
-12,-66
-11,-67
-10,-69
-9,-69
-8,-70
-7,-71
-6,-72
-5,-73
-4,-74
-3,-74
-2,-76
-1,-76
0,-76
1,-78
2,-78
3,-79
4,-80
5,-80
6,-82
7,-82
8,-84
9,-84
10,-85
11,-85
12,-86
13,-87
14,-88
15,-89
16,-90
17,-90
18,-91
19,-91
20,-92
21,-93
22,-94
23,-94
24,-96
25,-96
26,-97
27,-97
28,-98
29,-99
30,-100
31,-100
32,-101
33,-101
34,-102
35,-103
36,-104
37,-104
38,-106
39,-106
40,-106
41,-107
42,-108
43,-108
44,-109
45,-109
46,-110
47,-110
48,-112
49,-112
50,-112
51,-113
52,-114
53,-114
54,-114
55,-115
56,-116
57,-116
58,-117
59,-117
60,-118
61,-118
62,-119
63,-119
64,-120
65,-120
66,-121
67,-121
68,-122
69,-122
70,-123
71,-123
72,-124
73,-124
74,-125
75,-125
76,-126
77,-126
78,-127
79,-127
80,-128
81,-128
82,-128
83,-129
84,-130
85,-130
86,-130
87,-130
88,-130
89,-131
90,-132
91,-132
92,-132
93,-132
94,-133
95,-133
96,-134
97,-134
98,-134
99,-135
100,-135
101,-135
102,-136
103,-136
104,-136
105,-136
106,-137
107,-137
108,-138
109,-138
110,-138
111,-138
112,-138
113,-139
114,-139
115,-139
116,-140
117,-140
118,-140
119,-141
120,-141
121,-141
122,-141
123,-141
124,-142
125,-142
126,-142
127,-142
128,-142
129,-143
130,-143
131,-143
132,-144
133,-144
134,-144
135,-144
136,-144
137,-144
138,-145
139,-145
140,-145
141,-145
142,-145
143,-145
144,-146
145,-146
146,-146
147,-146
148,-146
149,-147
150,-147
151,-147
152,-147
153,-147
154,-147
155,-147
156,-148
157,-148
158,-148
159,-148
160,-148
161,-148
162,-148
163,-148
164,-149
165,-149
166,-149
167,-149
168,-149
169,-149
170,-149
171,-149
172,-150
173,-150
174,-150
175,-150
176,-150
177,-150
178,-150
179,-150
180,-150
181,-150
182,-150
183,-150
184,-151
185,-151
186,-151
187,-151
188,-151
189,-151
190,-151
191,-151
192,-151
193,-151
194,-151
195,-151
196,-151
197,-151
198,-152
199,-152
200,-152
201,-152
202,-152
203,-152
204,-152
205,-152
206,-152
207,-152
208,-152
209,-152
210,-152
211,-152
212,-152
213,-152
214,-152
215,-152
216,-152
217,-152
218,-152
219,-152
220,-152
221,-152
222,-152
223,-152
224,-152
225,-152
226,-152
227,-152
228,-152
229,-152
230,-152
231,-152
232,-152
233,-152
234,-152
235,-152
236,-152
237,-152
238,-152
239,-152
240,-152
241,-152
242,-152
243,-152
244,-152
245,-152
246,-152
247,-152
248,-152
249,-152
250,-152
251,-152
252,-152
253,-152
254,-152
255,-152
256,-152
257,-152
258,-152
259,-152
260,-152
261,-152
262,-152
263,-151
264,-151
265,-151
266,-151
267,-151
268,-151
269,-151
270,-151
271,-151
272,-151
273,-151
274,-151
275,-151
276,-150
277,-150
278,-150
279,-150
280,-150
281,-150
282,-150
283,-150
284,-150
285,-150
286,-150
287,-149
288,-149
289,-149
290,-149
291,-149
292,-149
293,-149
294,-148
295,-148
296,-148
297,-148
298,-148
299,-148
300,-148
301,-147
302,-147
303,-147
304,-147
305,-147
306,-147
307,-146
308,-146
309,-146
310,-146
311,-146
312,-146
313,-145
314,-145
315,-145
316,-145
317,-145
318,-144
319,-144
320,-144
321,-144
322,-144
323,-143
324,-143
325,-143
326,-143
327,-142
328,-142
329,-142
330,-142
331,-141
332,-141
333,-141
334,-141
335,-140
336,-140
337,-140
338,-140
339,-139
340,-139
341,-139
342,-138
343,-138
344,-138
345,-138
346,-137
347,-137
348,-137
349,-136
350,-136
351,-136
352,-136
353,-135
354,-135
355,-135
356,-134
357,-134
358,-134
359,-133
360,-133
361,-132
362,-132
363,-132
364,-132
365,-131
366,-131
367,-131
368,-130
369,-130
370,-130
371,-129
372,-129
373,-129
374,-128
375,-128
376,-128
377,-127
378,-126
379,-126
380,-126
381,-125
382,-125
383,-125
384,-124
385,-124
386,-124
387,-123
388,-123
389,-122
390,-122
391,-121
392,-121
393,-120
394,-120
395,-120
396,-119
397,-119
398,-119
399,-118
400,-118
401,-117
402,-117
403,-116
404,-116
405,-115
406,-115
407,-114
408,-114
409,-114
410,-114
411,-113
412,-113
413,-112
414,-112
415,-111
416,-111
417,-110
418,-110
419,-109
420,-109
421,-108
422,-108
423,-107
424,-107
425,-107
426,-106
427,-106
428,-106
429,-105
430,-104
431,-104
432,-104
433,-103
434,-102
435,-102
436,-102
437,-101
438,-101
439,-101
440,-100
441,-100
442,-100
443,-99
444,-98
445,-98
446,-98
447,-97
448,-96
449,-96
450,-96
451,-95
452,-95
453,-94
454,-94
455,-93
456,-93
457,-92
458,-92
459,-92
460,-92
461,-91
462,-90
463,-90
464,-90
465,-89
466,-88
467,-88
468,-88
469,-87
470,-87
471,-86
472,-86
473,-86
474,-86
475,-85
476,-84
477,-84
478,-84
479,-83
480,-83
481,-82
482,-82
483,-81
484,-81
485,-81
486,-80
487,-80
488,-80
489,-79
490,-79
491,-78
492,-78
493,-77
494,-77
495,-77
496,-76
497,-76
498,-76
499,-75
500,-75
501,-74
502,-74
503,-74
504,-74
505,-73
506,-72
507,-72
508,-72
509,-71
510,-71
511,-71
512,-70
513,-70
514,-70
515,-69
516,-69
517,-68
518,-68
519,-68
520,-68
521,-67
522,-66
523,-66
524,-66
525,-65
526,-65
527,-65
528,-64
529,-64
530,-64
531,-63
532,-63
533,-62
534,-62
535,-62
536,-62
537,-61
538,-60
539,-60
540,-60
541,-59
542,-59
543,-59
544,-58
545,-58
546,-58
547,-57
548,-57
549,-56
550,-56
551,-56
552,-56
553,-55
554,-54
555,-54
556,-54
557,-53
558,-53
559,-53
560,-52
561,-52
562,-52
563,-51
564,-51
565,-50
566,-50
567,-49
568,-49
569,-49
570,-48
571,-48
572,-48
573,-47
574,-47
575,-46
576,-46
577,-45
578,-45
579,-45
580,-44
581,-44
582,-44
583,-43
584,-42
585,-42
586,-42
587,-41
588,-40
589,-40
590,-40
591,-39
592,-39
593,-38
594,-38
595,-37
596,-37
597,-36
598,-36
599,-36
600,-36
601,-35
602,-34
603,-34
604,-33
605,-33
606,-32
607,-32
608,-32
609,-31
610,-30
611,-30
612,-30
613,-29
614,-28
615,-28
616,-28
617,-27
618,-27
619,-26
620,-26
621,-25
622,-24
623,-24
624,-24
625,-23
626,-23
627,-22
628,-22
629,-21
630,-21
631,-20
632,-20
633,-19
634,-18
635,-18
636,-18
637,-17
638,-17
639,-16
640,-16
641,-15
642,-15
643,-14
644,-14
645,-13
646,-12
647,-12
648,-12
649,-11
650,-11
651,-10
652,-10
653,-9
654,-9
655,-8
656,-8
657,-7
658,-7
659,-6
660,-6
661,-5
662,-5
663,-4
664,-4
665,-4
666,-4
667,-3
668,-2
669,-2
670,-2
671,-1
672,0
673,0
674,0
675,1
676,1
677,2
678,2
679,3
680,3
681,3
682,4
683,4
684,5
685,5
686,6
687,6
688,6
689,7
690,7
691,8
692,8
693,8
694,8
695,9
696,9
697,10
698,10
699,10
700,10
701,11
702,12
703,12
704,12
705,13
706,13
707,13
708,14
709,14
710,14
711,15
712,15
713,15
714,16
715,16
716,16
717,17
718,17
719,17
720,17
721,18
722,18
723,18
724,18
725,19
726,19
727,19
728,20
729,20
730,20
731,21
732,21
733,21
734,21
735,21
736,22
737,22
738,22
739,22
740,22
741,23
742,23
743,23
744,23
745,24
746,24
747,24
748,24
749,24
750,24
751,25
752,25
753,25
754,25
755,25
756,26
757,26
758,26
759,26
760,26
761,26
762,26
763,27
764,27
765,27
766,27
767,27
768,27
769,27
770,28
771,28
772,28
773,28
774,28
775,28
776,28
777,28
778,28
779,28
780,28
781,29
782,29
783,29
784,29
785,29
786,29
787,29
788,29
789,29
790,29
791,29
792,29
793,29
794,29
795,29
796,29
797,30
798,30
799,30
800,30
801,30
802,30
803,30
804,30
805,30
806,30
807,30
808,30
809,30
810,30
811,30
812,30
813,30
814,29
815,29
816,29
817,29
818,29
819,29
820,29
821,29
822,29
823,29
824,29
825,29
826,29
827,29
828,29
829,29
830,28
831,28
832,28
833,28
834,28
835,28
836,28
837,28
838,28
839,27
840,27
841,27
842,27
843,27
844,27
845,27
846,26
847,26
848,26
849,26
850,26
851,26
852,26
853,25
854,25
855,25
856,25
857,25
858,24
859,24
860,24
861,24
862,23
863,23
864,23
865,23
866,22
867,22
868,22
869,22
870,22
871,21
872,21
873,21
874,20
875,20
876,20
877,20
878,20
879,19
880,19
881,19
882,18
883,18
884,18
885,17
886,17
887,17
888,16
889,16
890,16
891,16
892,15
893,15
894,14
895,14
896,14
897,13
898,44
-37,-93
-36,-94
-35,-94
-34,-94
-33,-95
-32,-95
-31,-95
-30,-96
-29,-96
-28,-97
-27,-97
-26,-98
-25,-98
-24,-98
-23,-99
-22,-99
-21,-99
-20,-100
-19,-100
-18,-101
-17,-101
-16,-102
-15,-102
-14,-102
-13,-103
-12,-103
-11,-103
-10,-104
-9,-104
-8,-105
-7,-105
-6,-106
-5,-106
-4,-106
-3,-106
-2,-107
-1,-107
0,-108
1,-108
2,-108
3,-109
4,-110
5,-110
6,-110
7,-110
8,-111
9,-111
10,-112
11,-112
12,-112
13,-113
14,-114
15,-114
16,-114
17,-114
18,-115
19,-115
20,-116
21,-116
22,-116
23,-117
24,-118
25,-118
26,-118
27,-118
28,-119
29,-119
30,-119
31,-120
32,-120
33,-120
34,-121
35,-121
36,-122
37,-122
38,-122
39,-123
40,-123
41,-123
42,-124
43,-124
44,-125
45,-125
46,-126
47,-126
48,-126
49,-126
50,-127
51,-127
52,-128
53,-128
54,-128
55,-128
56,-129
57,-129
58,-130
59,-130
60,-130
61,-131
62,-131
63,-131
64,-132
65,-132
66,-132
67,-133
68,-133
69,-133
70,-134
71,-134
72,-134
73,-135
74,-135
75,-135
76,-136
77,-136
78,-136
79,-137
80,-137
81,-137
82,-138
83,-138
84,-138
85,-139
86,-139
87,-139
88,-140
89,-140
90,-140
91,-141
92,-141
93,-141
94,-142
95,-142
96,-142
97,-142
98,-143
99,-143
100,-143
101,-144
102,-144
103,-144
104,-144
105,-145
106,-145
107,-145
108,-146
109,-146
110,-146
111,-146
112,-147
113,-147
114,-148
115,-148
116,-148
117,-148
118,-149
119,-149
120,-149
121,-149
122,-150
123,-150
124,-150
125,-151
126,-151
127,-151
128,-152
129,-152
130,-152
131,-152
132,-152
133,-153
134,-153
135,-153
136,-154
137,-154
138,-154
139,-154
140,-154
141,-155
142,-155
143,-155
144,-156
145,-156
146,-156
147,-156
148,-156
149,-157
150,-157
151,-157
152,-158
153,-158
154,-158
155,-158
156,-158
157,-158
158,-159
159,-159
160,-159
161,-159
162,-160
163,-160
164,-160
165,-160
166,-160
167,-161
168,-161
169,-161
170,-161
171,-161
172,-162
173,-162
174,-162
175,-162
176,-163
177,-163
178,-163
179,-163
180,-164
181,-164
182,-164
183,-164
184,-164
185,-164
186,-164
187,-165
188,-165
189,-165
190,-165
191,-165
192,-166
193,-166
194,-166
195,-166
196,-166
197,-166
198,-166
199,-167
200,-167
201,-167
202,-167
203,-167
204,-168
205,-168
206,-168
207,-168
208,-168
209,-168
210,-168
211,-169
212,-169
213,-169
214,-169
215,-169
216,-169
217,-169
218,-170
219,-170
220,-170
221,-170
222,-170
223,-170
224,-170
225,-170
226,-170
227,-171
228,-171
229,-171
230,-171
231,-171
232,-171
233,-171
234,-171
235,-171
236,-172
237,-172
238,-172
239,-172
240,-172
241,-172
242,-172
243,-172
244,-172
245,-172
246,-172
247,-173
248,-173
249,-173
250,-173
251,-173
252,-173
253,-173
254,-173
255,-173
256,-173
257,-173
258,-173
259,-173
260,-174
261,-174
262,-174
263,-174
264,-174
265,-174
266,-174
267,-174
268,-174
269,-174
270,-174
271,-174
272,-174
273,-174
274,-174
275,-174
276,-174
277,-174
278,-174
279,-174
280,-174
281,-175
282,-175
283,-175
284,-175
285,-175
286,-175
287,-175
288,-175
289,-175
290,-175
291,-175
292,-175
293,-175
294,-175
295,-175
296,-175
297,-175
298,-175
299,-175
300,-175
301,-175
302,-175
303,-175
304,-175
305,-175
306,-175
307,-175
308,-175
309,-175
310,-175
311,-175
312,-175
313,-175
314,-175
315,-175
316,-175
317,-175
318,-175
319,-175
320,-174
321,-174
322,-174
323,-174
324,-174
325,-174
326,-174
327,-174
328,-174
329,-174
330,-174
331,-174
332,-174
333,-174
334,-174
335,-174
336,-174
337,-174
338,-174
339,-174
340,-174
341,-173
342,-173
343,-173
344,-173
345,-173
346,-173
347,-173
348,-173
349,-173
350,-173
351,-173
352,-173
353,-172
354,-172
355,-172
356,-172
357,-172
358,-172
359,-172
360,-172
361,-172
362,-172
363,-172
364,-172
365,-171
366,-171
367,-171
368,-171
369,-171
370,-171
371,-171
372,-171
373,-170
374,-170
375,-170
376,-170
377,-170
378,-170
379,-170
380,-170
381,-170
382,-169
383,-169
384,-169
385,-169
386,-169
387,-169
388,-169
389,-168
390,-168
391,-168
392,-168
393,-168
394,-168
395,-167
396,-167
397,-167
398,-167
399,-167
400,-167
401,-167
402,-166
403,-166
404,-166
405,-166
406,-166
407,-166
408,-166
409,-165
410,-165
411,-165
412,-165
413,-164
414,-164
415,-164
416,-164
417,-164
418,-164
419,-163
420,-163
421,-163
422,-163
423,-163
424,-162
425,-162
426,-162
427,-162
428,-162
429,-161
430,-161
431,-161
432,-161
433,-160
434,-160
435,-160
436,-160
437,-160
438,-160
439,-159
440,-159
441,-159
442,-159
443,-158
444,-158
445,-158
446,-158
447,-157
448,-157
449,-157
450,-157
451,-157
452,-156
453,-156
454,-156
455,-155
456,-155
457,-155
458,-155
459,-155
460,-154
461,-154
462,-154
463,-153
464,-153
465,-153
466,-153
467,-152
468,-152
469,-152
470,-152
471,-151
472,-151
473,-151
474,-151
475,-150
476,-150
477,-150
478,-150
479,-149
480,-149
481,-149
482,-148
483,-148
484,-148
485,-148
486,-148
487,-147
488,-147
489,-147
490,-146
491,-146
492,-146
493,-145
494,-145
495,-145
496,-144
497,-144
498,-144
499,-144
500,-144
501,-143
502,-143
503,-142
504,-142
505,-141
506,-141
507,-141
508,-141
509,-140
510,-140
511,-140
512,-140
513,-139
514,-139
515,-138
516,-138
517,-138
518,-138
519,-137
520,-137
521,-137
522,-136
523,-136
524,-136
525,-135
526,-135
527,-134
528,-134
529,-134
530,-134
531,-133
532,-133
533,-133
534,-132
535,-132
536,-132
537,-131
538,-131
539,-130
540,-130
541,-130
542,-130
543,-129
544,-128
545,-128
546,-128
547,-128
548,-128
549,-127
550,-127
551,-126
552,-126
553,-125
554,-125
555,-125
556,-124
557,-124
558,-124
559,-123
560,-123
561,-122
562,-122
563,-122
564,-122
565,-121
566,-121
567,-120
568,-120
569,-120
570,-120
571,-119
572,-118
573,-118
574,-118
575,-117
576,-117
577,-116
578,-116
579,-116
580,-116
581,-115
582,-115
583,-114
584,-114
585,-113
586,-113
587,-113
588,-112
589,-112
590,-112
591,-111
592,-111
593,-110
594,-110
595,-109
596,-109
597,-109
598,-108
599,-108
600,-108
601,-107
602,-107
603,-106
604,-106
605,-105
606,-105
607,-105
608,-104
609,-104
610,-104
611,-103
612,-103
613,-102
614,-102
615,-101
616,-101
617,-101
618,-100
619,-100
620,-100
621,-99
622,-99
623,-98
624,-98
625,-98
626,-98
627,-97
628,-96
629,-96
630,-96
631,-95
632,-95
633,-94
634,-94
635,-94
636,-93
637,-92
638,-92
639,-92
640,-92
641,-91
642,-91
643,-90
644,-90
645,-89
646,-89
647,-89
648,-88
649,-88
650,-88
651,-87
652,-87
653,-86
654,-86
655,-86
656,-85
657,-84
658,-84
659,-84
660,-84
661,-83
662,-83
663,-82
664,-82
665,-81
666,-81
667,-81
668,-80
669,-80
670,-80
671,-79
672,-78
673,-78
674,-78
675,-77
676,-77
677,-77
678,-76
679,-76
680,-76
681,-75
682,-75
683,-74
684,-74
685,-73
686,-73
687,-73
688,-72
689,-72
690,-72
691,-71
692,-71
693,-71
694,-70
695,-70
696,-70
697,-69
698,-69
699,-68
700,-68
701,-68
702,-68
703,-67
704,-66
705,-66
706,-66
707,-65
708,-65
709,-64
710,-64
711,-64
712,-64
713,-63
714,-63
715,-62
716,-62
717,-62
718,-62
719,-61
720,-61
721,-60
722,-60
723,-59
724,-59
725,-59
726,-58
727,-58
728,-58
729,-57
730,-57
731,-57
732,-56
733,-56
734,-56
735,-55
736,-55
737,-54
738,-54
739,-54
740,-54
741,-53
742,-53
743,-53
744,-52
745,-52
746,-52
747,-51
748,-51
749,-51
750,-50
751,-50
752,-50
753,-49
754,-49
755,-49
756,-49
757,-48
758,-48
759,-48
760,-48
761,-47
762,-47
763,-46
764,-46
765,-46
766,-46
767,-45
768,-45
769,-45
770,-44
771,-44
772,-44
773,-44
774,-44
775,-43
776,-43
777,-42
778,-42
779,-42
780,-42
781,-41
782,-41
783,-41
784,-41
785,-40
786,-40
787,-40
788,-40
789,-39
790,-39
791,-39
792,-39
793,-38
794,-38
795,-38
796,-38
797,-37
798,-37
799,-37
800,-37
801,-36
802,-36
803,-36
804,-36
805,-36
806,-36
807,-35
808,-35
809,-35
810,-35
811,-34
812,-34
813,-34
814,-34
815,-34
816,-34
817,-33
818,-33
819,-33
820,-33
821,-32
822,-32
823,-32
824,-32
825,-32
826,-32
827,-31
828,-31
829,-31
830,-31
831,-31
832,-31
833,-30
834,-30
835,-30
836,-30
837,-30
838,-30
839,-30
840,-29
841,-29
842,-29
843,-29
844,-29
845,-29
846,-29
847,-28
848,-28
849,-28
850,-28
851,-28
852,-28
853,-28
854,-28
855,-28
856,-27
857,-27
858,-27
859,-27
860,-27
861,-27
862,-27
863,-27
864,-27
865,-27
866,-26
867,-26
868,-26
869,-26
870,-26
871,-26
872,-26
873,-26
874,-26
875,-26
876,-26
877,-26
878,-26
879,-26
880,-26
881,-26
882,-26
883,-26
884,-26
885,-25
886,-25
887,-25
888,-25
889,-25
890,-25
891,-25
892,-25
893,-25
894,-25
895,-25
896,-25
897,-25
898,25
33,170
34,173
35,173
36,172
37,172
38,172
39,172
40,172
41,171
42,171
43,171
44,171
45,171
46,170
47,170
48,170
49,170
50,170
51,169
52,169
53,169
54,169
55,169
56,168
57,168
58,168
59,168
60,168
61,168
62,167
63,167
64,167
65,167
66,166
67,166
68,166
69,166
70,166
71,165
72,165
73,165
74,165
75,165
76,165
77,164
78,164
79,164
80,164
81,164
82,164
83,163
84,163
85,163
86,163
87,163
88,162
89,162
90,162
91,162
92,162
93,161
94,161
95,161
96,161
97,161
98,160
99,160
100,160
101,160
102,160
103,160
104,160
105,159
106,159
107,159
108,159
109,158
110,158
111,158
112,158
113,158
114,158
115,157
116,157
117,157
118,157
119,157
120,156
121,156
122,156
123,156
124,156
125,156
126,156
127,155
128,155
129,155
130,155
131,154
132,154
133,154
134,154
135,154
136,154
137,154
138,154
139,153
140,153
141,153
142,153
143,153
144,152
145,152
146,152
147,152
148,152
149,152
150,152
151,151
152,151
153,151
154,151
155,151
156,151
157,150
158,150
159,150
160,150
161,150
162,150
163,150
164,150
165,149
166,149
167,149
168,149
169,149
170,148
171,148
172,148
173,148
174,148
175,148
176,148
177,148
178,148
179,147
180,147
181,147
182,147
183,147
184,147
185,146
186,146
187,146
188,146
189,146
190,146
191,146
192,146
193,145
194,145
195,145
196,145
197,145
198,145
199,145
200,145
201,144
202,144
203,144
204,144
205,144
206,144
207,144
208,144
209,144
210,144
211,143
212,143
213,143
214,143
215,143
216,143
217,143
218,143
219,143
220,143
221,142
222,142
223,142
224,142
225,142
226,142
227,142
228,142
229,142
230,142
231,142
232,141
233,141
234,141
235,141
236,141
237,141
238,141
239,141
240,141
241,141
242,141
243,141
244,141
245,140
246,140
247,140
248,140
249,140
250,140
251,140
252,140
253,140
254,140
255,140
256,140
257,140
258,140
259,140
260,140
261,140
262,140
263,139
264,139
265,139
266,139
267,139
268,139
269,139
270,139
271,139
272,139
273,139
274,139
275,139
276,139
277,139
278,139
279,139
280,139
281,139
282,139
283,139
284,139
285,139
286,139
287,139
288,139
289,139
290,139
291,139
292,139
293,139
294,139
295,139
296,139
297,139
298,139
299,139
300,139
301,139
302,139
303,139
304,139
305,139
306,139
307,139
308,139
309,139
310,139
311,139
312,139
313,139
314,139
315,139
316,139
317,139
318,139
319,139
320,139
321,139
322,139
323,139
324,139
325,139
326,139
327,139
328,139
329,139
330,139
331,139
332,139
333,139
334,139
335,139
336,139
337,139
338,140
339,140
340,140
341,140
342,140
343,140
344,140
345,140
346,140
347,140
348,140
349,140
350,140
351,140
352,140
353,140
354,140
355,140
356,141
357,141
358,141
359,141
360,141
361,141
362,141
363,141
364,141
365,141
366,141
367,141
368,142
369,142
370,142
371,142
372,142
373,142
374,142
375,142
376,142
377,142
378,142
379,142
380,143
381,143
382,143
383,143
384,143
385,143
386,143
387,143
388,143
389,143
390,144
391,144
392,144
393,144
394,144
395,144
396,144
397,144
398,144
399,145
400,145
401,145
402,145
403,145
404,145
405,145
406,145
407,146
408,146
409,146
410,146
411,146
412,146
413,146
414,146
415,147
416,147
417,147
418,147
419,147
420,147
421,147
422,148
423,148
424,148
425,148
426,148
427,148
428,148
429,148
430,149
431,149
432,149
433,149
434,149
435,149
436,150
437,150
438,150
439,150
440,150
441,150
442,150
443,151
444,151
445,151
446,151
447,151
448,151
449,151
450,152
451,152
452,152
453,152
454,152
455,152
456,152
457,153
458,153
459,153
460,153
461,153
462,154
463,154
464,154
465,154
466,154
467,154
468,154
469,155
470,155
471,155
472,155
473,155
474,156
475,156
476,156
477,156
478,156
479,156
480,156
481,157
482,157
483,157
484,157
485,157
486,158
487,158
488,158
489,158
490,158
491,158
492,159
493,159
494,159
495,159
496,160
497,160
498,160
499,160
500,160
501,160
502,161
503,161
504,161
505,161
506,161
507,161
508,162
509,162
510,162
511,162
512,162
513,163
514,163
515,163
516,163
517,163
518,164
519,164
520,164
521,164
522,164
523,164
524,165
525,165
526,165
527,165
528,166
529,166
530,166
531,166
532,166
533,166
534,166
535,167
536,167
537,167
538,168
539,168
540,168
541,168
542,168
543,168
544,169
545,169
546,169
547,169
548,170
549,170
550,170
551,170
552,170
553,170
554,171
555,171
556,171
557,171
558,171
559,171
560,172
561,172
562,172
563,172
564,172
565,173
566,173
567,173
568,173
569,173
570,174
571,174
572,174
573,174
574,174
575,175
576,175
577,175
578,175
579,175
580,176
581,176
582,176
583,176
584,176
585,177
586,177
587,177
588,177
589,177
590,178
591,178
592,178
593,178
594,178
595,178
596,179
597,179
598,179
599,179
600,180
601,180
602,180
603,180
604,180
605,180
606,181
607,181
608,181
609,181
610,182
611,182
612,182
613,182
614,182
615,182
616,183
617,183
618,183
619,183
620,184
621,184
622,184
623,184
624,184
625,184
626,184
627,185
628,185
629,185
630,185
631,185
632,186
633,186
634,186
635,186
636,186
637,186
638,187
639,187
640,187
641,187
642,187
643,187
644,188
645,188
646,188
647,188
648,188
649,189
650,189
651,189
652,189
653,189
654,190
655,190
656,190
657,190
658,190
659,190
660,191
661,191
662,191
663,191
664,191
665,191
666,192
667,192
668,192
669,192
670,192
671,192
672,193
673,193
674,193
675,193
676,193
677,193
678,194
679,194
680,194
681,194
682,194
683,194
684,195
685,195
686,195
687,195
688,195
689,195
690,196
691,196
692,196
693,196
694,196
695,196
696,196
697,197
698,197
699,197
700,197
701,197
702,198
703,198
704,198
705,198
706,198
707,198
708,198
709,199
710,199
711,199
712,199
713,199
714,199
715,199
716,200
717,200
718,200
719,200
720,200
721,200
722,200
723,200
724,201
725,201
726,201
727,201
728,201
729,201
730,202
731,202
732,202
733,202
734,202
735,202
736,202
737,202
738,203
739,203
740,203
741,203
742,203
743,203
744,203
745,203
746,204
747,204
748,204
749,204
750,204
751,204
752,204
753,204
754,205
755,205
756,205
757,205
758,205
759,205
760,205
761,205
762,206
763,206
764,206
765,206
766,206
767,206
768,206
769,206
770,206
771,206
772,206
773,207
774,207
775,207
776,207
777,207
778,207
779,207
780,207
781,207
782,208
783,208
784,208
785,208
786,208
787,208
788,208
789,208
790,208
791,208
792,209
793,209
794,209
795,209
796,209
797,209
798,209
799,209
800,209
801,209
802,209
803,209
804,210
805,210
806,210
807,210
808,210
809,210
810,210
811,210
812,210
813,210
814,210
815,210
816,210
817,210
818,211
819,211
820,211
821,211
822,211
823,211
824,211
825,211
826,211
827,211
828,211
829,211
830,211
831,211
832,212
833,212
834,212
835,212
836,212
837,212
838,212
839,212
840,212
841,212
842,212
843,212
844,212
845,212
846,212
847,212
848,212
849,212
850,212
851,212
852,212
853,212
854,213
855,213
856,213
857,213
858,213
859,213
860,213
861,213
862,213
863,213
864,213
865,213
866,213
867,213
868,213
869,213
870,213
871,213
872,213
873,213
874,213
875,213
876,213
877,213
878,213
879,213
880,213
881,213
882,213
883,213
884,213
885,213
886,213
887,213
888,213
889,213
890,213
891,213
892,213
893,213
894,213
895,213
896,213
897,213
898,213
-34,-173
-33,-173
-32,-173
-31,-173
-30,-174
-29,-174
-28,-174
-27,-174
-26,-174
-25,-174
-24,-175
-23,-175
-22,-175
-21,-175
-20,-176
-19,-176
-18,-176
-17,-176
-16,-176
-15,-176
-14,-177
-13,-177
-12,-177
-11,-177
-10,-178
-9,-178
-8,-178
-7,-178
-6,-178
-5,-178
-4,-178
-3,-179
-2,-179
-1,-179
0,-179
1,-179
2,-180
3,-180
4,-180
5,-180
6,-180
7,-181
8,-181
9,-181
10,-181
11,-181
12,-182
13,-182
14,-182
15,-182
16,-182
17,-183
18,-183
19,-183
20,-183
21,-183
22,-184
23,-184
24,-184
25,-184
26,-184
27,-184
28,-185
29,-185
30,-185
31,-185
32,-186
33,-186
34,-186
35,-186
36,-186
37,-186
38,-187
39,-187
40,-187
41,-187
42,-187
43,-187
44,-188
45,-188
46,-188
47,-188
48,-188
49,-188
50,-189
51,-189
52,-189
53,-189
54,-190
55,-190
56,-190
57,-190
58,-190
59,-190
60,-190
61,-191
62,-191
63,-191
64,-191
65,-191
66,-192
67,-192
68,-192
69,-192
70,-192
71,-192
72,-192
73,-193
74,-193
75,-193
76,-193
77,-193
78,-194
79,-194
80,-194
81,-194
82,-194
83,-194
84,-194
85,-195
86,-195
87,-195
88,-195
89,-195
90,-196
91,-196
92,-196
93,-196
94,-196
95,-196
96,-196
97,-197
98,-197
99,-197
100,-197
101,-197
102,-197
103,-198
104,-198
105,-198
106,-198
107,-198
108,-198
109,-198
110,-199
111,-199
112,-199
113,-199
114,-199
115,-199
116,-200
117,-200
118,-200
119,-200
120,-200
121,-200
122,-200
123,-200
124,-201
125,-201
126,-201
127,-201
128,-201
129,-201
130,-201
131,-202
132,-202
133,-202
134,-202
135,-202
136,-202
137,-202
138,-202
139,-203
140,-203
141,-203
142,-203
143,-203
144,-203
145,-203
146,-204
147,-204
148,-204
149,-204
150,-204
151,-204
152,-204
153,-204
154,-204
155,-205
156,-205
157,-205
158,-205
159,-205
160,-205
161,-205
162,-206
163,-206
164,-206
165,-206
166,-206
167,-206
168,-206
169,-206
170,-206
171,-206
172,-207
173,-207
174,-207
175,-207
176,-207
177,-207
178,-207
179,-207
180,-207
181,-207
182,-208
183,-208
184,-208
185,-208
186,-208
187,-208
188,-208
189,-208
190,-208
191,-208
192,-208
193,-209
194,-209
195,-209
196,-209
197,-209
198,-209
199,-209
200,-209
201,-209
202,-209
203,-209
204,-210
205,-210
206,-210
207,-210
208,-210
209,-210
210,-210
211,-210
212,-210
213,-210
214,-210
215,-210
216,-210
217,-210
218,-211
219,-211
220,-211
221,-211
222,-211
223,-211
224,-211
225,-211
226,-211
227,-211
228,-211
229,-211
230,-211
231,-211
232,-211
233,-211
234,-212
235,-212
236,-212
237,-212
238,-212
239,-212
240,-212
241,-212
242,-212
243,-212
244,-212
245,-212
246,-212
247,-212
248,-212
249,-212
250,-212
251,-212
252,-212
253,-212
254,-213
255,-213
256,-213
257,-213
258,-213
259,-213
260,-213
261,-213
262,-213
263,-213
264,-213
265,-213
266,-213
267,-213
268,-213
269,-213
270,-213
271,-213
272,-213
273,-213
274,-213
275,-213
276,-213
277,-213
278,-213
279,-213
280,-213
281,-213
282,-213
283,-213
284,-213
285,-213
286,-213
287,-213
288,-213
289,-213
290,-213
291,-213
292,-213
293,-213
294,-213
295,-213
296,-213
297,-213
298,-213
299,-213
300,-213
301,-213
302,-213
303,-213
304,-213
305,-213
306,-213
307,-213
308,-213
309,-213
310,-213
311,-213
312,-213
313,-213
314,-213
315,-213
316,-213
317,-213
318,-213
319,-213
320,-213
321,-213
322,-213
323,-213
324,-213
325,-213
326,-213
327,-213
328,-213
329,-213
330,-213
331,-213
332,-213
333,-213
334,-213
335,-213
336,-213
337,-213
338,-213
339,-213
340,-213
341,-213
342,-213
343,-213
344,-213
345,-213
346,-212
347,-212
348,-212
349,-212
350,-212
351,-212
352,-212
353,-212
354,-212
355,-212
356,-212
357,-212
358,-212
359,-212
360,-212
361,-212
362,-212
363,-212
364,-212
365,-212
366,-212
367,-211
368,-211
369,-211
370,-211
371,-211
372,-211
373,-211
374,-211
375,-211
376,-211
377,-211
378,-211
379,-211
380,-211
381,-211
382,-210
383,-210
384,-210
385,-210
386,-210
387,-210
388,-210
389,-210
390,-210
391,-210
392,-210
393,-210
394,-210
395,-209
396,-209
397,-209
398,-209
399,-209
400,-209
401,-209
402,-209
403,-209
404,-209
405,-209
406,-209
407,-208
408,-208
409,-208
410,-208
411,-208
412,-208
413,-208
414,-208
415,-208
416,-208
417,-207
418,-207
419,-207
420,-207
421,-207
422,-207
423,-207
424,-207
425,-207
426,-207
427,-207
428,-206
429,-206
430,-206
431,-206
432,-206
433,-206
434,-206
435,-206
436,-206
437,-205
438,-205
439,-205
440,-205
441,-205
442,-205
443,-205
444,-205
445,-204
446,-204
447,-204
448,-204
449,-204
450,-204
451,-204
452,-204
453,-204
454,-204
455,-203
456,-203
457,-203
458,-203
459,-203
460,-203
461,-203
462,-202
463,-202
464,-202
465,-202
466,-202
467,-202
468,-202
469,-201
470,-201
471,-201
472,-201
473,-201
474,-201
475,-201
476,-201
477,-200
478,-200
479,-200
480,-200
481,-200
482,-200
483,-199
484,-199
485,-199
486,-199
487,-199
488,-199
489,-199
490,-198
491,-198
492,-198
493,-198
494,-198
495,-198
496,-198
497,-197
498,-197
499,-197
500,-197
501,-197
502,-197
503,-196
504,-196
505,-196
506,-196
507,-196
508,-196
509,-196
510,-196
511,-195
512,-195
513,-195
514,-195
515,-194
516,-194
517,-194
518,-194
519,-194
520,-194
521,-194
522,-194
523,-193
524,-193
525,-193
526,-193
527,-192
528,-192
529,-192
530,-192
531,-192
532,-192
533,-192
534,-192
535,-191
536,-191
537,-191
538,-191
539,-190
540,-190
541,-190
542,-190
543,-190
544,-190
545,-189
546,-189
547,-189
548,-189
549,-189
550,-189
551,-188
552,-188
553,-188
554,-188
555,-188
556,-188
557,-187
558,-187
559,-187
560,-187
561,-187
562,-186
563,-186
564,-186
565,-186
566,-186
567,-185
568,-185
569,-185
570,-185
571,-185
572,-184
573,-184
574,-184
575,-184
576,-184
577,-184
578,-184
579,-183
580,-183
581,-183
582,-183
583,-182
584,-182
585,-182
586,-182
587,-182
588,-182
589,-181
590,-181
591,-181
592,-181
593,-180
594,-180
595,-180
596,-180
597,-180
598,-180
599,-179
600,-179
601,-179
602,-179
603,-179
604,-179
605,-178
606,-178
607,-178
608,-178
609,-178
610,-178
611,-177
612,-177
613,-177
614,-177
615,-176
616,-176
617,-176
618,-176
619,-176
620,-176
621,-175
622,-175
623,-175
624,-175
625,-174
626,-174
627,-174
628,-174
629,-174
630,-174
631,-173
632,-173
633,-173
634,-173
635,-172
636,-172
637,-172
638,-172
639,-172
640,-172
641,-171
642,-171
643,-171
644,-171
645,-170
646,-170
647,-170
648,-170
649,-170
650,-170
651,-169
652,-169
653,-169
654,-169
655,-169
656,-168
657,-168
658,-168
659,-168
660,-168
661,-167
662,-167
663,-167
664,-167
665,-166
666,-166
667,-166
668,-166
669,-166
670,-166
671,-165
672,-165
673,-165
674,-165
675,-165
676,-164
677,-164
678,-164
679,-164
680,-164
681,-163
682,-163
683,-163
684,-163
685,-163
686,-163
687,-162
688,-162
689,-162
690,-162
691,-162
692,-162
693,-161
694,-161
695,-161
696,-161
697,-160
698,-160
699,-160
700,-160
701,-160
702,-160
703,-159
704,-159
705,-159
706,-159
707,-159
708,-158
709,-158
710,-158
711,-158
712,-158
713,-158
714,-158
715,-157
716,-157
717,-157
718,-157
719,-156
720,-156
721,-156
722,-156
723,-156
724,-156
725,-155
726,-155
727,-155
728,-155
729,-155
730,-155
731,-154
732,-154
733,-154
734,-154
735,-154
736,-154
737,-153
738,-153
739,-153
740,-153
741,-153
742,-153
743,-152
744,-152
745,-152
746,-152
747,-152
748,-152
749,-151
750,-151
751,-151
752,-151
753,-151
754,-151
755,-151
756,-150
757,-150
758,-150
759,-150
760,-150
761,-150
762,-150
763,-149
764,-149
765,-149
766,-149
767,-149
768,-149
769,-149
770,-148
771,-148
772,-148
773,-148
774,-148
775,-148
776,-148
777,-147
778,-147
779,-147
780,-147
781,-147
782,-147
783,-147
784,-147
785,-146
786,-146
787,-146
788,-146
789,-146
790,-146
791,-146
792,-146
793,-145
794,-145
795,-145
796,-145
797,-145
798,-145
799,-145
800,-145
801,-144
802,-144
803,-144
804,-144
805,-144
806,-144
807,-144
808,-144
809,-143
810,-143
811,-143
812,-143
813,-143
814,-143
815,-143
816,-143
817,-143
818,-143
819,-143
820,-142
821,-142
822,-142
823,-142
824,-142
825,-142
826,-142
827,-142
828,-142
829,-142
830,-142
831,-141
832,-141
833,-141
834,-141
835,-141
836,-141
837,-141
838,-141
839,-141
840,-141
841,-141
842,-141
843,-141
844,-140
845,-140
846,-140
847,-140
848,-140
849,-140
850,-140
851,-140
852,-140
853,-140
854,-140
855,-140
856,-140
857,-140
858,-140
859,-140
860,-140
861,-139
862,-139
863,-139
864,-139
865,-139
866,-139
867,-139
868,-139
869,-139
870,-139
871,-139
872,-139
873,-139
874,-139
875,-139
876,-139
877,-139
878,-139
879,-139
880,-139
881,-139
882,-139
883,-139
884,-139
885,-139
886,-139
887,-139
888,-139
889,-139
890,-139
891,-139
892,-139
893,-139
894,-139
895,-139
896,-139
897,-139
898,-139
899,-51
