,raw_series,harmonic_1,harmonic_2,harmonic_3,harmonic_5,harmonic_6,harmonic_7,harmonic_8,harmonic_10,harmonic_11,harmonic_13,harmonic_14,harmonic_15,harmonic_16,harmonic_17,harmonic_19,harmonic_20,harmonic_22,harmonic_23,harmonic_24,harmonic_26,harmonic_27,harmonic_28,harmonic_29,harmonic_31,harmonic_32,harmonic_33,harmonic_34,harmonic_36,harmonic_37,harmonic_39,harmonic_40,harmonic_41,harmonic_42,harmonic_43,harmonic_45,harmonic_46,harmonic_48,harmonic_49,all_38_harmonics
0,0.2346,-0.07399371462257094,-0.0901429687621001,0.06384294291288041,0.014780840547556719,0.0773618098408913,-0.056111396165024065,-0.009411976596564035,-0.006977079238019565,0.0033205071913534716,-0.021553865344390508,0.0032769117308115874,-0.026270563430210347,0.03599161363489102,-0.026585648696522492,0.01461611860587223,-0.006070582119287328,-0.020593439571164808,0.0013705888587951835,-0.004942411511028817,0.019313226447494638,-0.02020293047627352,0.004884572481227559,-0.0076663388222249695,0.004020524194493392,-0.015768536483074656,0.014575757575757584,0.005638508174695797,-0.00433427759174447,0.004855318723240338,-0.009046775759836121,-0.006921339919932495,0.001986065556548502,-0.006868026890151548,-0.004376768967740032,-0.008767116856560614,-0.007814572588858688,0.011523795316663551,-0.012838750234807541,0.47142704526213663
1,0.2913,-0.08553789367763817,-0.09033558653989357,0.07002573152862639,0.040668759317696826,0.058049489268021386,-0.07332424674492309,0.007381479833289087,0.013033150133860054,-0.005480910981501443,-0.03223616756481335,-0.003682102001019648,0.009055460926831833,-0.0032204901468912348,-0.005284341478140167,0.007407005999933244,-0.0016333317144652426,0.003494527146191574,-0.015061546439115277,-0.0004726057136482794,0.011519608844819349,-0.005724382912460363,0.004008866814818471,0.008133397998904548,-0.005433566810483587,0.007712010363613025,0.008060606060606055,-0.009003419167532396,0.005362563415023441,-0.0064885500331230824,-0.006364098524046645,0.008953319163251384,-0.005898004909823172,0.001876610172883715,0.005758959514224775,0.0077478891675603,0.00832698751184592,-0.012129808797876548,0.01243230216919844,0.41403157325959417
2,0.4361,-0.09673764182493214,-0.08907467091418036,0.0736776077566639,0.062495586696646704,0.030420758887892113,-0.07630142040671085,0.022312579704909737,0.02796749556748844,-0.011717749992571398,-0.02219122082612673,-0.007920430205251981,0.036775928790131966,-0.03938746248215051,0.021594365437828247,-0.009329201836623228,0.00510064318789814,0.02180707611265238,-0.004709378248869223,0.004897436540459553,-0.02113908345541266,0.021832259733075825,-0.006526657791347729,0.003331663656170982,0.00017793991022319551,0.008919243845974137,-0.02263636363636364,0.004335840865890016,-0.0026891868358363004,0.004247791088483386,0.019051814439985864,-0.007827938721741727,0.008134715211064973,0.003532031600220565,-0.006174894066240364,-0.006100973576675358,-0.008430210719295938,0.01262597285226862,-0.012013335829146085,0.46896553509622263
3,0.4075,-0.10754786163154496,-0.08638051048938737,0.07466658327524096,0.07808174449582177,-0.0015661751689559434,-0.0644649080434441,0.03161418791862151,0.032009634582400255,-0.012471723553832088,0.0021222631958741074,-0.006306394779737248,0.03360880227439697,-0.03831165650339461,0.0256811298268546,-0.014065933187814073,0.00466230149399789,0.004078990908220693,0.014017588423599996,0.0009386645400888114,-0.008169065941152336,-0.0004897261136457242,-0.0013354607431231816,-0.009909000239689282,0.005296074376521579,-0.015633487166986287,0.014575757575757584,0.004200000668838219,-0.0018404776849599255,0.0005291124795354915,-0.02358737687798578,0.003942060448681495,-0.008060896535144853,-0.00815539995697454,0.005554785841435028,0.003959793390495128,0.008119169778797898,-0.013007794141330279,0.011582273078240658,0.4106597876191432
4,0.4062,-0.11792502415771518,-0.08229645531527724,0.07295691393236564,0.08587083383996985,-0.03332873249658158,-0.04011273211455383,0.03293949713359932,0.023585317799800633,-0.007390039056486892,0.025071171930530517,-3.259789085048382e-05,0.002214107173220358,-0.0010102995477198231,0.002662544131582599,-0.0007106736605021266,-0.0023319785689152788,-0.020390457436787374,0.00781674678451937,-0.004808109626193077,0.02243387970220583,-0.021692869147752432,0.007073680321609573,0.0019493145112799658,-0.004270164951577969,0.004965375532944747,0.008060606060606055,-0.008988770143331161,0.005099699971001851,-0.004990109322815729,0.018030046743624517,0.0013339729734222726,0.005697515834850188,0.010965585559215056,-0.0040026785108847225,-0.0014978142936150488,-0.007409149374742606,0.013271814832341302,-0.011139547960132687,0.49572938558194746
5,0.3899,-0.12782734423250472,-0.07688821936842012,0.06861039163258945,0.08508505367955256,-0.06031647782683814,-0.007972792655381221,0.025954130183753952,0.005975475294794365,0.0011495268465240923,0.031899789031389805,0.006265285405703043,-0.031040185945681722,0.037246345200448075,-0.023166244669550175,0.013558673912851133,-0.006047125397877526,-0.011160522459607166,-0.01228480013824371,-0.0013962226750985002,0.00461329794409195,0.006664160442537572,-0.0015620130521311448,0.008870117695885084,-0.001996559546626012,0.01122357218052556,-0.02263636363636364,0.0057581195949053445,-0.0048387088468621175,0.006471760274193373,-0.004757771204380566,-0.006139585045617988,-0.0017158516307453357,-0.011337802363603185,0.001778989430971166,-0.001085508809489125,0.006335040212416757,-0.01341564391303927,0.010685606261487908,0.44202318333707197
6,0.3292,-0.13721494870793463,-0.07024282318971138,0.0617841110165797,0.07580287026479184,-0.07866303519724142,0.02571503996895308,0.012420503853323673,-0.013961572740781554,0.009151216362478619,0.018217442238439383,0.00793378273607406,-0.03822425583755532,0.040284743077896694,-0.024544038668653387,0.010388481465609573,-0.0012590509166745987,0.016514448662944114,-0.01053999705145262,0.004675239726597604,-0.02316508702827942,0.01979605131653852,-0.006433858944246934,-0.006676622691883894,0.005812887049568055,-0.014933402892029522,0.014575757575757584,0.0026096941958138223,0.0012376608826054896,-0.0040894453003883224,-0.010550325185061596,0.008780091870122424,-0.002753171357346819,0.009189295742013125,0.0007431839840948222,0.0035808904446179572,-0.004949624473873715,0.013437978844996906,-0.01022090506311787,0.4770330107029763
7,0.4219,-0.1460500370140788,-0.06246719369129347,0.05272479165149966,0.058951181681332725,-0.08574000095482905,0.054410376697519046,-0.00424683107351444,-0.028461153847809905,0.012870950037988334,-0.007178377004830691,0.0037400503228982346,-0.013304301477900616,0.005231939813177989,-1.6634373064263205e-05,-0.006143662116173954,0.0052994496564046645,0.0168959302905958,0.009948331537953766,0.0018411364013520652,-0.0009416336489421631,-0.012298704125663237,0.0041974074784764245,-0.005311827473333626,-0.002495001608984647,0.002039279093356082,0.008060606060606055,-0.008649243546137763,0.0032177178189453175,-0.0007344739084512894,0.021344002728901447,-0.008324327066826624,0.006440202347539732,-0.004997741243746838,-0.003140663697485821,-0.00578616963229932,0.0033209820790101093,-0.013338617359611747,0.009745912279738292,0.4993237246932669
8,0.334,-0.15429703336861775,-0.05368644366251272,0.041759860943029664,0.036212759879474844,-0.08053349972922003,0.07254210618777075,-0.01984268522954608,-0.03187626863653237,0.010568223146047304,-0.02795863495340524,-0.003217185323806438,0.022789751839006202,-0.03476791924887115,0.02452832680216293,-0.014773658184366463,0.004406080078700538,-0.010646553653045215,0.01274530737082312,-0.0045000301320592805,0.023314335880386557,-0.01629547513930902,0.004714544863889594,0.009507548540849323,-0.003885023629112591,0.013122251373740703,-0.02263636363636364,0.006972284879126522,-0.0054519749876921954,0.005119875305296505,-0.02300471361344137,0.004933014652092736,-0.008298002226785284,-0.0003049565807192498,0.005011193166338448,0.0075226877680476005,-0.001529145209284458,0.013118459289881946,-0.009261106188818627,0.44633684662543005
9,0.4824,-0.1619227300279578,-0.044041858658304234,0.029285620055822168,0.0098582128290215,-0.06378943640950387,0.0765900089427696,-0.03043220518094688,-0.02287686826032935,0.0033205071913534716,-0.030762016895520616,-0.0077972598957608994,0.03974300752115756,-0.04189300478083856,0.023184672895530434,-0.004401367980842808,-0.0026829397550162675,-0.020593439571164808,-0.007122997685619522,-0.0022693765112479633,-0.002753686576388456,0.01693687994373744,-0.006128547928510596,0.0002448020362871334,0.005496921493605205,-0.013693586527953083,0.014575757575757584,0.0009250665750608084,0.003922850864837576,-0.006448454001255176,0.014821849930132795,0.00019790977726858233,0.007798894199597624,0.00553985368223457,-0.006040929185531068,-0.008649762479975474,-0.000337834507791749,-0.012779498421379301,0.008766974948997183,0.5757613681660108
10,0.3628,-0.1688964210030938,-0.03368862366172431,0.01575292055685846,-0.01748075331668167,-0.03790663472628254,0.0657681970963019,-0.03334364185091455,-0.004967854554466667,-0.005480910981501443,-0.013786001010775267,-0.006615980722640004,0.023316660400568873,-0.009406198821502084,-0.002629426028912439,0.011632083007329593,-0.0059993190367857,0.003494527146191574,-0.014324307853569395,0.004284067567798123,-0.022877876795634754,0.011474736479214943,-0.0022042099012574323,-0.00963801520526636,-0.00036239402163173616,-0.0009605222059563257,0.008060606060606055,-0.007997110751802695,0.00031413299468133167,0.0039269817875232,-0.00029680840134673446,-0.005259041949636988,-0.0050846415028731815,-0.009543080085543939,0.006057099468888024,0.009076084877893957,0.002188212893160142,0.012324804436218358,-0.00826401610854674,0.5746204304167749
11,0.3019,-0.17519002570178974,-0.022793326099481426,0.0016508694651356881,-0.04307413051408847,-0.006593171847364572,0.042177692124262554,-0.027842436140372503,0.014875937227424925,-0.011717749992571398,0.012054154028426306,-0.0005461886843199819,-0.01269302757420733,0.03197462963663096,-0.025668276608949925,0.012704028288300561,-0.0008797003652166805,0.02180707611265238,0.003947636690984428,0.0026770647960363526,0.006379828074446409,-0.02020293047627352,0.007031421699696273,0.004891755300012613,-0.005216903165929702,0.014546658212616385,-0.02263636363636364,0.007934453621705004,-0.00433427759174447,0.0009390957843999646,-0.014355235605284275,0.00846558961207757,0.0009261819438250887,0.011424602056534056,-0.00505699091638016,-0.008767116856560614,-0.003931061564278446,-0.011758495113539845,0.007752736104385639,0.5522775132433667
12,0.3001,-0.18077820199921246,-0.011531275387880461,-0.012510848350355498,-0.06436622132979715,0.025664856086367326,0.010398517989056673,-0.015316549103825012,0.028926154158755327,-0.012471723553832088,0.0301437149240684,0.0059271792593813015,-0.038042017096162284,0.043121876945192865,-0.021615343134430143,-0.0025642976977139098,0.0054769171115525836,0.004078990908220693,0.015199405742953191,-0.004029307824238712,0.02186667459632754,-0.005724382912460358,-0.0006759541988947144,0.007030965824400756,0.004393444240371718,-0.011958848268464719,0.014575757575757584,-0.000792995361952356,0.005362563415023441,-0.005244486007338089,0.022864763147937846,-0.008686773873290926,0.003495344011993871,-0.010766102503702878,0.0032084048264180132,0.0077478891675603,0.005480736194594935,0.011085699038265097,-0.007233649752138727,0.5601451518584172
13,0.3,-0.18563844828172424,-8.368213868921238e-05,-0.026220391509767415,-0.0792308451730344,0.0542460306394762,-0.023399496421922364,0.0010737223538999866,0.03171080599018308,-0.007390039056486892,0.02885143452212488,0.00802098606490187,-0.03144004216710183,0.01349527383671273,0.005251673941594619,-0.014534353321048268,0.004132116934024771,-0.020390457436787374,-0.0005782871467563882,-0.003060509167478098,-0.009845694111167189,0.021832259733075822,-0.006754541845215669,-0.008638891854317352,0.0018221316313853744,-0.003925607730129274,0.008060606060606055,-0.007055941538628648,-0.0026891868358362987,0.006418654681749754,-0.021590600060710487,0.005844594803134945,-0.006924076315506969,0.0077139850417532255,-0.0008215026763146629,-0.006100973576675355,-0.006761085112259304,-0.01031250915583686,0.00670727972776164,0.5384421860034942
14,0.3004,-0.18975119405293916,0.011365257587438983,-0.038982261403452616,-0.08618365393641204,0.07505569459182677,-0.05265457059284975,0.017193092324027822,0.022145383653709,0.0011495268465240923,0.009008224796303763,0.004188129052362027,0.001567989703687798,-0.028891772827007556,0.026575770527935305,-0.007809923182346471,-0.0030230976896506744,-0.011160522459607166,-0.015327598355697927,0.003738058045069242,-0.020306132929257266,-0.0004897261136457242,0.0034427046181457668,-0.0024268889074493104,-0.005801387588685735,0.015445310922739817,-0.02263636363636364,0.008609850537377799,-0.0018404776849599257,-0.0037605641368740365,0.01107795284221275,-0.0009413378612865904,0.008386141249362395,-0.002946824207305319,-0.001703233727268125,0.003959793390495127,0.007709191425735448,0.009445927593561814,-0.006174156041250452,0.4933719849265483
15,0.3239,-0.19309987873720444,0.022631326064532845,-0.05033521080272561,-0.08453035567969723,0.0851125694591235,-0.07168692187881834,0.028974623680610045,0.003955231605709603,0.009151216362478619,-0.016627103910696016,-0.0027393141767797723,0.03325908869062302,-0.04396023071434368,0.01985026147868577,0.008959845370107467,-0.0059273555353550065,0.016514448662944114,-0.0028194796743461225,0.003416237093967592,0.013064214428310886,-0.021692869147752435,0.005344364121265509,0.00993229653945747,0.002660544002905318,-0.009791886074078793,0.014575757575757584,-0.0024823963804552996,0.005099699971001851,-0.0011427720704974874,0.004174881830638513,-0.004293878900024929,-0.007466263870490195,-0.0024755014089384002,0.003942196321382418,-0.0014978142936150484,-0.008278464786668566,-0.0084938022482614,0.005634815502966522,0.5012918253234265
16,0.3779,-0.19567101836319395,0.03353324803347376,-0.05986891453647556,-0.07443604507088718,0.08297586577308001,-0.07680147783208004,0.033445821384237226,-0.01577532290625949,0.012870950037988334,-0.031571517776995045,-0.007642692772663883,0.037016338698386574,-0.01746213356226327,-0.007826361881819888,0.014205213902716634,-0.0004968075708728,0.0168959302905958,0.014702586252173903,-0.003412955833391019,0.018235456069634327,0.006664160442537572,-0.005631827435352846,-0.0028665049676898295,0.003745611174256623,-0.006748811562864172,0.008060606060606055,-0.005859752214172196,-0.0048387088468621175,0.005363815956526327,-0.01764131040853042,0.008014872848179037,0.004425719870069941,0.007347451018224637,-0.005519725054483927,-0.0010855088094891255,0.008440930859461486,0.007464755714502917,-0.005089801183113963,0.5718465777310784
17,0.3393,-0.19745425985910156,0.04389560748877335,-0.06723879971194192,-0.056908717401729134,0.06895169653682325,-0.06700526314961505,0.029478596683795946,-0.02936202828442798,0.010568223146047304,-0.02621603998697289,-0.006898926446241859,0.009684077367430701,0.025547267648661068,-0.02724259015365984,0.0011794448631822696,0.005632330954536047,-0.010646553653045215,0.006078696062506736,-0.0037410270483167157,-0.01595453264187565,0.019796051316538513,-0.00303749249696002,-0.008404599518053994,-0.005554741242736845,0.01578572985375034,-0.02263636363636364,0.008974065021882988,0.0012376608826054891,-0.006382392321065872,0.02355913145324846,-0.008909447236340866,-0.0001281246097987398,-0.010585848435569136,0.0061711372888424145,0.0035808904446179572,-0.008188605992049377,-0.006368107197047873,0.004539661864913979,0.5775612725123419
18,0.4046,-0.19844242274080715,0.05355167018776671,-0.07217849947683483,-0.03369861243124158,0.04504922221060419,-0.04420018277325202,0.018073885313815808,-0.0315134132502116,0.0033205071913534716,-0.004004141952843383,-0.0010575801687316181,-0.0257817067187861,0.044400473826735266,-0.01790541278110138,-0.013363358661122511,0.0038415152128606074,-0.020593439571164808,-0.013355082793546682,0.003056945365176321,-0.01570666402255659,-0.012298704125663237,0.006876024870503643,0.007345716339916386,0.0005464832329793182,-0.007271019604465338,0.014575757575757584,-0.004082077125947906,0.003217717818945318,0.003590359916908411,-0.01939614596802577,0.006662133235938391,-0.004205862290000896,0.011470703669019594,-0.005787137070081972,-0.00578616963229932,0.007533889535965099,0.005213788114690573,-0.003984951492026688,0.6115525317972693
19,0.4677,-0.1986315280251521,0.06234606646699185,-0.07450948021138883,-0.00712343935600806,0.014692810078457434,-0.012813772896561753,0.002109110161621405,-0.02139160052293317,-0.005480910981501443,0.020782343986542898,0.005565206454143016,-0.03959379161297082,0.021270853502195673,0.010330173076901279,-0.010717842023872323,-0.0033510826768723494,0.003494527146191574,-0.009039202735238096,0.004031937682403914,0.01844403753417901,-0.016295475139309023,0.00022098101043755152,0.004489717423288542,0.00513247897606768,-0.009328095761860144,0.008060606060606055,-0.004451776177260084,-0.005451974987692193,0.0013452976819886616,0.006933669675250531,-0.0020654390212747433,0.007345244776141232,-0.009805287648512273,0.004432153139599068,0.007522687768047598,-0.006508954536919889,-0.0040122521597915715,0.0034262286107767997,0.6500648595346357
20,0.4255,-0.19802081425189993,0.07013729119823574,-0.07414749419854608,0.020163064448996723,-0.01776855476513366,0.021060391565485174,-0.014387796112006974,-0.0029386260739962308,-0.011717749992571398,0.03220617393101765,0.008075891713803374,-0.02015159808366566,-0.021971402458396048,0.027662696664333377,0.0057132583740857595,-0.0058315246652066435,0.02180707611265238,0.011351304874118512,-0.002673250726354886,0.012783285664859244,0.016936879943737437,-0.0069665416394104306,-0.009738500588264976,-0.004512299703231735,0.015555611378528362,-0.02263636363636364,0.009013933414798975,0.003922850864837576,-0.005477744997717553,0.008495680955715975,-0.0032596257315476713,-0.008398334078159183,0.005959870823492381,-0.002333528881559641,-0.008649762479975474,0.005164166737624044,0.00277438062802088,-0.0028640558077448184,0.6521581218804894
21,0.3185,-0.19661274054986777,0.07679998065901797,-0.07110562455595609,0.04543612971229014,-0.0476843229984375,0.050845745798930295,-0.027254643501390133,0.0166588241721443,-0.012471723553832088,0.022922040258339958,0.004619343664306008,0.01621564419830686,-0.04443861937256847,0.01579840989264958,0.014795808412083498,-0.0001119143077861487,0.004078990908220693,0.011555519132787833,-0.004286334464478266,-0.020470187209035203,0.011474736479214938,0.002632607351772571,0.0007003933594666911,-0.0016458689840474184,-0.0044873595418897065,0.014575757575757584,-0.0055342209683605405,0.00031413299468133205,0.0063397034323269055,-0.02028978228962634,0.0074351937798785486,0.007066017899592046,-0.0007894012661362034,-0.00015662205148149632,0.009076084877893957,-0.00356560958372277,-0.0015113838756593636,0.00229899914329006,0.6106764598865471
22,0.3077,-0.19441297673488298,0.08222692968181404,-0.0654938123780161,0.06617204463415942,-0.07076863799352673,0.07075955491617414,-0.03324511037989069,0.02976833733653077,-0.007390039056486892,-0.0011005338362673573,-0.002250412778387083,0.038963591004417666,-0.024886941298939026,-0.012740432624931379,0.0048475819450856635,0.005765065388661709,-0.020390457436787374,-0.00878971899491872,0.0022653467149924642,-0.009538762758526394,-0.020202930476273515,0.005888190559329499,0.009365227609104446,0.005784046622264177,-0.01157023827590604,0.008060606060606055,-0.002882901350312098,-0.00433427759174447,-0.003416540508848237,0.02340201136512039,-0.00898876425820977,-0.0037267182327836716,-0.004556575166382509,0.0026204944535247613,-0.00876711685656061,0.0017918368551104872,0.00023469979687629403,-0.0017316275815758174,0.6110197655859401
23,0.2955,-0.19143038047943547,0.08633081662533162,-0.05751488317827087,0.08030016710526898,-0.08371434535438871,0.07693561414339604,-0.030847794490777316,0.03128428917437481,0.0011495268465240923,-0.02441548538962892,-0.007457351223212141,0.02898655616933044,0.018196560845111957,-0.027832285510340164,-0.011335738003606296,0.0035354450657731095,-0.011160522459607166,-0.01350399239485286,0.004501913537886991,0.021982080283195912,-0.005724382912460358,-0.005044488730550945,-0.005691569193613232,-0.002823407454539722,0.014763272578336243,-0.02263636363636364,0.008728014768529689,0.005362563415023441,-0.0015464686927500746,-0.016500664623891204,0.007372475451083231,-0.0006710930405345331,0.008889492330819159,-0.004644692211574228,0.0077478891675603,6.998750029508739e-05,0.001044109759611451,0.0011625124176707123,0.608757565867919
24,0.3446,-0.18767696164595724,0.08904560841240707,-0.04745721624689648,0.0864096943988158,-0.08466678952736831,0.06817486058272951,-0.020667541619594307,0.02061627786371905,0.009151216362478619,-0.03203173941293039,-0.007154092627977798,-0.005335886623030132,0.04407432189987325,-0.013548334157765652,-0.012938719355210546,-0.0036655740368980094,0.016514448662944114,0.005796202577873853,-0.0018369273729814562,0.006054604930394921,0.021832259733075825,-0.0038219007013364126,-0.006331919311298775,-0.0036024272064500472,-0.001541514613768939,0.014575757575757584,-0.006786343645704539,-0.0026891868358363,0.005586158414024638,0.002538785620724632,-0.0031563064942374294,0.004878291627815787,-0.011246016641973793,0.00588958918085927,-0.006100973576675356,-0.0019283726401054478,-0.0023134636964317608,-0.000592226702302967,0.6065647645034579
25,0.4524,-0.1831678339273449,0.09032762302693544,-0.03568432187178837,0.08389054277700386,-0.07348951942287082,0.046178167584877895,-0.0052728422489153656,0.0019190615949230046,0.012870950037988334,-0.019052187930808682,-0.0015647131510701034,-0.03517679197808476,0.028277649101441014,0.015035312842205297,0.002100436677768877,-0.005712212303431784,0.0168959302905958,0.014788873714839135,-0.004676722585158054,-0.022941734642233313,-0.0004897261136457254,0.006609990227184396,0.00906615056733196,0.0056069678382923,-0.013394202232698903,0.008060606060606055,-0.0012098309572376289,-0.0018404776849599248,-0.0062906309996252335,0.012509424035773032,-0.0021729239648467,-0.007699893562643469,0.011102224164279861,-0.006146312707196956,0.003959793390495127,0.0036919967264523244,0.0035618665477684655,2.134466484691492e-05,0.602584391561801
26,0.4223,-0.17792115398945277,0.09015623237386171,-0.02262170312964002,0.07299426908926952,-0.05178383696254192,0.015216125420937006,0.011452201790390438,-0.01752555141419583,0.010568223146047304,0.006177561769312609,0.005180824526718837,-0.03547319586384339,-0.014256928359007368,0.027749820868829277,0.014437953174454381,0.0002734295947185002,-0.010646553653045215,-0.002517858295641559,0.001391872532225486,-0.002418341969161166,-0.021692869147752435,0.0011143605525901947,0.001500135876968731,-0.0007300221820346912,0.013437350641831535,-0.02263636363636364,0.008126642927905067,0.005099699971001852,0.0032392809341033916,-0.022204928574263035,0.006735879660381206,0.008334470293029955,-0.008490084150276656,0.00537178892531139,-0.001497814293615049,-0.005274194520024575,-0.0047780125840799015,0.0005495588648773302,0.5209002149155607
27,0.4216,-0.17195804836060774,0.0885341941929519,-0.008741477096113882,0.054808950867647394,-0.022659387946241883,-0.018700080679954465,0.025287841050135682,-0.030144672196289576,0.0033205071913534716,0.027435255532716946,0.008098278597109047,-0.005976152752704855,-0.043310880542975196,0.011175562610737549,0.008204976434133916,0.005874585939211134,-0.020593439571164808,-0.015347023477028612,0.004809178508489519,0.02332504163567528,0.006664160442537571,-0.007066447170782962,-0.009865644423710167,-0.005042886814938372,0.0014600446688705952,0.014575757575757584,-0.007793190182046867,-0.004838708846862118,0.0017460825406264264,0.02239908161291099,-0.008923448698324368,-0.006601780976395252,0.003990351345378551,-0.0036959698248384297,-0.0010855088094891253,0.006597216146867183,0.005950888198536357,-0.0011199090354087533,0.5352824893019698
28,0.4539,-0.1653025283625362,0.08548760768572809,0.005454688695362225,0.031150533336799104,0.009711338660418178,-0.04898572364900063,0.03274332650781117,-0.031023664471195072,-0.005480910981501443,0.031052596405534053,0.005031957809682392,0.028540178470124623,-0.03141227013477805,-0.017194030938104423,-0.008581467098797575,0.003215138929219052,0.003494527146191574,-0.0008842146164232533,-0.0009342126782808875,-0.001278675117458953,0.01979605131653852,0.0017801504476233079,0.0037577359112230205,0.004626611662781864,-0.014734064822548501,0.008060606060606055,0.0005069658788152219,0.0012376608826054891,-0.005688947042327171,-0.013008806268186865,0.007964191776419407,0.002993966858084718,0.0013965526935560144,0.0014000295045850303,0.003580890444617956,-0.0075960477603266695,-0.007069871647949031,0.0016891315524721424,0.5671544051483255
29,0.4223,-0.1579813934252461,0.0810654935695458,0.01945370782533518,0.004381493183391239,0.04069077874422487,-0.06976093907975997,0.03193762989395105,-0.01982019636026323,-0.011717749992571398,0.01470370229616311,-0.0017524497620049996,0.03908600819668672,0.010188182921943643,-0.027416049552364215,-0.014330191171343574,-0.003965305424018598,0.02180707611265238,0.015151013964207578,-0.004898081766528387,-0.023122371739890336,-0.012298704125663237,0.006337273807117988,0.007862967985502973,0.0014679490861568632,0.011625767842455425,-0.02263636363636364,0.0072315530381043365,0.003217717818945318,0.006235224434740897,-0.0019478567608756745,-0.004196387814181081,0.0014642331683713983,-0.006472962425272753,0.0011308120852288749,-0.0057861696322993195,0.00822160634918645,0.008124829244921175,-0.0022566532572437467,0.5314076111079493
30,0.5229,-0.15002412317518093,0.07533900531590162,0.03274961926835915,-0.02282507308456144,0.06584068965076259,-0.07699228281282244,0.023074029468017766,-0.0008975647834955782,-0.012471723553832088,-0.011099395620172285,-0.007241981552410169,0.016804039773964618,0.0421552091450242,-0.008701583438127929,-0.0016470284648624405,-0.005569898878800743,0.004078990908220693,0.004242836845358953,0.00046809244965536647,0.004943569043084824,-0.016295475139309016,-0.00437598231372859,-0.00794828604326228,-0.005760881611186638,0.0044088341330678635,0.014575757575757584,-0.008518370520251057,-0.005451974987692195,-0.0030587596780399916,0.016071043938190838,-0.001051259038142444,-0.005506542401227031,0.010110244229231522,-0.0034719225346741644,0.007522687768047599,-0.008443151697758625,-0.009106207130090376,0.0028219027034736047,0.612597325182514
31,0.4869,-0.14146275873116873,0.06840028426444117,0.0448618741427239,-0.04775237857932731,0.08155799117463751,-0.06927581171017264,0.008388822660283327,0.018374631911550646,-0.007390039056486892,-0.029765791077928917,-0.007380451803693285,-0.019591409437491897,0.03426241678546416,0.01919703722726651,0.013154587639985539,0.0006576724927504881,-0.020390457436787374,-0.014210477167381037,0.004942627237602848,0.02233881647312428,0.016936879943737437,-0.0045448130927440746,-0.0036269477970082165,0.002983427974197406,-0.015541399920479745,0.008060606060606055,0.002205439647120976,0.003922850864837575,-0.0019439382313934449,-0.023317530885848765,0.005928182715649847,0.007984810920684392,-0.011499724505726951,0.005230503109899106,-0.008649762479975473,0.008249796973185267,0.010005117793358421,-0.003384310732883515,0.5181387350542123
32,0.567,-0.13233177368614535,0.06036097703431224,0.05535270399909763,-0.06791123829873913,0.08559095772472006,-0.04810965489610143,-0.008412894555942805,0.03049065392640117,0.0011495268465240923,-0.029293343157463892,-0.002065545585804984,-0.039532304598875724,-0.0060271717226596435,0.02683399424567264,0.011036410623729596,0.005960451605581857,-0.011160522459607166,-0.007392964263292814,2.266896680143643e-06,-0.008484269526538453,0.011474736479214936,0.006237598366736526,0.009881259266309181,0.003455615899811251,0.009393999502610315,-0.02263636363636364,0.00607509597987885,0.00031413299468133237,0.005786007383189476,0.020586590690973076,-0.008714551508493332,-0.008195128254302395,0.01033248135168014,-0.006111493736532458,0.009076084877893955,-0.007651043709045341,-0.010813420560558996,0.0039433110482611534,0.5427680874575984
33,0.5711,-0.12266793529416273,0.05135043908826909,0.0638429429128804,-0.08128863357598227,0.07736180984089129,-0.01760315659682912,-0.023092027994412137,0.030731801567656255,0.009151216362478619,-0.009985826978695015,0.004775581247465296,-0.026270563430210347,-0.04061777364516023,0.00614880137842909,-0.005277101865107041,0.0028818865629602797,0.016514448662944114,0.01257163146562928,-0.004942411511028817,-0.020994060485245207,-0.02020293047627352,0.001989809616303706,-0.0016392458844985925,-0.00565354869251691,0.007198276844590766,0.014575757575757584,-0.00893567475345546,-0.00433427759174447,-0.006173539527388121,-0.009046775759836121,0.008427761274770114,0.0060777573023651455,-0.006868026890151548,0.005967079089261907,-0.008767116856560614,0.006676314895944793,0.011523795316663551,-0.004498340783673358,0.5922402719797744
34,0.6273,-0.11251015642163396,0.04151365335485401,0.07002573152862637,-0.08654872762359607,0.058049489268021386,0.016320940398317007,-0.03194501400044736,0.019004157599158727,0.012870950037988334,0.0157423879830125,0.00808805657074113,0.00905546092683183,-0.03680227768407465,-0.021026192174563713,-0.014803060514916542,-0.004249069925726499,0.0168959302905958,0.010179798266231332,-0.0004726057136482788,0.011811826301947435,-0.005724382912460359,-0.007052650921935002,-0.00900762706147311,0.0009128260606340861,-0.01578702833256232,0.008060606060606055,0.0038242030803628257,0.005362563415023441,0.0028751585102607586,-0.006364098524046644,-0.005168947683325421,-0.002234101655891713,0.0018766101728837144,-0.004821489503145312,0.0077478891675603,-0.005373509123217256,-0.01212980879787655,0.005048841071224421,0.6479778960010313
35,0.7511,-0.10189933885895394,0.031008897398804337,0.07367760775666389,-0.08316625920883088,0.030420758887892103,0.04707637702769843,-0.032738233175140824,-0.00012483579958551892,0.010568223146047304,0.03134854379241079,0.005424310036957339,0.03677592879013196,0.0018115775229246014,-0.026008926131745446,-0.005288914805221747,-0.005405157437245873,-0.010646553653045215,-0.010315010435260251,0.004897436540459553,0.01912188703558678,0.021832259733075825,0.0008990502563930993,0.0064398393552352,0.004948216894253631,0.006822707544913896,-0.02263636363636364,0.004699069124432357,-0.0026891868358363004,0.0021398365411420405,0.01905181443998586,8.732104001215793e-05,-0.002244112973893375,0.0035320316002205644,0.0028669355332408258,-0.006100973576675358,0.003806646821828402,0.012625972852268618,-0.005594257603788695,0.6882782522561443
36,0.86,-0.09087820862342555,0.02000519667578661,0.07466658327524098,-0.0714789940661382,-0.0015661751689559434,0.06869207989107408,-0.025271555332477005,-0.019205210712121376,0.0033205071913534716,0.026798176020510756,-0.0012474302489475422,0.03360880227439697,0.03871249729734784,-0.003540334821281753,0.01102797887260274,0.0010392671757755779,-0.020593439571164808,-0.012466392643440113,0.0009386645400888116,-0.014842643747128702,-0.0004897261136457209,0.006684387947064951,0.005575529956391713,-0.004736265016568649,0.009727555076022779,0.014575757575757584,-0.009030020419396502,-0.001840477684959925,-0.0058772417050757505,-0.02358737687798578,0.005025099091877195,0.006084925073943578,-0.00815539995697454,-0.0004313582746835695,0.003959793390495128,-0.002052724273110926,-0.013007794141330279,0.006134041193150865,0.7366059142212968
37,0.8224,-0.0794911439166681,0.008679604849541955,0.07295691393236564,-0.05265399636599774,-0.03332873249658158,0.07697142677981268,-0.011428832594598436,-0.030805934152590937,-0.005480910981501443,0.0050170854925516255,-0.006997450977908904,0.0022141071732203568,0.03900885145700446,0.022664930669541675,0.013160382228498113,0.0060223166370411575,0.003494527146191574,0.007551505395544036,-0.004808109626193077,-0.01676932928238552,-0.021692869147752435,-0.003637064703380083,-0.009411304816880666,-0.0012885510879692653,-0.01546207240800497,0.008060606060606055,0.005304749850416424,0.005099699971001851,0.006105638389039798,0.018030046743624517,-0.008365433922699289,-0.008197416594549036,0.010965585559215056,-0.002076593605998978,-0.0014978142936150497,0.00019792997868178214,0.0132718148323413,-0.006667648322991938,0.689898193218351
38,0.7445,-0.06778399642926215,-0.002785645067841304,0.06861039163258945,-0.02857108829580414,-0.06031647782683814,0.0703070079674827,0.005297398845627616,-0.030408994344962092,-0.011717749992571398,-0.01998989656994471,-0.0075770925048797766,-0.031040185945681725,0.0024204226033877627,0.024948317155187322,-0.0016344606961357215,0.0025370298566563705,0.02180707611265238,0.014140383172609862,-0.0013962226750985,0.017500580991421363,0.00666416044253757,-0.005194597740191378,-0.000559797383684537,0.005731915880655656,0.004004825160153168,-0.02263636363636364,0.003153205667523693,-0.004838708846862118,-0.002688662301578446,-0.004757771204380566,0.008755724939375018,0.007981569865056872,-0.011337802363603185,0.004236128204893613,-0.0010855088094891244,0.0016665906792633176,-0.013415643913039274,0.007194541696164103,0.6230461013423002
39,0.5655,-0.055803906712174715,-0.014206072913309052,0.061784111016579706,-0.0016351352185419857,-0.07866303519724142,0.049992699862925434,0.02068708995728221,-0.01816898326226532,-0.012471723553832088,-0.032143751410073855,-0.002558060797487273,-0.03822425583755532,-0.03645663457923217,0.000899806443758478,-0.01432701523286671,-0.004515724922526258,0.004078990908220693,-0.004416916162018787,0.004675239726597604,0.013995488705307767,0.019796051316538516,0.005764841213595213,0.00970964750432891,-0.003140444434779433,0.011905254122109783,0.014575757575757584,-0.008797997619891832,0.0012376608826054887,-0.0023335802168798804,-0.010550325185061599,-0.006058337249309397,-0.005498692517040822,0.009189295742013125,-0.005684912144540165,0.0035808904446179564,-0.0034492143608798277,0.013437978844996906,-0.007714190775703415,0.5820387216729795
40,0.4424,-0.0435991143583985,-0.02539791972772292,0.05272479165149966,0.025464098806328574,-0.08574000095482905,0.019972462886183904,0.030857402499487714,0.001147110683598307,-0.007390039056486892,-0.023629779139031196,0.004351108388039854,-0.013304301477900614,-0.040862155030469534,-0.024098412042624917,-0.00859176797015826,-0.005218651334407855,-0.020390457436787374,-0.015119509245633548,0.0018411364013520661,-0.01971886474359199,-0.012298704125663232,0.0028332418984287266,-0.004614936216444374,-0.0033053250808813624,-0.014578276900585607,0.008060606060606055,0.006593569139485049,0.003217717818945318,0.005962558142757458,0.021344002728901447,0.0012244960899453461,0.0014540040831437515,-0.004997741243746838,0.006179863985849444,-0.0057861696322993195,0.005062342178646876,-0.013338617359611747,0.008226072319035544,0.49715157505912316
41,0.8573,-0.031218763759136757,-0.036181104506300854,0.04175986094302968,0.050020544848930905,-0.08053349972922004,-0.013925366313165334,0.033242353947055714,0.02001645149346101,0.0011495268465240923,7.769633237575066e-05,0.00804526679519201,0.02278975183900621,-0.00663050300779213,-0.023661772355129337,0.008194448017539008,0.001416677096686695,-0.011160522459607166,0.0010652777856733579,-0.00450003013205928,-0.010870050344918745,-0.016295475139309016,-0.006925374879674979,-0.0072501281972645265,0.005694436902438956,0.0010421979596343268,-0.02263636363636364,0.0014933771421934906,-0.0054519749876921954,-0.006031589390386521,-0.02300471361344137,0.004041159742628637,0.0030036697448142828,-0.00030495658071925036,-0.005637939181892904,0.007522687768047599,-0.006426704344037231,0.013118459289881946,-0.008729670904836702,0.7639033112573895
42,1.5367,-0.018712706216685072,-0.046382121769395296,0.029285620055822175,0.06958205110294119,-0.06378943640950384,-0.0451196284852229,0.02724021807844818,0.031090195414396265,0.009151216362478619,0.023735214524552035,0.005794820482189885,0.03974300752115755,0.03387061493291745,0.0017488707202579533,0.014440739152179267,0.006059931924942221,0.016514448662944114,0.015355656189950691,-0.002269376511247963,0.021441766785323845,0.01693687994373744,3.4840099884822707e-06,0.008478874837377847,-0.001094710800767373,0.013652666265386679,0.014575757575757584,-0.008247992263445062,0.003922850864837576,0.0024994588378665877,0.014821849930132795,-0.007881713373585786,-0.006608201722916534,0.00553985368223457,0.0041500635481900245,-0.008649762479975474,0.007475255518712636,-0.012779498421379298,0.009224479452019207,1.0256306521658505
43,1.2019,-0.00613129921083189,-0.05583683333061047,0.01575292055685847,0.08219524928322691,-0.037906634726282536,-0.06755405360071616,0.014365341251138355,0.03005556784262263,0.012870950037988334,0.032131436548096436,-0.0007373877745503068,0.02331666040056887,0.04234540460031747,0.025313654464518734,0.0021129536484911257,0.0021819574265485864,0.0168959302905958,0.0023387087951125454,0.004284067567798123,0.007471532159578278,0.011474736479214936,0.006923947782720485,0.0027313319698314253,-0.004848564538598761,-0.013167584482649106,0.008060606060606055,0.007644079660475855,0.0003141329946813318,0.002524974175148447,-0.00029680840134673674,0.00894280571210123,0.008335785194332085,-0.009543080085543939,-0.0019658774488619446,0.009076084877893955,-0.008156469451026428,0.012324804436218358,-0.009709999730319163,0.8851903422471739
44,0.3136,0.00647479637293944,-0.06439310934166476,0.0016508694651356992,0.0866006136160809,-0.006593171847364558,-0.0768730670446241,-0.0021339290710439083,0.01731551429934559,0.010568223146047304,0.019867749684916464,-0.006724744138026321,-0.012693027574207325,0.010780536550199145,0.022160942880507205,-0.012932571064161747,-0.004764196688859976,-0.010646553653045215,-0.014837219644064812,0.002677064796036352,-0.022626003987925216,-0.020202930476273515,-0.0028396253604611767,-0.009934531730286838,0.004841149352959743,-0.001958096990565995,-0.02263636363636364,-0.00022042592401177785,-0.004334277591744471,-0.006041870789813826,-0.01435523560528427,-0.00685024590108366,-0.007695729143136723,0.011424602056534056,-0.0005481496338352071,-0.008767116856560614,0.008436870997991446,-0.01175849511353984,0.010185742861972127,0.4768406624174344
45,0.3895,0.01905482023695602,-0.07191327611859753,-0.012510848350355515,0.08235823426733649,0.025664856086367326,-0.07126741102743939,-0.018094806430023997,-0.0021682305243891295,0.0033205071913534716,-0.005170526252742313,-0.007743222928836701,-0.038042017096162284,-0.030977857752775752,-0.004381709840212392,-0.011343866493605245,-0.005011131564536643,-0.020593439571164808,-0.005627770228880673,-0.004029307824238712,-0.003885312479809083,-0.0057243829124603626,-0.005760799365461548,0.0025632531449569667,0.0011078556280618816,0.014906635478157508,0.014575757575757584,-0.007399882976663154,0.005362563415023443,0.005951467092493063,0.022864763147937846,0.002341968539415396,0.004869830720788576,-0.010766102503702878,0.002970206479851397,0.0077478891675603,-0.008302681108074509,0.011085699038265095,-0.010651229813971532,0.6024034367266943
46,0.3423,0.03155811706515843,-0.07827633136288067,-0.026220391509767422,0.06989174575499713,0.0542460306394762,-0.05182540641868717,-0.029490341583105713,-0.02080753740486866,-0.005480910981501443,-0.026884251135294236,-0.0030402756011896986,-0.03144004216710183,-0.043445167628756796,-0.02629965251166551,0.004835631761870927,0.0017883825589368064,0.003494527146191574,0.013589675800813546,-0.0030605091674780977,0.023241825680725237,0.021832259733075822,0.005199325607325666,0.008568452048307518,-0.005697178596706559,-0.011280981253702919,0.008060606060606055,0.008418313226081772,-0.0026891868358363,-0.0023077386309750497,-0.021590600060710487,0.0029921966203598762,-0.0006607388242607374,0.0077139850417532255,-0.0048939129191875935,-0.006100973576675358,0.00776049392966178,-0.010312509155836858,0.011105991880414357,0.5833390963875515
47,0.4248,0.04393434049418022,-0.08337989113369768,-0.03898226140345263,0.05044602375329571,0.07505569459182679,-0.022321658598405476,-0.033445426813920216,-0.031343151484822314,-0.011717749992571398,-0.03131190858318301,0.003909115150832373,0.0015679897036877913,-0.014832939884200176,-0.020459420475452312,0.014795407190612765,0.006073146005796758,0.02180707611265238,0.00864028063488168,0.003738058045069243,0.00020148511486813703,-0.0004897261136457209,0.003631086257816761,-0.0071297893344223606,0.003294298734019714,-0.004887621213755318,-0.02263636363636364,-0.0019262622230091166,-0.001840477684959925,-0.0027138256984555373,0.011077952842212751,-0.00727117310586324,-0.003736024817396388,-0.0029468242073053203,0.0059965035505562475,0.003959793390495128,-0.006836952771796462,0.009445927593561814,-0.011549571154448227,0.683430824993379
48,0.521,0.05613365584038365,-0.08714183724387768,-0.05033521080272561,0.025962874590762724,0.0851125694591235,0.011515770564539044,-0.028962189191248808,-0.029671877931167025,-0.012471723553832088,-0.015606598199718187,0.007970081569785433,0.03325908869062303,0.027804560295784975,0.006974867517329313,0.005724922176471077,0.0018180990239923672,0.004078990908220693,-0.011674329496393845,0.0034162370939675927,-0.023273761054046407,-0.021692869147752435,-0.006686666963167168,-0.004768647738807394,0.003151706079775438,0.015621840045887812,0.014575757575757584,-0.006284322638897599,0.005099699971001852,0.006115099785132304,0.004174881830638514,0.00898599339328407,0.007071633473781408,-0.0024755014089384,-0.006092982316184433,-0.001497814293615049,0.0055774408406162514,-0.0084938022482614,0.011981520989344787,0.6856090837185863
49,0.7586,0.0681069407665419,-0.08950163857226694,-0.05986891453647556,-0.0011128691888678407,0.08297586577308001,0.04311744830148991,-0.017171755152779845,-0.016444610081299705,-0.007390039056486892,0.010133461061384224,0.006141997230586434,0.037016338698386574,0.04415148449149945,0.027047476833064688,-0.010709115501676213,-0.00499348471662119,-0.020390457436787374,-0.01122820396774482,-0.0034129558333910177,0.003487404003988627,0.00666416044253757,-0.000892138295441051,0.009671228832631096,-0.005729591297096991,-0.008986653969937945,0.008060606060606055,0.008888287017995919,-0.004838708846862117,-0.005865352171721724,-0.01764131040853042,-0.007531931531999329,-0.008398663632566989,0.007347451018224637,0.0051671617111249514,-0.001085508809489125,-0.004043851089260089,0.007464755714502917,-0.012401406448235125,0.7957508773374276
50,0.9295,0.07980598308015366,-0.09042132503212741,-0.06723879971194192,-0.028077484339096966,0.06895169653682325,0.06634800610469423,-0.001048865895654268,0.0031871671408349217,0.0011495268465240923,0.029357895603312038,-0.0002243760998413796,0.009684077367430693,0.018751013817672316,0.018572614390352075,-0.013368793712439408,-0.004783433736502702,-0.011160522459607166,0.009185301664581395,-0.003741027048316716,0.022721007820329826,0.019796051316538516,0.007052098706652451,-0.00038561072139307244,0.0012754932599189492,-0.00764049407170666,-0.02263636363636364,-0.0035624783864396372,0.0012376608826054883,0.0021136947269007485,0.023559131453248464,0.003421757838397473,0.007340194706383188,-0.010585848435569136,-0.0033743787727770307,0.003580890444617956,0.002311544771770329,-0.006368107197047875,0.0128088047420543,0.8640056815226965
51,0.7429,0.09118367486692609,-0.08988609852404594,-0.07217849947683483,-0.052238344669931665,0.04504922221060417,0.07669730264717244,0.015338653533685397,0.02157767188988903,0.009151216362478619,0.02970575587933371,-0.0064249591269564445,-0.025781706718786095,-0.024379460435112892,-0.00950485971412435,0.001166838951128862,0.0021528868358205596,0.016514448662944114,0.013264368571844746,0.0030569453651763216,-0.007088681782996412,-0.012298704125663237,-0.0019964953825116097,-0.00946571851357234,0.0047440300894487425,0.015772430612052496,0.014575757575757584,-0.0049416305073193565,0.0032177178189453175,0.002899944629325435,-0.019396145968025774,0.0018950879343754,-0.004196866983416924,0.011470703669019594,0.0010154321535156216,-0.00578616963229932,-0.00046564815894792756,0.005213788114690573,-0.013203305655254115,0.7996718558733237
52,0.4576,0.10219420217771924,-0.08790457104289344,-0.07450948021138883,-0.07118280067990049,0.014692810078457425,0.07215605384557121,0.027856211566654746,0.03156454765854833,0.012870950037988334,0.010953374279781039,-0.00787817412698148,-0.039593791612970816,-0.044457958673660605,-0.027550355015858237,0.014201651201388617,0.006061905671164988,0.0168959302905958,-0.006244904193927764,0.004031937682403913,-0.0215974523693819,-0.01629547513930902,-0.006234307572452968,0.005430342944649053,-0.004941159062319065,-0.006367525597200879,0.008060606060606055,0.009037014958873749,-0.005451974987692195,-0.006182171393321965,0.0069336696752505325,-0.006543636940987979,-0.00013851018773271793,-0.009805287648512273,0.0015138868052087904,0.007522687768047598,-0.0014031306028780101,-0.004012252159791572,0.013584511958855383,0.6101356483249207
53,0.4149,0.11279322950514957,-0.08450862610760346,-0.07414749419854608,-0.08301910134183631,-0.01776855476513368,0.05360592918323686,0.03334561271640538,0.029258310953812136,0.010568223146047304,-0.014841820805055198,-0.003510248288092463,-0.02015159808366566,-0.022499275666345308,-0.01651761183329233,0.00896990832412964,0.001446919778353252,-0.010646553653045215,-0.014648716450663195,-0.002673250726354886,0.010511876119976527,0.016936879943737437,0.0045501509057269685,0.006571630125361525,-0.0009260446514459393,-0.01011721956679339,-0.02263636363636364,-0.005069937299037327,0.003922850864837578,0.005773331338498082,0.008495680955715968,0.008884593076966494,0.004434545870694395,0.00595987082349238,-0.0037892011652087983,-0.008649762479975474,0.003202958928823308,0.002774380628020879,-0.013952039810423854,0.6147681317266476
54,0.3351,0.12293807830703021,-0.07975290574341751,-0.07110562455595609,-0.08656530013147401,-0.0476843229984375,0.024648378292544446,0.03042187423382754,0.015557147534851858,0.0033205071913534716,-0.03109400448152985,0.0034513812866103196,0.016215644198306855,0.020733576405487588,0.011948774429484338,-0.007799177821740404,-0.005202665743847885,-0.020593439571164808,0.0029976294694240907,-0.004286334464478267,0.019931320911397807,0.011474736479214943,0.00437050508006147,-0.008932677627979873,0.005656704736839728,0.015352964441230476,0.014575757575757584,-0.0034203349739138898,0.0003141329946813315,-0.0019175225114066872,-0.02028978228962634,-0.008092425565073861,-0.007471023416838183,-0.0007894012661362046,0.0054287516635096785,0.009076084877893957,-0.004845392487811652,-0.001511383875659362,0.014305519140567005,0.5539123984339251
55,0.2458,0.13258789885779712,-0.07371393127124405,-0.0654938123780161,-0.08146728156514349,-0.07076863799352673,-0.009094579411104345,0.019822658980645686,-0.004202894550134477,-0.005480910981501443,-0.027353328562380097,0.007862803638887958,0.03896359100441767,0.04436181469758786,0.027803732917350166,-0.014536746532777757,-0.0045364747090949975,0.003494527146191574,0.015313220159385577,0.0022653467149924642,-0.01367098876463069,-0.020202930476273515,-0.006340368072145726,-0.0018109807773786192,-0.0034448359536805835,-0.003518258258954845,0.008060606060606055,0.008859121633425072,-0.00433427759174447,-0.003083143561771382,0.023402011365120393,0.0044464897728643486,0.008385482472380133,-0.004556575166382509,-0.006157449459270466,-0.008767116856560613,0.006249721394701236,0.0002346997968762932,-0.014644594025562532,0.5111840569787537
56,0.2504,0.1417038347359364,-0.0664888720509605,-0.05751488317827089,-0.0682341223803504,-0.08371434535438872,-0.04107185250222691,0.004222162170380487,-0.02232607948837721,-0.011717749992571398,-0.006024977252448984,0.006464442323915062,0.02898655616933045,0.026043780590484848,0.01431302322565482,-0.0025767512669031905,0.0025087221972644592,0.02180707611265238,0.0003969500448842504,0.004501913537886992,-0.01776447037182456,-0.0057243829124603626,-0.0017734057617353038,0.009897835536514722,-0.0029949135778058614,-0.01222828238657774,-0.02263636363636364,-0.00639415546805502,0.005362563415023443,0.0062430180789587834,-0.016500664623891208,0.0007674865741226211,-0.006918186329711379,0.00888949233081916,0.005853031388186717,0.0077478891675603,-0.007346936328441539,0.0010441097596114526,0.014968923045743399,0.4977423685140212
57,0.2634,0.15024917928507953,-0.05819398199003838,-0.047457216246896486,-0.04818725627080042,-0.08466678952736832,-0.06507515179060454,-0.012443591415696486,-0.031754161008394316,-0.012471723553832088,0.01917732102197156,0.00028953905822946417,-0.005335886623030137,-0.016899925897260467,-0.014284479193297416,0.012697532485523456,0.006026256181907271,0.004078990908220693,-0.015225225702534385,-0.0018369273729814555,0.016486655785732277,0.021832259733075825,0.007066778722522963,-0.0034640471880050426,0.00575897647899551,0.014378602133743701,0.014575757575757584,-0.0017754196229553215,-0.0026891868358362996,-0.00567549725000091,0.0025387856207246297,-0.005710811208197577,0.0034858957687425216,-0.011246016641973793,-0.004566573653395972,-0.006100973576675356,0.008083119679523533,-0.002313463696431759,-0.015278179629278474,0.588921551992182
58,0.3152,0.15818952341875325,-0.0489627289746539,-0.03568432187178837,-0.023328518471787057,-0.07348951942287084,-0.07644431056730704,-0.025969811384615085,-0.028815283337447577,-0.007390039056486892,0.03204896285616927,-0.006099303073131601,-0.03517679197808476,-0.04386392325801681,-0.027805315908028014,0.011639900051500219,0.0010699142974480288,-0.020390457436787374,-0.0037720232647952827,-0.004676722585158054,0.015151336852360552,-0.0004897261136457214,-0.001121241046492521,-0.008051679806534831,-0.0014549914054767213,-0.0005418319004977039,0.008060606060606055,0.008361036569928135,-0.0018404776849599257,0.0017194195132850631,0.012509424035773032,0.008640236332196087,0.0009365048300172331,0.011102224164279861,0.0025139221025383108,0.003959793390495127,-0.00842209508429222,0.0035618665477684646,0.015572052381002698,0.598440913559974
59,0.256,0.16549289417362623,-0.03894364732143715,-0.022621703129640028,0.003859753031338348,-0.051783836962541935,-0.07297204163388729,-0.032943815586434916,-0.014654020259559343,0.0011495268465240923,0.024313724835140035,-0.007981402698469378,-0.03547319586384338,-0.029352429004617757,-0.011978813663259301,-0.004389292587349559,-0.005390897472372558,-0.011160522459607166,0.014389057165225096,0.0013918725322254848,-0.01888814136947676,-0.021692869147752435,-0.006607503436862841,0.007755170837321803,-0.004634718804132857,-0.013897383220432175,-0.02263636363636364,-0.007487272198647632,0.005099699971001852,0.0032632380299975152,-0.022204928574263035,-0.008522709441500641,-0.005092906989880977,-0.008490084150276654,-3.9476945525542396e-05,-0.0014978142936150492,0.008347205146876058,-0.004778012584079901,-0.015850245395965606,0.5544824837261735
60,1.162,0.17212988345334776,-0.02829794780471549,-0.00874147709611389,0.030662598225162336,-0.02265938794624187,-0.055332475321079086,-0.03160605407240096,0.005214390000886173,0.009151216362478619,0.0009452194051365175,-0.003966086444059338,-0.005976152752704854,0.012913227043089472,0.016490821501529678,-0.014772856145421015,-0.004271248899154246,0.016514448662944114,0.006961737653727874,0.004809178508489519,-0.012157568075088642,0.006664160442537571,0.0038277625727588726,0.003918579908857064,0.005036193443346753,0.012884559682060986,0.014575757575757584,-6.633598101244061e-05,-0.004838708846862118,-0.0062975785745880706,0.02239908161291099,0.005399676022393929,0.007802754614915474,0.003990351345378551,-0.0024415917751992424,-0.0010855088094891261,-0.007862129990719953,0.005950888198536357,0.01611247855738256,0.9438814142777242
61,1.5586,0.17807376644457248,-0.01719692371480718,0.005454688695362217,0.054403544905904655,0.009711338660418192,-0.026950279159096386,-0.022294045739168124,0.02305200661732131,0.012870950037988334,-0.0230310443103969,0.0029797499280906047,0.028540178470124616,0.042968793336924625,0.027555089652083073,-0.006155165036369577,0.002854455819857839,0.0168959302905958,-0.012845804225780527,-0.0009342126782808883,0.020815114860345253,0.019796051316538513,0.005039600839520069,-0.009843568702446385,0.0007433012263634332,0.002454177674572672,0.008060606060606055,0.0075607618603256935,0.0012376608826054891,0.005571948416864288,-0.013008806268186865,-0.00037246393240749433,-0.008296361084399316,0.001396552693556015,0.004513002695238755,0.0035808904446179564,0.006990706415750601,-0.007069871647949032,-0.01635848781868854,1.1074359840723857
62,1.601,0.18330060922835115,-0.0058191946848585455,0.01945370782533517,0.07271187521048277,0.04069077874422488,0.006664230787117162,-0.007357221890673757,0.03191180060978983,0.010568223146047304,-0.03219878005032381,0.00772386497286423,0.03908600819668672,0.03239525727634878,0.009536122109364121,0.01037946895921234,0.0059663410859345815,-0.010646553653045215,-0.009809349287060499,-0.004898081766528387,0.008858374165785731,-0.012298704125663234,-0.005892050285400158,0.0013275266760644513,-0.0056105350548012285,-0.015064196415421392,-0.02263636363636364,-0.008309779404083678,0.0032177178189453184,-0.001519585205462511,-0.0019478567608756693,-0.004786096385291295,0.006433525786330047,-0.006472962425272753,-0.005827208099844653,-0.005786169632299321,-0.0057757565478681605,0.008124829244921174,0.016588025469410742,1.1228249593295778
63,1.6461,0.18778936515357514,0.005652167365917531,0.03274961926835916,0.08375936020262235,0.06584068965076259,0.03898490082900602,0.009435838206909223,0.028343241173329183,0.0033205071913534716,-0.02066330629920856,0.00676085738958992,0.016804039773964618,-0.00880958400515359,-0.0185478203765772,0.013563743954336401,0.0006886006492865673,-0.020593439571164808,0.010671302991424426,0.0004680924496553663,-0.022219166401264867,-0.016295475139309023,-0.0026261384654693446,0.009136066510154087,0.0035919045155423353,0.010924835673075771,0.014575757575757584,0.0016451452161209434,-0.005451974987692195,-0.0034400466941402834,0.016071043938190838,0.00825685495046832,-0.002743355742182071,0.010110244229231522,0.00616370655172994,0.0075226877680476005,0.004276983541427469,-0.009106207130090376,-0.01680086038459196,1.146031440597586
64,1.7902,0.1915219595844119,0.01703258392795266,0.04486187414272391,0.08644282272746098,0.08155799117463751,0.0637367723148461,0.023848224569151564,0.013736137628033567,-0.005480910981501443,0.004158284454522238,0.0008022883447038234,-0.019591409437491897,-0.04168453136949099,-0.027055320237237685,-0.0006980422982069169,-0.00555742195945966,0.003494527146191574,0.012174925315396016,0.004942627237602849,-0.005336638208397641,0.016936879943737437,0.0069677516233813755,-0.0061965716462375866,0.002835105451731388,0.005361486874186431,0.008060606060606055,0.006487221517718202,0.003922850864837576,0.006345797942415625,-0.023317530885848765,-0.008815859732636178,-0.0017260183395397537,-0.01149972450572695,-0.00546603930249386,-0.008649762479975474,-0.002568037740785817,0.010005117793358421,0.016996778257513837,1.196019050927863
65,1.923,0.1944833626804845,0.028138939838636648,0.05535270399909765,0.08049429821610016,0.08559095772472004,0.07611434554660708,0.032243674161037655,-0.00622063500291188,-0.011717749992571398,0.026306176575858677,-0.005749087278542276,-0.039532304598875724,-0.035144709081655505,-0.007007069956941507,-0.014061987310973146,-0.003988824277407285,0.02180707611265238,-0.007972409379648939,2.266896680142942e-06,0.02306502309681647,0.011474736479214941,-0.0002279455223117821,-0.005833618353401149,-0.00578256285974721,-0.015686550302576346,-0.02263636363636364,-0.008831949530937086,0.00031413299468133123,-0.005462789103985728,0.02058659069097308,0.006265979463417055,0.005705145954711042,0.010332481351680143,0.0038512631156114884,0.009076084877893955,0.0007328974709893148,-0.010813420560558997,-0.0171755818154856,1.2814120501145865
66,1.9481,0.1966616499167337,0.038792529673831004,0.0638429429128804,0.06650779302842554,0.07736180984089129,0.07371455276185317,0.032504004590976174,-0.023754722329636695,-0.012471723553832088,0.031539692323085525,-0.008052492978276883,-0.02627056343021034,0.004626160010269213,0.020436847318093396,-0.009339016740765189,0.0031886955563270474,0.004078990908220693,-0.013942220324424466,-0.004942411511028817,0.0016808340377505685,-0.02020293047627352,-0.006874382097531264,0.00930558470672356,0.0016330244980235175,0.008570259638483887,0.014575757575757584,0.0032971665787596633,-0.00433427759174447,0.0013182208041477828,-0.009046775759836118,-0.0015064213548376172,-0.008063822858913649,-0.006868026890151548,-0.0015903101215218767,-0.008767116856560614,0.0011382576929138933,0.011523795316663548,0.0173370910184809,1.192762906734353
67,1.787,0.19804805009927218,0.04882193318503956,0.07002573152862637,0.04587996830589924,0.058049489268021386,0.05700330634660609,0.024563534167158275,-0.032037307733018786,-0.007390039056486892,0.01649377958180084,-0.004405954569721484,0.009055460926831833,0.04002276783096587,0.026310533652703885,0.0073960545149832965,0.005882401640191744,-0.020390457436787374,0.004881748172883944,-0.00047260571364827965,-0.02333143514676678,-0.00572438291246036,0.003043784107116531,0.0008742290625685637,0.004520740749849501,0.008075017968949293,0.008060606060606055,0.00517921608716957,0.005362563415023441,0.003613391522862323,-0.006364098524046644,-0.0037843714799259643,0.008132106565714885,0.0018766101728837142,-0.0009374700110794627,0.007747889167560298,-0.002953478388628665,-0.012129808797876548,-0.01748114324042286,1.1383629714762582
68,1.7427,0.1986369806838861,0.05806577351537601,0.0736776077566639,0.020670672512184154,0.030420758887892117,0.02922504337901244,0.010425653470231097,-0.027842659767902924,0.0011495268465240923,-0.009157322966284062,0.0024961201682946422,0.03677592879013196,0.037575884959225904,0.0044145606939172,0.014618116641844972,0.0003045142493477355,-0.011160522459607166,0.015024388684129473,0.004897436540459553,0.0020171964198258787,0.021832259733075825,0.005627607534954628,-0.00977150301140618,-0.005126156804476826,-0.01574195139088803,-0.02263636363636364,-0.009034909990322373,-0.0026891868358362996,-0.006387627629625426,0.01905181443998586,0.007740617681729567,-0.0058906022371715975,0.003532031600220565,0.003307958532999538,-0.006100973576675358,0.004623563897467533,0.012625972852268618,0.01760759343293478,1.1282128979380812
69,1.3385,0.1984260702549705,0.06637531381360078,0.07466658327524096,-0.0066027504296835675,-0.0015661751689559523,-0.004227171847629986,-0.0063426325861445,-0.012804423870278874,0.009151216362478619,-0.028920439216384864,0.007553825028684791,0.03360880227439697,-0.0004008407939532292,-0.022140795005572853,0.003037954315211335,-0.005701568669773469,0.016514448662944114,-0.0015511957801598827,0.0009386645400888111,0.02301170968828104,-0.0004897261136457221,-0.00534892720394177,0.004333470283297569,-0.0005598093599529296,0.005905932090963513,0.014575757575757584,0.004830019750558281,-0.0018404776849599242,0.005348129225540258,-0.02358737687798578,-0.008967159540558692,0.001975971461201274,-0.00815539995697454,-0.005123427566751458,0.003959793390495127,-0.0060664455056869725,-0.013007794141330279,-0.01771631427139152,0.985150372895389
70,1.2732,0.19741616807438328,0.0736168504657353,0.07295691393236566,-0.033216837473972104,-0.03332873249658159,-0.036858694665258845,-0.021510664539000877,0.007220616352790307,0.012870950037988334,-0.03008825742308214,0.007030048868759387,0.0022141071732203602,-0.037998551909284625,-0.025327474801124274,-0.012449708567995984,-0.003690338068125879,0.0168959302905958,-0.015368252180063406,-0.004808109626193077,-0.005664550419820306,-0.021692869147752435,-0.003436615618229488,0.007461990305600701,0.0055587160395472335,0.010496696875060224,0.008060606060606055,0.0036840202929147364,0.005099699971001851,-0.001115529066224068,0.018030046743624524,0.007031460949277016,0.0024999007596988483,0.010965585559215056,0.006079272116883699,-0.0014978142936150484,0.007211219396060824,0.013271814832341302,0.01780719628312462,0.9170578264630025
71,0.3188,0.19561134066176689,0.07967386443626141,0.06861039163258945,-0.05651396538374843,-0.06031647782683815,-0.062334215312101475,-0.03125152902938157,0.024433519050167735,0.010568223146047304,-0.011909892461445097,0.001311807099176733,-0.031040185945681722,-0.039666767803835844,-0.0017820724856371423,-0.011924213216715416,0.0035100955412211542,-0.010646553653045215,-0.0018555830343661493,-0.0013962226750984994,-0.022113878935513316,0.00666416044253757,0.006756610792322522,-0.008310320312200548,-0.0037353563340296442,-0.01522839734067873,-0.02263636363636364,-0.008911325262429038,-0.004838708846862118,-0.0037830979726149274,-0.004757771204380571,-0.002616139893757029,-0.0062657182343115354,-0.011337802363603187,-0.006015117635864779,-0.0010855088094891255,-0.008001630891680073,-0.013415643913039269,-0.01788014795765201,0.5161200266299736
72,1.0354,0.19301885542010933,0.08444889610302043,0.0617841110165797,-0.07416773504624984,-0.07866303519724144,-0.0757077398318785,-0.03310759381060588,0.03213055600304688,0.0033205071913534716,0.013926309171634474,-0.005375721938586787,-0.03822425583755532,-0.0038281084986645274,0.02364423222489491,0.0039385337672571364,0.005774775839200858,-0.020593439571164808,0.014956913213471406,0.004675239726597604,0.009169598322971654,0.01979605131653852,0.0006690177306517201,-0.0030330248124450176,-0.002672442614788621,0.0030281487699197374,0.014575757575757584,0.0061883034240780115,0.0012376608826054896,0.006423025517268203,-0.010550325185061599,-0.002721754620813026,0.00825186387438764,0.009189295742013125,0.0049417281604453404,0.0035808904446179572,0.008398838834753545,0.013437978844996907,0.01793509583882129,0.7628320335763307
73,1.0087,0.18964915137247726,0.0878651134190164,0.05272479165149966,-0.0844152804876613,-0.08574000095482905,-0.07438283958370295,-0.02661057142597327,0.027314043164211595,-0.005480910981501443,0.03080815614386189,-0.00809115871093809,-0.013304301477900614,0.03563021521729156,0.02411504641568919,0.014735430086332216,-8.079832199681087e-05,0.003494527146191574,0.005171177707679783,0.001841136401352066,0.020660498392534154,-0.012298704125663232,-0.007030649376905151,0.009926763689777999,0.005800326689866011,0.012538997807229528,0.008060606060606055,0.0020556744066527154,0.0032177178189453175,-0.00522808423430617,0.021344002728901447,0.007099830976881277,-0.007894206430683485,-0.004997741243746838,-0.0030392002883636213,-0.00578616963229932,-0.008383324257656987,-0.013338617359611747,-0.017971984598773843,0.8325587342708735
74,0.9536,0.18551579712775454,0.08986754816881358,0.041759860943029664,-0.08623330472840575,-0.08053349972922004,-0.05861673987460541,-0.013399668717509637,0.01185981714307136,-0.011717749992571398,0.02788093862102949,-0.004828081471385572,0.02278975183900621,0.04139842225666329,-0.0008665544470335912,0.006579210166827454,-0.005822757175387235,0.02180707611265238,-0.01381058515649648,-0.00450003013205928,-0.012444285535467808,-0.016295475139309023,0.002210830015785386,-0.0022574203435847965,-0.0018094132733263643,-0.014164449333375032,-0.02263636363636364,-0.008465662021320012,-0.0054519749876921954,0.0009117140850900165,-0.023004713613441374,-0.008974174394721375,0.005294332481971001,-0.0003049565807192498,0.000626746015554456,0.007522687768047599,0.00795584955332169,0.013118459289881949,0.017990777093655336,0.8066621678660877
75,0.9433,0.18063543624464284,0.09042398042769953,0.029285620055822182,-0.0794402639319627,-0.06378943640950387,-0.03147038045754671,0.0031919871024987004,-0.008213327154066917,-0.012471723553832088,0.0070268023709685766,0.0020024394135710133,0.03974300752115756,0.0080223898479211,-0.02493354361578838,-0.010039371171336457,-0.003376992169925955,0.004078990908220693,-0.008232658504331167,-0.0022693765112479633,-0.018688080208935386,0.01693687994373744,0.006125063918522114,-0.00872367687366498,-0.004402210692837832,4.092026256640029e-05,0.014575757575757584,0.007322925688384254,0.003922850864837576,0.0039489951633885885,0.014821849930132793,0.0076838035963172025,-0.00119069247668109,0.00553985368223457,0.0018908656373410443,-0.008649762479975474,-0.007137421010920888,-0.012779498421379303,-0.01799145440101639,0.854991067216235
76,0.9789,0.17502772021392568,0.08952545699233477,0.015752920556858466,-0.06471449596654523,-0.03790663472628254,0.001785856504414259,0.018978300599776194,-0.02508771328815597,-0.007390039056486892,-0.018345435537321174,0.0073533684971903105,0.02331666040056887,-0.03293920577881538,-0.022684228435606295,-0.013745036655820718,0.003817361610237113,-0.020390457436787374,0.011985599058456847,0.004284067567798123,0.015406344636056475,0.011474736479214938,-0.004719737881463055,0.006906683235434934,0.005210958560230497,0.014128106688605428,0.008060606060606055,0.0003530310913268402,0.00031413299468133264,-0.006451955962671648,-0.00029680840134673224,-0.003683763762464243,-0.003251143691458901,-0.00954308008554394,-0.00409122202002608,0.009076084877893954,0.005968256557866286,0.012324804436218362,0.017974015838865907,0.8081100811438997
77,0.6042,0.16871522932885027,0.08718643544114618,0.0016508694651357037,-0.04352648310199241,-0.0065931718473645805,0.03469537492036153,0.029976365211416403,-0.03219145152677051,0.0011495268465240923,-0.03192190371334277,0.007270932822346303,-0.012693027574207334,-0.042755166186830104,0.003507333728442716,0.00022854277586118837,0.005643897054076657,-0.011160522459607166,0.010889582953080384,0.0026770647960363526,0.016246175913478808,-0.02020293047627352,-0.004191796339235093,0.005042776430274227,0.00037575381296995876,-0.012588561222050388,-0.02263636363636364,-0.007714027697693227,-0.004334277591744471,0.005102775005413861,-0.014355235605284275,-0.0016153437109939107,0.006769547199311632,0.01142460205653405,0.005605140550215367,-0.008767116856560613,-0.004505809433713002,-0.011758495113539843,-0.017938478966357765,0.6239798397375016
78,1.0801,0.1617233817622564,0.08344455150647799,-0.012510848350355501,-0.01799201293753936,0.025664856086367337,0.06086889303838272,0.03341135553384901,-0.02675792363436619,0.009151216362478619,-0.02497318867132609,0.001816043669455399,-0.03804201709616228,-0.012144019192417116,0.02599705297464254,0.013908164191319157,-0.00046578554701594087,0.016514448662944114,-0.009571635514072516,-0.004029307824238712,-0.017981362116518455,-0.0057243829124603626,0.006436753564356263,-0.009594218969357722,-0.0055012998684336,-0.002947787209692786,0.014575757575757584,0.00819287833861551,0.005362563415023441,-0.000706981085154974,0.02286476314793785,0.006344805333875532,-0.008365174732782447,-0.010766102503702878,-0.006178611306269409,0.0077478891675603,0.002821944913479573,0.011085699038265097,0.017884879566110255,0.8281536981204897
79,1.2017,0.15408033121656584,0.07836001350156989,-0.026220391509767415,0.009339099418037285,0.05424603063947621,0.07522490284060954,0.02841661922920572,-0.010903268585314417,0.012870950037988334,-0.0019671833868306443,-0.004980710463712171,-0.03144004216710183,0.029949893792044057,0.021047978570070885,0.009698721559177339,-0.005920499492961574,0.0168959302905958,-0.013011388654057156,-0.003060509167478097,-0.013396131569558056,0.021832259733075825,0.0015552162378900025,7.043980600983198e-05,0.003875046965321183,0.015206588983832196,0.008060606060606055,-0.001362371687453124,-0.0026891868358362996,-0.004110916050774704,-0.021590600060710494,-0.008836791423494821,0.007584815139767707,0.0077139850417532255,0.005715415595502256,-0.006100973576675356,-0.0009994088174024756,-0.01031250915583686,-0.01781327160817599,0.944293237822509
80,1.4218,0.14581685355875898,0.0720146335462587,-0.038982261403452616,0.03573763018311633,0.0750556945918268,0.07497622919125524,0.01625233448989238,0.00919776783111331,0.010568223146047304,0.022303683786879244,-0.008097244203194397,0.0015679897036877891,0.04372471271120774,-0.006116350052483002,-0.006985484008266294,-0.003050048316146082,-0.010646553653045215,0.006687317720816247,0.003738058045069243,0.020104647814389132,-0.0004897261136457221,-0.007073790875962526,0.009556678241871671,0.0025070888546660213,-0.0105576897089845,-0.02263636363636364,-0.006683588314368681,-0.0018404776849599255,0.006474389835329573,0.011077952842212751,0.00821251096714983,-0.004650116431966007,-0.0029468242073053194,-0.0042932698232881214,0.003959793390495128,-0.0008722386539389866,0.009445927593561814,0.01772372719569867,1.0586616183370414
81,1.4382,0.13696622289682078,0.06451051117934486,-0.050335210802725634,0.058567481088934496,0.0851125694591235,0.06017115131427929,-1.2434489361240083e-05,0.02571664632545742,0.0033205071913534716,0.032233702110414215,-0.00523076739300566,0.03325908869062302,0.016155670418558702,-0.026825128996015083,-0.014684767546578546,0.004109256511362641,-0.020593439571164808,0.014493809170739967,0.0034162370939675927,0.010209546625735526,-0.02169286914775244,0.0013423028419016613,-0.005163648800650078,-0.005812250082680755,-0.00582995397180902,0.014575757575757584,0.0087667190193529,0.005099699971001852,-0.004972327714634815,0.004174881830638512,-0.004692114493259141,0.0003946303967087887,-0.0024755014089384,0.0021507859948020143,-0.0014978142936150492,0.002701023946052316,-0.0084938022482614,-0.017616336492311317,1.15163783026608
82,1.3591,0.12756407759665203,0.05596839053879319,-0.05986891453647556,0.075548914259755,0.08297586577308001,0.033684029530590125,-0.016274066231457388,0.03221993298755919,-0.005480910981501443,0.021438056715610835,0.0015006955420774494,0.037016338698386574,-0.026689350929236192,-0.0192211149512448,-0.003496098401040421,0.0054902922874939895,0.003494527146191574,-0.003474382284429083,-0.0034129558333910186,-0.02172286007362295,0.006664160442537567,0.0065239657307938955,-0.0068047238649412665,0.0019839801228403674,0.01573546553280212,0.008060606060606055,-0.0030285348038237236,-0.004838708846862117,0.0005015362151953991,-0.01764131040853042,-0.0004829413161797072,0.003972943762497049,0.007347451018224637,0.0003525633433589767,-0.001085508809489125,-0.0043970797702013965,0.007464755714502916,0.017491207631349093,1.1262799742229122
83,1.2149,0.11764827677894789,0.04652571754335405,-0.06723879971194194,0.08498620174082609,0.06895169653682325,0.0006572570449208183,-0.028429730788141688,0.026174861143593055,-0.011717749992571398,-0.003141855616339151,0.00712330254608324,0.009684077367430698,-0.044298281466333404,0.00866997576330776,0.012189348849257141,-0.0008488972180333457,0.02180707611265238,-0.015263997727088129,-0.003741027048316716,-0.006766475178454181,0.01979605131653852,-0.004014606209692431,0.008790210239447068,0.004279247982817895,-0.008145235782043679,-0.02263636363636364,-0.005411586635443353,0.0012376608826054896,0.0042686975941651235,0.023559131453248464,0.005487689397943392,-0.007212070096584448,-0.010585848435569138,-0.0027967585160653835,0.0035808904446179564,0.00587706122027905,-0.006368107197047875,-0.017348466606968285,1.0694543444275562
84,1.1452,0.10725874787388108,0.036334428336279236,-0.07217849947683483,0.08593695710117323,0.04504922221060418,-0.032497119873920406,-0.0334125388475012,0.009935741360322567,-0.012471723553832088,-0.025701613926490324,0.007482539295688062,-0.0257817067187861,-0.02002101339162236,0.02741027249522573,0.012196519709993645,-0.005994402048681166,0.004078990908220693,9.071422170193756e-05,0.0030569453651763203,0.022795345805552994,-0.012298704125663237,-0.004879529487992034,0.0021200021736559565,-0.005290513322428061,-0.008501411007587159,0.014575757575757584,0.009023707633267262,0.0032177178189453175,-0.006490304546233846,-0.01939614596802577,-0.008557221170313791,0.00840272927341782,0.011470703669019594,0.0047717049165663505,-0.00578616963229932,-0.0070682413770171695,0.005213788114690573,0.017188257147280808,0.9987220928462008
85,1.0086,0.09643732584743289,0.025558504575901596,-0.07450948021138881,0.07830624003590854,0.01469281007845743,-0.05934228094900945,-0.02996532172827615,-0.010172947135615163,-0.007390039056486892,-0.03173571826632394,0.002312967672838466,-0.03959379161297082,0.023187105171464932,0.017220181938956962,-0.003483809177516294,-0.002710822994292638,-0.020390457436787374,0.015284106929165856,0.004031937682403914,0.0031534148352028815,-0.01629547513930902,0.006013326562015419,-0.009920060367937598,-0.00019131991374861395,0.01569562135906102,0.008060606060606055,-0.004585238781613667,-0.005451974987692193,0.004836873711333303,0.006933669675250531,0.008609075962262722,-0.007206734588408514,-0.009805287648512273,-0.00594603994480786,0.007522687768047598,0.0079120851397979,-0.004012252159791572,-0.017010740569632185,0.9744139379092166
86,0.6493,0.08522758474675032,0.014371334909367746,-0.07414749419854608,0.06285603689283958,-0.01776855476513366,-0.07466632074872202,-0.018957816604398412,-0.026319684879815904,0.0011495268465240923,-0.017364353125962448,-0.0045656434257109095,-0.020151598083665654,0.044470678124741356,-0.011145084831041045,-0.014683166698215396,0.0043846048868533905,-0.011160522459607166,0.003297411576544686,-0.0026732507263548845,-0.023295161784835764,0.016936879943737437,0.0024163907336834612,0.0031668704629034513,0.005438344354677675,-0.005438391811734971,-0.02263636363636364,-0.003943996115761647,0.003922850864837576,-0.000295586340780528,0.008495680955715975,-0.005624967345418823,0.003963788207464787,0.00595987082349238,0.006122730046768439,-0.008649762479975474,-0.008367125666447352,0.0027743806280208813,0.016816095618168676,0.7646177993493847
87,0.5127,0.07367466224283752,0.002952925084399502,-0.07110562455595608,0.04112917041918386,-0.047684322998437514,-0.07549412409147475,-0.003167230732437405,-0.03221597170699616,0.009151216362478619,0.008171964223189885,-0.008070724950916326,0.01621564419830685,0.02370504296708088,-0.027747184322133918,-0.006996630590343097,0.005314580051634032,0.016514448662944114,-0.014553148602211925,-0.004286334464478266,0.0005388662976374016,0.011474736479214941,-0.007003112431834041,0.008232284268513178,-0.004010835752792311,-0.010865604899340764,0.014575757575757584,0.008954555942274432,0.00031413299468133107,-0.004422180920920217,-0.02028978228962634,0.000657231785195312,0.0004050055172461352,-0.0007894012661362046,-0.005272129612028181,0.009076084877893957,0.008411002071534422,-0.0015113838756593626,-0.016604518283857065,0.7009688369226494
88,0.639,0.0618250778770858,-0.008512998410569994,-0.0654938123780161,0.015295236930984077,-0.07076863799352673,-0.06166497550506979,0.013422451399245,-0.025565442786396286,0.012870950037988334,0.02845386239864745,-0.005612390860500873,0.038963591004417666,-0.019474873398648826,-0.015063300292418784,0.009689164587692091,-0.0012285906795667107,0.0168959302905958,-0.006523501164466854,0.002265346714992465,0.023209751523157095,-0.02020293047627352,0.00045217751281622807,-0.007554246831725825,-0.002339210668583593,0.015088496534860886,0.008060606060606055,-0.005976220283112972,-0.00433427759174447,0.006499684070619618,0.023402011365120396,0.004542274485345422,-0.00465876423959646,-0.004556575166382509,0.0035369550057457047,-0.008767116856560613,-0.008041558249811724,0.00023469979687629346,0.016376221607138346,0.7199633926061952
89,0.6392,0.049726545743499065,-0.01984194457437114,-0.057514883178270866,-0.012066044724918575,-0.08371434535438871,-0.035863761641169146,0.026625632320396827,-0.008958209685997602,0.010568223146047304,0.030440462642077906,0.000992908899297079,0.02898655616933045,-0.04424034143559679,0.013519262284685349,0.013912489270509486,-0.006044167263037568,-0.010646553653045215,0.01310704234996861,0.004501913537886991,-0.0042176099113713575,-0.005724382912460361,0.006817894492286247,-0.0042062663429014895,0.005818321032345584,-0.0025349901917585027,-0.02263636363636364,-0.002333859300474667,0.005362563415023443,-0.004696549386208709,-0.016500664623891204,-0.008139962025205854,0.007589279370245911,0.008889492330819159,-0.0012083391766124878,0.0077478891675603016,0.007276948828146448,0.0010441097596114528,-0.016131435463414105,0.7013207927210299
90,0.5845,0.037427782360877696,-0.030851626422368675,-0.04745721624689648,-0.03822243812801537,-0.08466678952736831,-0.003099708792124967,0.03311113303529079,0.011137883144675257,0.0033205071913534716,0.012854418390958832,0.006864553569748337,-0.005335886623030131,-0.027174396002612792,0.027832813351063072,0.00024118686968708765,-0.002360682145009262,-0.020593439571164808,0.009429023124660532,-0.0018369273729814553,-0.022541260716127203,0.021832259733075825,-0.0032448780211865517,0.00979596649930382,-0.002156549272545462,-0.012837087519974767,0.014575757575757584,0.00856176326865986,-0.0026891868358363004,8.933883597627135e-05,0.002538785620724631,0.008867117702435005,-0.008364187396558307,-0.011246016641973793,-0.001323015527463299,-0.006100973576675358,-0.0061547470394180855,-0.0023134636964317608,0.015870406331581443,0.6048779325458127
91,0.5901,0.024978310508591634,-0.041364894052281546,-0.035684321871788355,-0.06056202430521679,-0.07348951942287084,0.03026614298242914,0.031242653633530446,0.02689622174252457,-0.005480910981501443,-0.012996774925360588,0.007664016224201707,-0.035176791978084765,0.015586274156575805,0.012770003065822714,-0.013740336729269099,0.004642298005983755,0.003494527146191574,-0.011016850450043855,-0.004676722585158054,0.00779039778987276,-0.0004897261136457187,-0.005488749180691876,-0.001014470760797131,-0.00415197643281558,0.013936034133196606,0.008060606060606055,-0.007151205612690506,-0.0018404776849599248,0.004571211486340171,0.012509424035773032,-0.006467312367349387,0.006763388732626234,0.011102224164279861,0.003632390604658645,0.003959793390495129,0.004730098357839896,0.003561866547768465,-0.015593397045849612,0.6551396464308824
92,0.4996,0.012428259815826542,-0.051212585052424556,-0.02262170312964001,-0.07685402212060786,-0.051783836962541935,0.0577559162129503,0.021491613796044477,0.03217957167375518,-0.011717749992571398,-0.030491286604452647,0.0028005781717505385,-0.03547319586384339,0.04360935736362513,-0.015771007205569978,-0.010048660587104822,0.005117467877654059,0.02180707611265238,-0.011871198869583538,0.0013918725322254854,0.02130648333863793,-0.021692869147752435,0.005493142884272647,-0.009255306714290534,0.005364740986167549,0.0004600325786006424,-0.02263636363636364,-0.0006393707292574372,0.005099699971001852,-0.006502518964100908,-0.022204928574263035,0.0017868297811194363,-0.003241563303148977,-0.008490084150276656,-0.005332311979785847,-0.0014978142936150497,-0.0030730106268514823,-0.0047780125840799015,0.01530068653108828,0.6334886113323283
93,0.8527,-0.00017183509274003853,-0.06023624638823642,-0.008741477096113894,-0.08547154909280971,-0.02265938794624188,0.07403255600103355,0.006318213022265281,0.024930282195403407,-0.012471723553832088,-0.028380474937853464,-0.004132192153049708,-0.005976152752704851,0.03039765349988572,-0.027666384112267222,0.006567879711287097,-0.0016033370400568873,0.004078990908220693,0.00838528582330074,0.004809178508489519,-0.011167473560586637,0.006664160442537572,0.0032386845980240902,0.0059470645148531,6.693371591620085e-06,-0.014344604350931578,0.014575757575757584,0.007859526163059308,-0.0048387088468621175,0.0045514960339616455,0.022399081612910984,0.0035237726759304385,-0.0012009736385202223,0.00399035134537855,0.006137561600037673,-0.001085508809489125,0.0012649138438527699,0.0059508881985363546,-0.014992569521973809,0.8070148103649976
94,0.5692,-0.012771238082036295,-0.0682906839709209,0.005454688695362212,-0.08555407824270375,0.009711338660418189,0.07593600280809701,-0.010449280768643038,0.007971657853873765,-0.007390039056486892,-0.008021552095137148,-0.008011707737772997,0.028540178470124616,-0.011556523202146582,-0.010361058713978653,0.014736632135167155,-0.006069594749076892,-0.020390457436787374,0.01373001884220378,-0.0009342126782808874,-0.019536439742886293,0.019796051316538513,-0.006819751287143377,0.0060858327912233666,-0.0053699128891452974,0.012279887147975828,0.008060606060606055,-0.008067727739140917,0.0012376608826054883,0.00011699862546288355,-0.013008806268186861,-0.007591727844011912,0.0053023942263145975,0.0013965526935560157,-0.005913032199823786,0.0035808904446179555,0.0006053413445760675,-0.007069871647949032,0.0146693562662164,0.658930000909863
95,0.4374,-0.025319215803105064,-0.07524629888468726,0.019453707825335165,-0.077093368393874,0.04069077874422487,0.0630967082926428,-0.02458040800327729,-0.012091604249526593,0.0011495268465240923,0.017495077754160697,-0.005971415210859231,0.039086008196686714,-0.04258344019829242,0.017879927443000085,0.003950722212131233,-0.002001035661915985,-0.011160522459607166,-0.00534166467714708,-0.004898081766528386,0.014263997574104605,-0.012298704125663237,-0.00044522352171782857,-0.009190494661567425,0.004142585968644363,0.003438428572965964,-0.02263636363636364,0.0010782263659793437,0.0032177178189453184,-0.004715639229278386,-0.0019478567608756739,0.008982484199472375,-0.007897758954701444,-0.006472962425272752,0.004696396014615778,-0.0057861696322993195,-0.002445849801318287,0.008124829244921172,-0.014331372212167,0.5886823695678712
96,0.6372,-0.03776524197839421,-0.08099117268181917,0.03274961926835915,-0.06093428711806093,0.06584068965076259,0.03800738198381643,-0.03250986767492699,-0.0274456763898336,0.009151216362478619,0.03176270191938084,0.00048112416282024935,0.01680403977396462,-0.033345625139870605,0.027249403814705128,-0.011916715489473961,0.004881298229514176,0.016514448662944114,-0.014914139836783375,0.0004680924496553668,0.01727559735818004,-0.016295475139309023,0.007002120779197935,-0.0011877804668918072,0.0021689770956443027,-0.015333669806143634,0.014575757575757584,0.006873225304130113,-0.005451974987692195,0.0064988063721802755,0.016071043938190838,-0.007205595912325876,0.008249898143409103,0.010110244229231525,-0.002691784017055775,0.0075226877680476005,0.004166168156331157,-0.009106207130090376,0.01397895768111835,0.601049917247675
97,0.4626,-0.05005920085324318,-0.08543286819239383,0.044861874142723905,-0.03869044414813367,0.08155799117463751,0.005539039395326515,-0.032237047229434886,-0.03211076953958421,0.012870950037988334,0.025607506623406676,0.006578163458989462,-0.019591409437491897,0.007422114584026818,0.007858283009971172,-0.012456545341778622,0.004899749466709172,0.0168959302905958,0.002035551851985025,0.004942627237602849,-0.017002178264726643,0.016936879943737437,-0.0024229385306373022,0.009823519443245804,-0.005818533425928792,0.010179913046293317,0.008060606060606055,-0.008692661164839176,0.003922850864837576,-0.00440185971102218,-0.023317530885848765,0.002887677016986331,-0.0062587925811446385,-0.011499724505726951,0.00023553619259475357,-0.008649762479975474,-0.005681759232399452,0.010005117793358421,-0.013612467524630315,0.5625105280587628
98,0.5613,-0.06215158899433913,-0.08849991687294889,0.05535270399909763,-0.012583059917361035,0.08559095772472004,-0.028004690650505665,-0.02383077960509484,-0.024270018923489293,0.010568223146047304,0.0029871665816052204,0.007814632864347259,-0.039532304598875724,0.04117188080431513,-0.019826924288731135,0.003025576687243548,-0.0019716273281745727,-0.010646553653045215,0.015365373642941752,2.2668966801425214e-06,-0.014580753570278021,0.011474736479214938,-0.006009652844424744,-0.004047640912908031,0.0023269469599359583,0.006292550799966033,-0.02263636363636364,0.002756853551058236,0.0003141329946813317,-0.00032321827920374764,0.020586590690973076,0.0024485720450762773,0.002489982299591355,0.010332481351680143,0.0022602306209209694,0.009076084877893957,0.006918146238056025,-0.010813420560558996,0.013232270767224441,0.5916367679223006
