,raw_series,harmonic_1,harmonic_2,harmonic_3,harmonic_4,harmonic_5,harmonic_6,harmonic_7,harmonic_8,harmonic_9,harmonic_10,harmonic_11,harmonic_12,harmonic_13,harmonic_14,harmonic_15,harmonic_16,harmonic_17,harmonic_100,harmonic_101,harmonic_102,harmonic_103,harmonic_104,harmonic_105,harmonic_106,harmonic_107,harmonic_108,harmonic_109,harmonic_110,harmonic_111,harmonic_112,harmonic_113,harmonic_114,all_16_harmonics
0,0.309,-0.042023254274283495,0.06278866728944481,-0.025183370899626193,0.02853753712890226,0.03261218265170765,0.03603723950526453,-0.03422265915279819,0.001993714128098744,-0.007935737361516187,-0.0075491520028930755,0.00926756110624393,-0.004452546952900405,0.02157910902143802,-0.002503416415114768,0.004820733780374328,0.0022395851129112065,-0.009613904422449294,-0.0025034164151147642,0.02157910902143802,-0.004452546952900405,0.009267561106243931,-0.007549152002893089,-0.007935737361516187,0.001993714128098743,-0.03422265915279819,0.03603723950526453,0.03261218265170765,0.028537537128902248,-0.025183370899626197,0.06278866728944482,-0.0420232542742835,0.0,0.13533816201477147
1,0.269,-0.04216607712904365,0.06289666947302391,-0.03271493598933878,0.025091451499355672,0.038770639054286925,0.037421191130734034,-0.027067230319481248,0.017580175694894316,-0.011018216977437689,-0.005968988012330324,0.0026545176978525625,0.0021525372523752135,0.02246091063733583,-0.00109940473957192,0.015471510612705788,0.00019930347957221,-0.0009303675084975307,-0.0010994047395719157,0.022460910637335827,0.0021525372523752135,0.0026545176978525625,-0.005968988012330336,-0.011018216977437687,0.017580175694894316,-0.02706723031948125,0.037421191130734034,0.038770639054286925,0.02509145149935566,-0.03271493598933878,0.06289666947302393,-0.042166077129043654,0.0,0.19272692512909015
2,0.169,-0.042180842993419856,0.06224119129128691,-0.03935412290673546,0.02043075808698376,0.04200330797525317,0.034749976047581725,-0.015932597461073766,0.029803801423899625,-0.011444727871992107,-0.0026210414747619448,-0.004904713597807877,0.007849855640568584,0.012296733325008278,0.0009273482306754333,0.016136404266021087,-0.0019861812027813387,0.008511911549516644,0.0009273482306754352,0.012296733325008273,0.007849855640568585,-0.0049047135978078785,-0.002621041474761952,-0.011444727871992105,0.02980380142389962,-0.015932597461073766,0.03474997604758171,0.04200330797525317,0.02043075808698375,-0.03935412290673547,0.06224119129128692,-0.04218084299341987,0.0,0.21039198604368928
3,0.159,-0.04206750702396731,0.0608301893614258,-0.04491983193977826,0.014781068171874296,0.042066239289153984,0.02831306185823969,-0.002455683726531667,0.03632638677253025,-0.009112458528799027,0.001503155804890458,-0.010715687347276782,0.01023674090539768,-0.003914814879230684,0.0024288187303036276,0.006386267870652363,-0.0027246285972848797,0.011012475682877436,0.0024288187303036267,-0.003914814879230687,0.01023674090539768,-0.010715687347276782,0.0015031558048904585,-0.009112458528799024,0.03632638677253025,-0.002455683726531671,0.02831306185823969,0.042066239289153984,0.014781068171874285,-0.04491983193977827,0.06083018936142581,-0.04206750702396732,0.0,0.18127346985270898
4,0.093,-0.041826413418300276,0.058680791335475234,-0.04926024505476641,0.008415867619985154,0.038954683947356086,0.018807988094137702,0.011382244653898714,0.03590025457611536,-0.0045836082980807834,0.0051821766841503,-0.012707114675955955,0.008306598224720263,-0.01820110887796988,0.002554521356399848,-0.007485801185504273,-0.0014780410059106843,0.004532041087515088,0.0025545213563998442,-0.018201108877969874,0.008306598224720263,-0.012707114675955955,0.005182176684150308,-0.004583608298080779,0.03590025457611536,0.01138224465389871,0.018807988094137706,0.03895468394735609,0.008415867619985147,-0.0492602450547664,0.05868079133547524,-0.04182641341830028,0.0,0.1187814712304309
5,0.042,-0.04145829436977521,0.05581908799381852,-0.052256967096535524,0.0016432781886314646,0.03290345236024842,0.007264776984031703,0.023546848013380774,0.028606917821021552,0.0010501321608504326,0.007326437989623715,-0.010169162525170689,0.0028734054034161753,-0.023536338141061385,0.0012332537452619011,-0.0165262582542447,0.0008453770607137366,-0.005644406685772299,0.0012332537452618968,-0.023536338141061378,0.0028734054034161766,-0.010169162525170687,0.007326437989623728,0.0010501321608504342,0.028606917821021552,0.02354684801338077,0.007264776984031706,0.03290345236024842,0.001643278188631463,-0.052256967096535524,0.055819087993818524,-0.04145829436977522,0.0,0.048368369176180454
6,-0.001,-0.04096426784384366,0.052279816538457285,-0.05382825529965752,-0.00520885779575086,0.024369194664577765,-0.0050656854369234535,0.03224978531811314,0.015841487377740597,0.006430735639612196,0.0073008927578714945,-0.004006469649254453,-0.0037715570172118826,-0.017296707446267035,-0.0007865719185933874,-0.01490005914155118,0.002552893553286009,-0.011217674326899608,-0.0007865719185933897,-0.01729670744626703,-0.0037715570172118826,-0.004006469649254454,0.0073008927578715075,0.006430735639612196,0.015841487377740597,0.03224978531811314,-0.0050656854369234535,0.024369194664577768,-0.005208857795750859,-0.053828255299657526,0.05227981653845729,-0.04096426784384367,0.0,-0.008477760137424302
7,-0.027,-0.04034583418282789,0.04810593893043546,-0.053931249017993836,-0.011808847378060273,0.013995940077811794,-0.016847202238579738,0.03621162151898492,4.5807271298450614e-05,0.010261194231123564,0.005113106494932097,0.0035843067749095282,-0.00882598225497643,-0.002550784684153076,-0.002360855738456098,-0.003656812691167848,0.0024004930562383535,-0.007642597692837399,-0.0023608557384560977,-0.002550784684153073,-0.00882598225497643,0.0035843067749095282,0.0051131064949321075,0.010261194231123563,4.5807271298450614e-05,0.03621162151898492,-0.016847202238579738,0.013995940077811799,-0.011808847378060271,-0.05393124901799384,0.04810593893043546,-0.040345834182827896,0.0,-0.04760459771886995
8,-0.087,-0.03960487154943058,0.043348120389829964,-0.05256313885139288,-0.017837203313270527,0.0025664958776703273,-0.026803063266409046,0.03484991968502161,-0.01575863511011906,0.011618166324997055,0.0014110165671084316,0.009897477230418847,-0.010158323248019381,0.013449580265392018,-0.002597868300284057,0.00994667544832095,0.0004992073332416862,0.002165242775630907,-0.002597868300284053,0.013449580265392022,-0.010158323248019381,0.009897477230418849,0.0014110165671084366,0.011618166324997053,-0.015758635110119056,0.0348499196850216,-0.02680306326640904,0.002566495877670329,-0.017837203313270527,-0.05256313885139289,0.043348120389829964,-0.03960487154943059,0.0,-0.08375352903978103
9,-0.155,-0.038743630222816405,0.03806411438861198,-0.04976124327880247,-0.023002109560498713,-0.00905662636579627,-0.03385439649694546,0.028364866143184793,-0.028548676280611307,0.010174550408848577,-0.002708961695507896,0.012682747654400894,-0.007206706510134053,0.022835619437867126,-0.0013633573998604195,0.01713021265134782,-0.0017657771421937384,0.010207263897450986,-0.0013633573998604151,0.022835619437867126,-0.007206706510134053,0.012682747654400894,-0.002708961695507899,0.010174550408848572,-0.02854867628061131,0.02836486614318479,-0.03385439649694546,-0.009056626365796268,-0.023002109560498696,-0.04976124327880248,0.03806411438861198,-0.03874363022281641,0.0,-0.1386759201495142
10,-0.222,-0.03776472576458819,0.032318061601732055,-0.045601990707446256,-0.027053547290598657,-0.019996299362795955,-0.03723708056195213,0.017709840712983795,-0.03587776453549678,0.0062783337048220944,-0.006026650659513947,0.01094732408655449,-0.0012158848449356024,0.020991402847498723,0.0006434068134465434,0.013257279245255058,-0.0027443002599194647,0.009924960251019117,0.0006434068134465457,0.020991402847498716,-0.0012158848449356032,0.01094732408655449,-0.006026650659513957,0.006278333704822091,-0.03587776453549678,0.017709840712983795,-0.03723708056195213,-0.01999629936279595,-0.027053547290598636,-0.045601990707446256,0.03231806160173205,-0.0377647257645882,0.0,-0.22333320868422493
11,-0.283,-0.03667113107541229,0.026179711326213523,-0.04019883470510856,-0.029795397606314153,-0.029426971637049326,-0.03658454915523432,0.0044512585606124935,-0.03634395025438491,0.0008687089805634666,-0.007559479638748578,0.005309788486422012,0.005287698538334379,0.008823891833709572,0.002285722905324256,0.0008276091940675106,-0.0017234565527054452,0.0015485587864533955,0.0022857229053242557,0.008823891833709567,0.0052876985383343775,0.005309788486422011,-0.007559479638748591,0.0008687089805634641,-0.03634395025438491,0.004451258560612503,-0.03658454915523431,-0.02942697163704932,-0.029795397606314142,-0.04019883470510856,0.026179711326213533,-0.0366711310754123,0.0,-0.32609435545432935
12,-0.404,-0.03546616736641694,0.019723574819171547,-0.03369915928255669,-0.031094935115776358,-0.036636966941885014,-0.03196751417977787,-0.009461711416890646,-0.029858058785682286,-0.004750320213136262,-0.00685348419042217,-0.0022203913231944087,0.009561359081087116,-0.007683092535985189,0.0026333256035234853,-0.012136230333955146,0.000553015740793594,-0.008090738042695512,0.002633325603523482,-0.007683092535985191,0.009561359081087116,-0.002220391323194408,-0.006853484190422184,-0.004750320213136263,-0.029858058785682286,-0.009461711416890645,-0.03196751417977787,-0.03663696694188502,-0.031094935115776344,-0.0336991592825567,0.01972357481917155,-0.035466167366416945,0.0,-0.41522103633174035
13,-0.524,-0.034153494072783265,0.013028020832087343,-0.02628025864192857,-0.030889252801704625,-0.04108219019607829,-0.023886303015852546,-0.021983697547507973,-0.017660748280337077,-0.00922427285512138,-0.0041177527612259734,-0.008959125147461595,0.009802813013207467,-0.02041163356353751,0.0014893205828445284,-0.01726689950245378,0.002426587031818276,-0.011131799364377281,0.001489320582844524,-0.020411633563537507,0.009802813013207467,-0.008959125147461595,-0.004117752761225983,-0.009224272855121379,-0.017660748280337077,-0.021983697547507973,-0.023886303015852546,-0.04108219019607829,-0.030889252801704608,-0.026280258641928577,0.013028020832087345,-0.03415349407278327,0.0,-0.45462926074581184
14,-0.43,-0.0327370977401609,0.006174324320326311,-0.018144501053069965,-0.029188307176159143,-0.04242718707472408,-0.013216640285980552,-0.03127381928953081,-0.0020851895555182402,-0.01147469148695532,-0.00016250280574986987,-0.012504429256826674,0.005910234628433151,-0.023102003037229965,-0.0004982877029538775,-0.011252875330296098,0.0025322622656568368,-0.005094549975660175,-0.00049828770295388,-0.023102003037229965,0.005910234628433151,-0.012504429256826677,-0.0001625028057498728,-0.011474691486955318,-0.0020851895555182385,-0.031273819289530796,-0.013216640285980543,-0.04242718707472408,-0.029188307176159136,-0.01814450105306997,0.006174324320326309,-0.0327370977401609,0.0,-0.42327535807249916
15,-0.327,-0.031221279917659807,-0.0007543201247221081,-0.009513808774667743,-0.026074436313324418,-0.040570458734204125,-0.0011147495038186744,-0.03596631851428826,0.01388923606844764,-0.010959107076818145,0.003840874172807977,-0.011592599963165728,-0.0004748018825395784,-0.014431112815384594,-0.0022036484068529588,0.0020241693244308374,0.0007930514861297837,0.005097455180278339,-0.0022036484068529588,-0.014431112815384589,-0.0004748018825395784,-0.011592599963165728,0.0038408741728079817,-0.01095910707681814,0.013889236068447641,-0.035966318514288255,-0.0011147495038186744,-0.04057045873420413,-0.026074436313324397,-0.009513808774667743,-0.0007543201247221101,-0.03122127991765981,0.0,-0.32637838758154203
16,-0.158,-0.02961064409418713,-0.007673808145285525,-0.0006236045935411079,-0.021698374091023667,-0.03565212132085907,0.011107941684202692,-0.035371342156561104,0.02720684974575762,-0.007801802534490346,0.006706733315191807,-0.006548653684194505,-0.006659605427332452,0.0013368079161947771,-0.0026607855834535577,0.013994740492870361,-0.0015239389390850134,0.01113233528894128,-0.002660785583453554,0.0013368079161947752,-0.006659605427332452,-0.006548653684194504,0.006706733315191818,-0.007801802534490343,0.02720684974575762,-0.035371342156561104,0.01110794168420269,-0.03565212132085908,-0.021698374091023653,-0.000623604593541104,-0.007673808145285527,-0.02961064409418713,0.0,-0.19228168109643645
17,-0.016,-0.027910081717802546,-0.014500146530181163,0.00828360989528149,-0.016271953580511127,-0.028043332246207576,0.02212691503326686,-0.0295763588006691,0.03532018270675031,-0.002763854005542895,0.007586318389421062,0.0008295233286375038,-0.010035926956068659,0.016447304186593712,-0.0016107607481674906,0.016932590346580435,-0.0027306598349262777,0.008088467624916489,-0.0016107607481674864,0.01644730418659371,-0.010035926956068657,0.0008295233286375028,0.007586318389421075,-0.0027638540055428917,0.03532018270675031,-0.029576358800669108,0.022126915033266855,-0.02804333224620758,-0.016271953580511117,0.008283609895281492,-0.014500146530181165,-0.027910081717802553,0.0,-0.057946723953828584
18,0.027,-0.0261247573405514,-0.02115047277861944,0.016964869099920184,-0.010057852793264942,-0.018318281164273083,0.03074809380401484,-0.019433299760711314,0.03667727055023514,0.002940328434406568,0.006219130439958033,0.007912021421566707,-0.009179907593421585,0.023469233684048293,0.0003516553090843796,0.008941522310383337,-0.0019479516716064777,-0.0015517839539114283,0.0003516553090843824,0.023469233684048293,-0.009179907593421585,0.007912021421566707,0.006219130439958047,0.0029403284344065683,0.03667727055023514,-0.019433299760711314,0.03074809380401484,-0.01831828116427309,-0.010057852793264935,0.016964869099920187,-0.02115047277861944,-0.026124757340551405,0.0,0.047477849309650225
19,0.077,-0.024260092933889792,-0.02754406093871498,0.025183370899626193,-0.0033568791648232346,-0.007210859323887767,0.03603723950526452,-0.00643331506874262,0.031018521807144754,0.007935737361516189,0.0030100774663739237,0.012174324027023347,-0.004452546952900405,0.018949304308485085,0.0021148815005965506,-0.004820733780374329,0.00025394155891519173,-0.009926509948968883,0.0021148815005965515,0.01894930430848508,-0.004452546952900405,0.012174324027023347,0.0030100774663739316,0.007935737361516187,0.031018521807144754,-0.006433315068742624,0.03603723950526452,-0.007210859323887772,-0.0033568791648232324,0.025183370899626193,-0.027544060938714983,-0.024260092933889792,0.0,0.1118381028157155
20,0.146,-0.022321751422335532,-0.03360330151118826,0.03271493598933878,0.003506591701361104,0.004440722800055497,0.03742119113073405,0.00751244327328408,0.019426374070855495,0.011018216977437689,-0.0010904436085363498,0.012097157379976204,0.002152537252375214,0.005110357575356546,0.0026801648450177433,-0.015471510612705788,0.002270825030926174,-0.010205874301506617,0.00268016484501774,0.005110357575356541,0.0021525372523752153,0.012097157379976206,-0.0010904436085363485,0.011018216977437687,0.01942637407085549,0.0075124432732840704,0.03742119113073403,0.004440722800055494,0.0035065917013611097,0.032714935989338785,-0.03360330151118827,-0.022321751422335532,0.0,0.13872383302417826
21,0.133,-0.02031561948535243,-0.039254643523554275,0.03935412290673546,0.01020031815990234,0.01575719022136196,0.03474997604758172,0.0203537833147135,0.004118239187591086,0.011444727871992107,-0.004868017615085561,0.007708027097282245,0.007849855640568585,-0.011241795456685475,0.00172730908603855,-0.01613640426602109,0.0026332932414636157,-0.0021620471422707154,0.0017273090860385457,-0.011241795456685478,0.007849855640568585,0.007708027097282245,-0.004868017615085568,0.011444727871992104,0.0041182391875910825,0.02035378331471349,0.03474997604758172,0.01575719022136196,0.010200318159902336,0.03935412290673547,-0.03925464352355429,-0.02031561948535243,0.0,0.13950178873935137
22,0.125,-0.01824778967969831,-0.04442948733929367,0.04491983193977827,0.016400275422802178,0.025884557049549405,0.028313061858239688,0.030202875699631287,-0.011977655873328759,0.009112458528799026,-0.007203873769180157,0.0005714139554269794,0.01023674090539768,-0.02206538209464935,-0.00020395494959891822,-0.006386267870652364,0.0010772690682722785,0.007644993230354027,-0.00020395494959892101,-0.02206538209464934,0.010236740905397678,0.0005714139554269784,-0.0072038737691801705,0.009112458528799024,-0.011977655873328759,0.030202875699631284,0.02831306185823969,0.025884557049549405,0.01640027542280217,0.04491983193977826,-0.04442948733929368,-0.018247789679698315,0.0,0.12536213773572458
23,0.104,-0.016124541936530346,-0.04906501736451255,0.0492602450547664,0.02180634070342567,0.03405857168055927,0.0188079880941377,0.03561178698235548,-0.025782396902423597,0.0045836082980807834,-0.007406222150486223,-0.006768876473522251,0.008306598224720263,-0.02203750551297022,-0.002019691768731865,0.007485801185504273,-0.0012636021816381903,0.011217316137072273,-0.002019691768731865,-0.022037505512970214,0.008306598224720263,-0.006768876473522249,-0.007406222150486235,0.004583608298080779,-0.025782396902423604,0.03561178698235548,0.0188079880941377,0.034058571680559264,0.021806340703425655,0.0492602450547664,-0.04906501736451256,-0.01612454193653035,0.0,0.10390128899867533
24,0.093,-0.013952324489460528,-0.05310496454416015,0.052256967096535524,0.026156821330686177,0.03966239027933266,0.007264776984031706,0.03578534302450804,-0.034655334643978894,-0.0010501321608504342,-0.005415135023154934,-0.011696438995308329,0.002873405403416175,-0.01117187504600192,-0.0026914045340356027,0.0165262582542447,-0.0026838728985869253,0.005641586882969885,-0.0026914045340355997,-0.011171875046001917,0.002873405403416175,-0.01169643899530833,-0.0054151350231549465,-0.0010501321608504342,-0.034655334643978894,0.03578534302450804,0.007264776984031706,0.03966239027933267,0.02615682133068616,0.052256967096535545,-0.053104964544160166,-0.013952324489460528,0.0,0.0800081616017466
25,0.074,-0.01173773429148214,-0.05650028939213304,0.05382825529965752,0.029241122567605762,0.04227312628259771,-0.005065685436923455,0.030698029028551097,-0.03689920318088268,-0.0064307356396121965,-0.0018202951049255214,-0.012454871693437435,-0.0037715570172118813,0.00518793588138699,-0.001838611642986143,0.014900059141551182,-0.0021488012959794724,-0.00453502287093806,-0.0018386116429861387,0.0051879358813869915,-0.0037715570172118813,-0.012454871693437435,-0.0018202951049255268,-0.0064307356396121965,-0.03689920318088268,0.0306980290285511,-0.005065685436923455,0.04227312628259772,0.02924112256760575,0.053828255299657526,-0.05650028939213304,-0.01173773429148214,0.0,0.05763520629504283
26,0.031,-0.009487496980240324,-0.05920977726420573,0.05393124901799384,0.03090994192018417,0.04169376311021878,-0.01684720223857974,0.02109774051577267,-0.03208478259735327,-0.010261194231123564,0.002313645563756033,-0.008773835502979199,-0.008825982254976428,0.01899638852450723,5.5635185634837084e-05,0.0036568126911678493,-4.821512949008857e-05,-0.011013187714592814,5.563518563484025e-05,0.018996388524507232,-0.00882598225497643,-0.008773835502979199,0.0023136455637560345,-0.010261194231123564,-0.03208478259735327,0.02109774051577267,-0.016847202238579738,0.04169376311021878,0.030909941920184165,0.05393124901799384,-0.05920977726420574,-0.009487496980240321,0.0,0.03961159538430355
27,0.027,-0.007208446452491591,-0.06120053864798083,0.05256313885139288,0.031082496458273948,0.03796802182427792,-0.02680306326640904,0.00839583381045037,-0.021133002601800226,-0.011618166324997058,0.005762374226798438,-0.0019654150481304357,-0.010158323248019381,0.023462668415054785,0.0019183682993460071,-0.00994667544832095,0.0020874982902997358,-0.0085097731466594,0.0019183682993460076,0.02346266841505478,-0.010158323248019381,-0.0019654150481304357,0.005762374226798446,-0.011618166324997053,-0.021133002601800222,0.008395833810450375,-0.02680306326640904,0.03796802182427792,0.031082496458273927,0.05256313885139288,-0.061200538647980834,-0.007208446452491588,0.0,0.025762942286850964
28,-0.006,-0.004907504109784004,-0.06244840839701613,0.049761243278802485,0.029750433293843404,0.031377061762873,-0.03385439649694546,-0.005540360086365249,-0.006138781862603859,-0.01017455040884858,0.007504511325842639,0.005543566534452296,-0.007206706510134051,0.01639031814508562,0.0026944705159409996,-0.01713021265134782,0.0027023596044725845,0.0009336124153258306,0.0026944705159409965,0.016390318145085615,-0.007206706510134051,0.005543566534452297,0.007504511325842651,-0.010174550408848574,-0.006138781862603859,-0.005540360086365246,-0.03385439649694546,0.03137706176287301,0.029750433293843387,0.04976124327880248,-0.06244840839701614,-0.004907504109784007,0.0,0.012007553338736808
29,-0.019,-0.002591657838388135,-0.0629382390629675,0.04560199070744625,0.0269782339211885,0.02241826313200138,-0.03723708056195213,-0.018662055310952552,0.010029699930987793,-0.006278333704822096,0.007024103477866347,0.011076575038606424,-0.0012158848449356028,0.0012574260840557433,0.0019443303968029598,-0.01325727924525506,0.0013484100632333007,0.009615609516022713,0.001944330396802956,0.0012574260840557418,-0.001215884844935604,0.011076575038606424,0.007024103477866359,-0.006278333704822093,0.010029699930987797,-0.01866205531095255,-0.03723708056195212,0.022418263132001383,0.026978233921188484,0.04560199070744625,-0.0629382390629675,-0.0025916578383881374,0.0,-0.007478516936124276
30,-0.028,-0.0002679407873161471,-0.06266408476509248,0.04019883470510856,0.022900092846101623,0.011767692706002109,-0.03658454915523431,-0.029040206968898804,0.02427964376707748,-0.0008687089805634663,0.00446342883912363,0.012661400736356646,0.0052876985383343775,-0.014493851502500987,9.285354055947555e-05,-0.0008276091940675097,-0.0009879270054271574,0.010455793447173163,9.285354055947225e-05,-0.014493851502500987,0.0052876985383343775,0.012661400736356646,0.00446342883912364,-0.0008687089805634663,0.02427964376707748,-0.0290402069688988,-0.03658454915523431,0.011767692706002112,0.022900092846101616,0.04019883470510857,-0.0626640847650925,-0.00026794078731614613,0.0,-0.0358951357142061
31,-0.069,0.0020565899911206085,-0.06162927336518805,0.033699159282556686,0.01771342160092827,0.000229085124915432,-0.03196751417977787,-0.03514910362379681,0.03388523946889786,0.004750320213136263,0.0005808598381699407,0.009733141431022526,0.009561359081087116,-0.023117244522377334,-0.0018112188084853408,0.012136230333955146,-0.0026045073809293036,0.0027689694319761675,-0.001811218808485342,-0.02311724452237733,0.009561359081087116,0.009733141431022526,0.0005808598381699441,0.004750320213136261,0.03388523946889786,-0.03514910362379681,-0.03196751417977787,0.0002290851249154359,0.01771342160092826,0.03369915928255669,-0.06162927336518806,0.00205658999112061,0.0,-0.07062966455057938
32,-0.091,0.004374874973347518,-0.059846366071856366,0.026280258641928567,0.011669292598179337,-0.01132681013589618,-0.023886303015852553,-0.03609066498183326,0.03700907414422243,0.00922427285512138,-0.0034737372992203054,0.0033355586645713686,0.009802813013207465,-0.020371882285805998,-0.002689353479447656,0.01726689950245378,-0.0023235673834626504,-0.007176030824837137,-0.0026893534794476537,-0.020371882285805998,0.009802813013207465,0.003335558664571369,-0.0034737372992203093,0.00922427285512138,0.03700907414422243,-0.03609066498183325,-0.02388630301585254,-0.011326810135896178,0.011669292598179328,0.026280258641928574,-0.05984636607185637,0.004374874973347522,0.0,-0.1042106434645145
33,-0.117,0.006679873604067779,-0.05733700496444824,0.018144501053069962,0.00506028540932075,-0.02202793900361816,-0.013216640285980552,-0.031726470351214224,0.033053602957332395,0.011474691486955322,-0.00649954829099276,-0.004250965207168334,0.005910234628433153,-0.007607897648269013,-0.002044144283108279,0.011252875330296097,-0.00034978655153730464,-0.011268766289334384,-0.0020441442831082746,-0.0076078976482690085,0.005910234628433153,-0.004250965207168334,-0.0064995482909927715,0.011474691486955318,0.03305360295733239,-0.031726470351214224,-0.013216640285980552,-0.022027939003618158,0.005060285409320744,0.01814450105306996,-0.057337004964448254,0.006679873604067784,0.0,-0.12914051930181603
34,-0.145,0.008964585678197436,-0.05413165028753699,0.009513808774667747,-0.0017936762032241796,-0.0310667514959954,-0.0011147495038186744,-0.022698108126299313,0.022775450898413915,0.010959107076818145,-0.007600445376337116,-0.010322256465662018,-0.00047480188253957875,0.00889755047967447,-0.00024106027360289246,-0.0020241693244308382,0.0018788321482291815,-0.006171490476335978,-0.00024106027360288904,0.00889755047967447,-0.0004748018825395778,-0.010322256465662018,-0.007600445376337129,0.01095910707681814,0.022775450898413915,-0.02269810812629932,-0.0011147495038186764,-0.0310667514959954,-0.0017936762032241804,0.009513808774667745,-0.054131650287537,0.008964585678197438,0.0,-0.14298282106702656
35,-0.161,0.01122207260025815,-0.05026921070481178,0.000623604593541104,-0.008560810910742884,-0.03776114267269366,0.01110794168420269,-0.010332854680818572,0.008140681258861008,0.00780180253449035,-0.0064503855728414656,-0.012714237525924458,-0.006659605427332452,0.021027300903361235,0.0016985687056319677,-0.01399474049287036,0.002738622982596588,0.003958817846189672,0.001698568705631969,0.02102730090336123,-0.00665960542733245,-0.012714237525924455,-0.006450385572841478,0.007801802534490344,0.008140681258861,-0.010332854680818578,0.011107941684202687,-0.037761142672693655,-0.008560810910742879,0.000623604593541102,-0.05026921070481179,0.01122207260025815,0.0,-0.14954985009372163
36,-0.165,0.013445478456663619,-0.0457965710006076,-0.008283609895281494,-0.014913540434896599,-0.04160592700209505,0.02212691503326686,0.003551451007957113,-0.00805128411959888,0.002763854005542894,-0.003389971951651634,-0.010574300206956032,-0.010035926956068657,0.02281610271431035,0.0026760689648272222,-0.016932590346580435,0.001603183186631348,0.010860593451121522,0.0026760689648272196,0.02281610271431035,-0.010035926956068657,-0.010574300206956032,-0.0033899719516516428,0.0027638540055428926,-0.008051284119598878,0.0035514510079571113,0.02212691503326686,-0.041605927002095054,-0.014913540434896592,-0.008283609895281494,-0.045796571000607605,0.013445478456663622,0.0,-0.15501133647800333
37,-0.171,0.015628050836903794,-0.040768022962135164,-0.016964869099920184,-0.020544346706337303,-0.04231096168194365,0.03074809380401484,0.016913651258571156,-0.022703154151600874,-0.0029403284344065674,0.000674419770782326,-0.004665213117291917,-0.009179907593421585,0.013384246829058801,0.0021377501704099374,-0.008941522310383337,-0.0007002597336516255,0.008905234767043493,0.0021377501704099326,0.013384246829058801,-0.009179907593421585,-0.004665213117291917,0.0006744197707823246,-0.0029403284344065674,-0.022703154151600874,0.016913651258571156,0.03074809380401484,-0.04231096168194365,-0.020544346706337292,-0.016964869099920187,-0.040768022962135164,0.015628050836903797,0.0,-0.16191772943162425
38,-0.173,0.0177631613403937,-0.03524460635072983,-0.025183370899626193,-0.025180657964079024,-0.039823041975595413,0.03603723950526454,0.027789344084055582,-0.03301223593524349,-0.007935737361516189,0.004539074536519152,0.0029067629207794182,-0.004452546952900405,-0.002629804712952934,0.0003885349145182167,0.004820733780374328,-0.0024935266718263986,-0.0003126055265195871,0.0003885349145182134,-0.002629804712952938,-0.004452546952900404,0.0029067629207794187,0.004539074536519158,-0.007935737361516187,-0.03301223593524349,0.02778934408405557,0.03603723950526452,-0.039823041975595413,-0.025180657964079017,-0.025183370899626197,-0.035244606350729825,0.017763161340393706,0.0,-0.1660611681201974
39,-0.143,0.019844325706708122,-0.029293367961835657,-0.03271493598933878,-0.02859804320071678,-0.03432991625423142,0.03742119113073405,0.03457967359276532,-0.03700654976574982,-0.011018216977437689,0.007059431620866674,0.009442639682123641,0.0021525372523752135,-0.017350553061979287,-0.0015807601054458236,0.015471510612705788,-0.0024701285104983834,-0.009275506793009088,-0.0015807601054458247,-0.017350553061979287,0.0021525372523752135,0.009442639682123641,0.007059431620866685,-0.011018216977437684,-0.03700654976574982,0.034579673592765314,0.03742119113073405,-0.03432991625423142,-0.028598043200716763,-0.032714935989338785,-0.029293367961835654,0.019844325706708126,0.0,-0.15905921335312612
40,-0.111,0.021865223508067428,-0.02298654776773263,-0.03935412290673547,-0.030631076246886102,-0.0262461177538912,0.03474997604758172,0.03628638077578726,-0.033922040611490706,-0.011444727871992107,0.0074890590898475055,0.012612740695090123,0.007849855640568585,-0.02353852878169376,-0.0026546573167139835,0.016136404266021084,-0.0006471120386822778,-0.010673958691787364,-0.0026546573167139814,-0.02353852878169375,0.007849855640568584,0.012612740695090123,0.00748905908984752,-0.011444727871992105,-0.033922040611490706,0.03628638077578726,0.034749976047581725,-0.026246117753891206,-0.03063107624688608,-0.03935412290673546,-0.022986547767732627,0.02186522350806744,0.0,-0.13503383346483513
41,-0.092,0.023819717344269003,-0.016400702022132136,-0.04491983193977826,-0.03118134359467647,-0.01618168223960458,0.028313061858239688,0.03265855942616295,-0.024348730899201493,-0.009112458528799027,0.005700717964289703,0.01128710130270376,0.01023674090539768,-0.018150567215418665,-0.0022248637807047093,0.006386267870652362,0.0016473595290126015,-0.003367482452523409,-0.0022248637807047054,-0.018150567215418658,0.010236740905397678,0.011287101302703757,0.005700717964289713,-0.009112458528799022,-0.024348730899201493,0.032658559426162956,0.028313061858239688,-0.016181682239604585,-0.03118134359467645,-0.04491983193977826,-0.01640070202213214,0.023819717344269006,0.0,-0.09634241789136351
42,-0.064,0.02570187148176993,-0.00961577397096268,-0.04926024505476641,-0.030222208323410816,-0.00489611226679681,0.018807988094137702,0.02422954232845677,-0.010117857673691756,-0.0045836082980807834,0.0022240454663359217,0.005938238202433705,0.008306598224720263,-0.0038363966350003407,-0.0005348295876679836,-0.007485801185504273,0.002741643187548875,0.006685275049557186,-0.0005348295876679798,-0.003836396635000339,0.008306598224720263,0.005938238202433706,0.002224045466335928,-0.004583608298080781,-0.010117857673691756,0.02422954232845677,0.018807988094137702,-0.004896112266796814,-0.030222208323410805,-0.04926024505476641,-0.00961577397096268,0.025701871481769938,0.0,-0.05377637897344476
43,-0.035,0.02750596988031468,-0.0027141234496583563,-0.052256967096535524,-0.027800099519317636,0.006758937919084251,0.007264776984031703,0.012238495011127268,0.0060484168229573395,0.0010501321608504326,-0.0019113029664687827,-0.0015272764701376436,0.0028734054034161753,0.012364463095059461,0.0014581507887737014,-0.0165262582542447,0.001838495837873188,0.011285993568742183,0.001458150788773703,0.012364463095059463,0.0028734054034161753,-0.0015272764701376436,-0.0019113029664687832,0.0010501321608504326,0.0060484168229573395,0.012238495011127271,0.007264776984031703,0.006758937919084247,-0.02780009951931762,-0.05225696709653554,-0.002714123449658357,0.027505969880314684,0.0,-0.02069581172063518
44,-0.024,0.029226533552361517,0.004220472853675759,-0.05382825529965752,-0.024032264771854904,0.017903931618019953,-0.005065685436923455,-0.0015517562895620484,0.021057715803142082,0.006430735639612195,-0.0054805976529459744,-0.00844840204418298,-0.003771557017211882,0.02248464332765402,0.00262518356157953,-0.014900059141551182,-0.0004040922573065373,0.006682651455961547,0.0026251835615795282,0.022484643327654024,-0.0037715570172118826,-0.008448402044182981,-0.005480597652945982,0.006430735639612196,0.02105771580314208,-0.0015517562895620406,-0.005065685436923457,0.01790393161801995,-0.02403226477185489,-0.053828255299657526,0.004220472853675762,0.029226533552361527,0.0,-0.00508010425548357
45,-0.009,0.030858337202587568,0.011103838333770289,-0.053931249017993836,-0.0191010945421239,0.027697823032406994,-0.016847202238579734,-0.015113881003212244,0.03203897532605482,0.010261194231123564,-0.007426752058688132,-0.012358142277888725,-0.00882598225497643,0.021547173208660314,0.0023052205528212616,-0.0036568126911678484,-0.002352277926748265,-0.0033705900217554166,0.0023052205528212573,0.021547173208660304,-0.00882598225497643,-0.012358142277888725,-0.007426752058688144,0.010261194231123563,0.03203897532605482,-0.015113881003212237,-0.016847202238579734,0.02769782303240699,-0.01910109454212389,-0.05393124901799384,0.01110383833377029,0.030858337202587578,0.0,-0.004963163651747919
46,0.006,0.03239642509693899,0.017852418258150874,-0.052563138851392896,-0.01324529314500341,0.0354015259466076,-0.02680306326640904,-0.02645408587457123,0.03689163771191928,0.011618166324997056,-0.007173390793906867,-0.011862892278549282,-0.010158323248019378,0.010013088149662765,0.0006795000009380503,0.00994667544832095,-0.0025867056235414224,-0.010675015922290306,0.0006795000009380464,0.010013088149662761,-0.010158323248019378,-0.011862892278549282,-0.007173390793906882,0.011618166324997055,0.03689163771191928,-0.026454085874571227,-0.02680306326640904,0.0354015259466076,-0.013245293145003402,-0.05256313885139288,0.017852418258150874,0.032396425096939,0.0,-0.010129898034785749
47,0.02,0.033836126113032404,0.024384294008404157,-0.04976124327880248,-0.006748323733344697,0.04043368812866928,-0.03385439649694546,-0.033905226229550035,0.034687458143215166,0.010174550408848581,-0.004795549630334743,-0.007139181119948597,-0.0072067065101340515,-0.006445301292781504,-0.0013311131160805806,0.01713021265134782,-0.000936582462278846,-0.00927365148212515,-0.0013311131160805819,-0.0064453012927815035,-0.0072067065101340515,-0.007139181119948595,-0.004795549630334754,0.010174550408848574,0.03468745814321517,-0.033905226229550035,-0.03385439649694545,0.04043368812866928,-0.006748323733344692,-0.04976124327880248,0.024384294008404157,0.033836126113032404,0.0,-0.008421870504561287
48,0.012,0.035173067926200056,0.030620177461235458,-0.04560199070744625,7.531336941016216e-05,0.04241456249479733,-0.03723708056195213,-0.03637189602393635,0.025848064604508985,0.0062783337048220944,-0.0009974528183523967,0.00012925095205193227,-0.0012158848449356024,-0.019733976763442972,-0.0025877372102495037,0.01325727924525506,0.0013958901966861649,-0.00030935073499640647,-0.002587737210249502,-0.019733976763442972,-0.0012158848449356024,0.00012925095205193227,-0.0009974528183524013,0.006278333704822094,0.025848064604508985,-0.03637189602393634,-0.03723708056195213,0.04241456249479733,7.531336941016216e-05,-0.045601990707446256,0.030620177461235458,0.03517306792620006,0.0,0.00792932187236646
49,0.018,0.03640319028809613,0.03648437343887897,-0.04019883470510855,0.0068953047602125315,0.04119466434305145,-0.036584549155234306,-0.03349146552951129,0.012064306487307427,0.0008687089805634663,0.0030960507996249495,0.007351612249934638,0.0052876985383343775,-0.02331774333621056,-0.002378576445883732,0.0008276091940675097,0.0027113835581326017,0.008907234660719765,-0.0023785764458837282,-0.023317743336210558,0.0052876985383343775,0.007351612249934638,0.0030960507996249526,0.0008687089805634659,0.012064306487307427,-0.033491465529511294,-0.036584549155234306,0.04119466434305145,0.00689530476021253,-0.04019883470510856,0.03648437343887898,0.03640319028809614,0.0,0.03979570884103089
50,0.069,0.037522757357537545,0.04190569854601651,-0.033699159282556686,0.01338151351484809,0.03686605206680045,-0.031967514179777876,-0.025687392206906155,-0.004027180683215569,-0.004750320213136261,0.006272624352252229,0.011953532754216935,0.009561359081087116,-0.01543415198639214,-0.0008221067950381444,-0.012136230333955146,0.0020514916401357095,0.01085970747467168,-0.0008221067950381405,-0.015434151986392138,0.009561359081087116,0.011953532754216938,0.00627262435225224,-0.004750320213136261,-0.0040271806832155674,-0.025687392206906155,-0.031967514179777855,0.03686605206680045,0.013381513514848092,-0.03369915928255669,0.041905698546016515,0.03752275735753756,0.0,0.08292639343232439
51,0.135,0.038528369046130787,0.04681834523976902,-0.02628025864192857,0.01921996020352529,0.029755380060182107,-0.02388630301585255,-0.014106967434325284,-0.01934832586388535,-0.00922427285512138,0.007591490060446279,0.012294683812032966,0.009802813013207465,3.975127773150607e-05,0.0012000328966031279,-0.01726689950245378,-0.00010301964835562513,0.003955768539540145,0.0012000328966031298,3.975127773151045e-05,0.009802813013207465,0.012294683812032966,0.007591490060446291,-0.009224272855121379,-0.019348325863885355,-0.014106967434325284,-0.02388630301585255,0.029755380060182107,0.019219960203525278,-0.02628025864192857,0.046818345239769035,0.03852836904613079,0.0,0.1313952449857616
52,0.185,0.039416971344228675,0.051162680644121945,-0.018144501053069972,0.0241280217668384,0.02039924807110591,-0.01321664028598055,-0.00045265106168341937,-0.030968413401814148,-0.01147469148695532,0.006662051096742628,0.008253464049658344,0.0059102346284331505,0.015494105388960955,0.002542431986062157,-0.011252875330296098,-0.002182475714119532,-0.006174216313674205,0.0025424319860621546,0.015494105388960951,0.005910234628433151,0.008253464049658344,0.006662051096742642,-0.011474691486955318,-0.030968413401814148,-0.0004526510616834233,-0.013216640285980553,0.020399248071105918,0.024128021766838387,-0.01814450105306997,0.05116268064412195,0.03941697134422868,0.0,0.1798150560152077
53,0.231,0.04018586559585725,0.0548859704122591,-0.009513808774667747,0.027868112516548596,0.009503707238208734,-0.0011147495038186716,0.013268210387988942,-0.03666468696686155,-0.010959107076818147,0.0037595712035291403,0.00127034349750371,-0.00047480188253957875,0.02332866329505906,0.0024447086804558517,0.0020241693244308365,-0.0026718836343589663,-0.011268945656614316,0.0024447086804558478,0.023328663295059053,-0.0004748018825395773,0.00127034349750371,0.003759571203529148,-0.01095910707681814,-0.03666468696686156,0.013268210387988937,-0.0011147495038186755,0.009503707238208738,0.027868112516548575,-0.009513808774667745,0.05488597041225911,0.040185865595857254,0.0,0.22365933727886694
54,0.254,0.04083271669444527,0.057943018850097304,-0.0006236045935411001,0.030259185001766557,-0.002109021351834583,0.011107941684202694,0.025038487475742534,-0.03534753100461862,-0.007801802534490345,-0.00025634774235034366,-0.006165583841729951,-0.006659605427332454,0.019690492987166457,0.0009622168778215899,0.013994740492870363,-0.0012146840435115747,-0.007173517442751611,0.0009622168778215858,0.019690492987166457,-0.006659605427332454,-0.006165583841729951,-0.0002563477423503416,-0.007801802534490344,-0.03534753100461862,0.025038487475742534,0.011107941684202694,-0.0021090213518345793,0.03025918500176655,-0.0006236045935411001,0.05794301885009731,0.04083271669444528,0.0,0.25934766515729724
55,0.276,0.04135556017446615,0.06029671753078876,0.008283609895281496,0.03118549401540773,-0.01356259475588748,0.022126915033266855,0.033127809808626216,-0.027268898587151424,-0.0027638540055428948,-0.00419634643776943,-0.011403823535593537,-0.010035926956068659,0.006368798527716639,-0.0010653082166597317,0.01693259034658044,0.0011274766482949291,0.002772125826205034,-0.0010653082166597338,0.006368798527716635,-0.010035926956068659,-0.011403823535593537,-0.0041963464377694345,-0.002763854005542894,-0.027268898587151424,0.033127809808626216,0.022126915033266855,-0.013562594755887477,0.031185494015407714,0.008283609895281496,0.06029671753078877,0.041355560174466156,0.0,0.2857284978028418
56,0.307,0.0417528081774552,0.06191849574075459,0.016964869099920187,0.030602199499602245,-0.023992680517670558,0.03074809380401485,0.03634695101928248,-0.013974116398634261,0.002940328434406566,-0.00689355021074036,-0.012577234538858622,-0.009179907593421585,-0.010084986854989491,-0.002489405479494317,0.00894152231038334,0.0026482114052581033,0.01045701872095492,-0.0024894054794943154,-0.010084986854989497,-0.009179907593421585,-0.012577234538858624,-0.0068935502107403705,0.002940328434406567,-0.01397411639863426,0.03634695101928247,0.030748093804014835,-0.023992680517670558,0.030602199499602235,0.016964869099920187,0.0619184957407546,0.0417528081774552,0.0,0.3062104807998502
57,0.342,0.04202325427428349,0.06278866728944481,0.025183370899626193,0.028537537128902262,-0.03261218265170764,0.03603723950526453,0.0342226591527982,0.00199371412809874,0.007935737361516187,-0.0075491520028930755,-0.00926756110624393,-0.004452546952900406,-0.02157910902143802,-0.0025034164151147686,-0.004820733780374328,0.002239585112911206,0.009613904422449294,-0.0025034164151147647,-0.02157910902143802,-0.004452546952900406,-0.00926756110624393,-0.007549152002893089,0.007935737361516185,0.001993714128098744,0.03422265915279819,0.03603723950526453,-0.03261218265170764,0.028537537128902248,0.025183370899626203,0.06278866728944481,0.0420232542742835,0.0,0.3285491789342593
58,0.374,0.042166077129043654,0.06289666947302393,0.03271493598933878,0.025091451499355672,-0.038770639054286925,0.03742119113073405,0.02706723031948125,0.017580175694894316,0.011018216977437687,-0.005968988012330323,-0.0026545176978525634,0.002152537252375215,-0.02246091063733583,-0.0010994047395719198,-0.015471510612705786,0.00019930347957221024,0.0009303675084975317,-0.0010994047395719157,-0.022460910637335827,0.002152537252375214,-0.0026545176978525625,-0.005968988012330336,0.011018216977437687,0.017580175694894316,0.02706723031948125,0.03742119113073405,-0.03877063905428693,0.025091451499355655,0.03271493598933877,0.06289666947302393,0.04216607712904366,0.0,0.35996621102397786
59,0.411,0.042180842993419856,0.06224119129128691,0.03935412290673546,0.020430758086983768,-0.042003307975253174,0.03474997604758172,0.015932597461073766,0.02980380142389962,0.011444727871992109,-0.002621041474761946,0.004904713597807877,0.007849855640568585,-0.012296733325008281,0.0009273482306754337,-0.016136404266021087,-0.0019861812027813387,-0.008511911549516644,0.0009273482306754357,-0.012296733325008274,0.007849855640568584,0.004904713597807876,-0.0026210414747619513,0.011444727871992104,0.02980380142389963,0.015932597461073773,0.03474997604758172,-0.042003307975253174,0.020430758086983754,0.03935412290673546,0.06224119129128692,0.04218084299341987,0.0,0.39916320853568443
60,0.415,0.04206750702396731,0.0608301893614258,0.04491983193977827,0.014781068171874296,-0.042066239289153984,0.028313061858239695,0.002455683726531665,0.03632638677253025,0.009112458528799026,0.001503155804890457,0.01071568734727678,0.01023674090539768,0.003914814879230685,0.0024288187303036276,-0.006386267870652362,-0.00272462859728488,-0.011012475682877436,0.0024288187303036263,0.0039148148792306865,0.01023674090539768,0.010715687347276782,0.0015031558048904572,0.009112458528799024,0.03632638677253025,0.002455683726531667,0.028313061858239695,-0.04206623928915399,0.014781068171874289,0.04491983193977827,0.06083018936142581,0.04206750702396732,0.0,0.43095495937136846
61,0.372,0.041826413418300255,0.058680791335475234,0.049260245054766394,0.008415867619985156,-0.03895468394735609,0.018807988094137702,-0.011382244653898716,0.03590025457611536,0.004583608298080783,0.005182176684150302,0.012707114675955955,0.008306598224720265,0.01820110887796988,0.0025545213563998486,0.007485801185504275,-0.001478041005910684,-0.004532041087515087,0.0025545213563998447,0.01820110887796988,0.008306598224720265,0.012707114675955955,0.005182176684150309,0.004583608298080781,0.03590025457611536,-0.011382244653898714,0.018807988094137702,-0.03895468394735609,0.008415867619985154,0.04926024505476641,0.05868079133547524,0.04182641341830027,0.0,0.4296552383216833
62,0.322,0.04145829436977521,0.0558190879938185,0.052256967096535524,0.0016432781886314665,-0.03290345236024842,0.00726477698403171,-0.02354684801338078,0.02860691782102155,-0.0010501321608504324,0.007326437989623716,0.010169162525170685,0.002873405403416177,0.02353633814106138,0.0012332537452619014,0.016526258254244704,0.0008453770607137369,0.005644406685772298,0.0012332537452618972,0.02353633814106138,0.0028734054034161753,0.010169162525170687,0.007326437989623729,-0.0010501321608504337,0.02860691782102154,-0.023546848013380774,0.007264776984031704,-0.03290345236024842,0.0016432781886314607,0.052256967096535524,0.0558190879938185,0.04145829436977521,0.0,0.37239101744846714
63,0.345,0.04096426784384366,0.05227981653845728,0.053828255299657506,-0.0052088577957508575,-0.024369194664577768,-0.005065685436923452,-0.03224978531811315,0.0158414873777406,-0.006430735639612196,0.0073008927578714945,0.0040064696492544535,-0.0037715570172118817,0.017296707446267035,-0.0007865719185933877,0.014900059141551182,0.0025528935532860087,0.011217674326899608,-0.0007865719185933901,0.017296707446267025,-0.0037715570172118817,0.0040064696492544535,0.007300892757871508,-0.006430735639612194,0.015841487377740597,-0.03224978531811314,-0.005065685436923452,-0.024369194664577768,-0.0052088577957508575,0.05382825529965752,0.052279816538457285,0.04096426784384366,0.0,0.25594164526635554
64,0.234,0.040345834182827896,0.04810593893043545,0.05393124901799384,-0.011808847378060273,-0.013995940077811788,-0.016847202238579738,-0.03621162151898492,4.580727129844866e-05,-0.010261194231123563,0.005113106494932097,-0.0035843067749095274,-0.00882598225497643,0.0025507846841530753,-0.002360855738456098,0.0036568126911678484,0.0024004930562383535,0.007642597692837398,-0.0023608557384560973,0.002550784684153073,-0.00882598225497643,-0.0035843067749095282,0.0051131064949321075,-0.010261194231123563,4.580727129844866e-05,-0.03621162151898492,-0.016847202238579738,-0.013995940077811794,-0.011808847378060268,0.05393124901799384,0.04810593893043545,0.0403458341828279,0.0,0.10609344417772061
65,-0.087,0.03960487154943058,0.04334812038982996,0.05256313885139288,-0.01783720331327053,-0.0025664958776703273,-0.02680306326640904,-0.0348499196850216,-0.015758635110119053,-0.011618166324997058,0.0014110165671084327,-0.009897477230418849,-0.010158323248019381,-0.01344958026539202,-0.002597868300284057,-0.009946675448320952,0.0004992073332416868,-0.002165242775630907,-0.0025978683002840534,-0.013449580265392018,-0.010158323248019378,-0.009897477230418845,0.0014110165671084361,-0.011618166324997053,-0.015758635110119063,-0.03484991968502161,-0.026803063266409036,-0.002566495877670331,-0.01783720331327052,0.05256313885139288,0.043348120389829964,0.03960487154943059,0.0,-0.02883188141839025
66,-0.233,0.03874363022281641,0.03806411438861198,0.04976124327880247,-0.023002109560498713,0.009056626365796279,-0.033854396496945466,-0.028364866143184786,-0.02854867628061131,-0.010174550408848577,-0.002708961695507896,-0.012682747654400892,-0.007206706510134051,-0.02283561943786712,-0.0013633573998604199,-0.01713021265134782,-0.0017657771421937386,-0.010207263897450984,-0.0013633573998604155,-0.02283561943786712,-0.007206706510134051,-0.012682747654400896,-0.0027089616955078975,-0.010174550408848574,-0.02854867628061131,-0.028364866143184786,-0.033854396496945466,0.009056626365796277,-0.023002109560498706,0.04976124327880248,0.03806411438861198,0.03874363022281642,0.0,-0.09933600835465674
67,-0.059,0.03776472576458819,0.03231806160173205,0.04560199070744625,-0.027053547290598657,0.019996299362795955,-0.03723708056195213,-0.01770984071298379,-0.035877764535496785,-0.0062783337048220944,-0.006026650659513949,-0.010947324086554492,-0.001215884844935603,-0.02099140284749872,0.0006434068134465433,-0.01325727924525506,-0.002744300259919465,-0.009924960251019117,0.0006434068134465459,-0.020991402847498716,-0.001215884844935603,-0.010947324086554492,-0.006026650659513959,-0.006278333704822093,-0.035877764535496785,-0.017709840712983795,-0.03723708056195213,0.01999629936279595,-0.027053547290598647,0.045601990707446256,0.03231806160173205,0.0377647257645882,0.0,-0.0799532297448881
68,0.054,0.03667113107541229,0.026179711326213523,0.04019883470510855,-0.029795397606314156,0.02942697163704933,-0.03658454915523432,-0.00445125856061249,-0.03634395025438491,-0.0008687089805634663,-0.007559479638748578,-0.0053097884864220105,0.0052876985383343775,-0.008823891833709574,0.002285722905324256,-0.0008276091940675087,-0.0017234565527054445,-0.0015485587864533966,0.0022857229053242552,-0.008823891833709567,0.005287698538334379,-0.005309788486422011,-0.007559479638748592,-0.0008687089805634649,-0.0363439502543849,-0.004451258560612495,-0.036584549155234306,0.029426971637049326,-0.02979539760631415,0.04019883470510856,0.026179711326213523,0.0366711310754123,0.0,0.016526466809679313
69,0.135,0.03546616736641693,0.019723574819171558,0.033699159282556686,-0.031094935115776365,0.036636966941885014,-0.03196751417977787,0.009461711416890648,-0.029858058785682293,0.004750320213136261,-0.00685348419042217,0.0022203913231944095,0.009561359081087118,0.007683092535985189,0.0026333256035234857,0.012136230333955151,0.0005530157407935936,0.008090738042695514,0.0026333256035234822,0.007683092535985193,0.009561359081087118,0.0022203913231944095,-0.006853484190422183,0.004750320213136261,-0.029858058785682286,0.009461711416890641,-0.03196751417977787,0.036636966941885014,-0.031094935115776344,0.033699159282556686,0.019723574819171558,0.03546616736641694,0.0,0.1449041367418215
70,0.269,0.03415349407278327,0.01302802083208735,0.02628025864192858,-0.03088925280170463,0.04108219019607829,-0.023886303015852546,0.021983697547507973,-0.01766074828033708,0.009224272855121379,-0.004117752761225973,0.008959125147461593,0.009802813013207463,0.020411633563537507,0.0014893205828445289,0.01726689950245378,0.0024265870318182755,0.011131799364377283,0.0014893205828445243,0.020411633563537503,0.009802813013207463,0.008959125147461595,-0.004117752761225983,0.00922427285512138,-0.01766074828033708,0.021983697547507966,-0.02388630301585255,0.04108219019607829,-0.030889252801704604,0.026280258641928577,0.01302802083208735,0.03415349407278328,0.0,0.2505468250855247
71,0.34,0.0327370977401609,0.00617432432032632,0.018144501053069965,-0.029188307176159153,0.04242718707472408,-0.013216640285980547,0.0312738192895308,-0.002085189555518244,0.011474691486955322,-0.00016250280574987085,0.012504429256826677,0.005910234628433151,0.023102003037229965,-0.0004982877029538777,0.011252875330296098,0.002532262265656837,0.005094549975660175,-0.0004982877029538805,0.023102003037229958,0.005910234628433151,0.012504429256826677,-0.0001625028057498723,0.011474691486955317,-0.0020851895555182385,0.0312738192895308,-0.013216640285980547,0.04242718707472408,-0.029188307176159136,0.018144501053069965,0.00617432432032632,0.032737097740160905,0.0,0.29607440829340415
72,0.283,0.031221279917659807,-0.0007543201247221101,0.009513808774667743,-0.026074436313324408,0.04057045873420414,-0.0011147495038186744,0.03596631851428826,0.013889236068447636,0.010959107076818141,0.0038408741728079756,0.011592599963165725,-0.00047480188253957875,0.014431112815384589,-0.0022036484068529588,-0.0020241693244308382,0.000793051486129784,-0.005097455180278339,-0.0022036484068529583,0.014431112815384589,-0.00047480188253957875,0.011592599963165728,0.0038408741728079804,0.010959107076818141,0.013889236068447636,0.03596631851428826,-0.0011147495038186744,0.04057045873420414,-0.0260744363133244,0.009513808774667743,-0.0007543201247221091,0.031221279917659814,0.0,0.2763971065937932
73,0.171,0.02961064409418712,-0.007673808145285522,0.0006236045935410962,-0.021698374091023667,0.03565212132085908,0.011107941684202689,0.03537134215656111,0.027206849745757617,0.007801802534490347,0.00670673331519181,0.006548653684194503,-0.006659605427332452,-0.0013368079161947752,-0.0026607855834535577,-0.013994740492870363,-0.0015239389390850132,-0.01113233528894128,-0.0026607855834535543,-0.0013368079161947782,-0.006659605427332452,0.006548653684194503,0.00670673331519182,0.007801802534490345,0.027206849745757617,0.03537134215656111,0.011107941684202689,0.03565212132085908,-0.02169837409102366,0.0006236045935410962,-0.007673808145285523,0.029610644094187122,0.0,0.2145496092104942
74,0.097,0.027910081717802546,-0.014500146530181165,-0.008283609895281496,-0.016271953580511127,0.028043332246207572,0.02212691503326686,0.029576358800669104,0.035320182706750296,0.002763854005542894,0.007586318389421062,-0.0008295233286375048,-0.010035926956068659,-0.01644730418659371,-0.0016107607481674906,-0.016932590346580435,-0.0027306598349262773,-0.008088467624916489,-0.0016107607481674864,-0.016447304186593712,-0.010035926956068657,-0.0008295233286375052,0.007586318389421076,0.0027638540055428926,0.03532018270675029,0.029576358800669098,0.02212691503326685,0.028043332246207576,-0.016271953580511117,-0.008283609895281499,-0.01450014653018117,0.02791008171780255,0.0,0.14294391754201521
75,0.081,0.026124757340551395,-0.021150472778619436,-0.016964869099920184,-0.010057852793264944,0.01831828116427309,0.030748093804014835,0.019433299760711314,0.03667727055023514,-0.002940328434406568,0.006219130439958034,-0.007912021421566707,-0.009179907593421585,-0.023469233684048296,0.0003516553090843798,-0.008941522310383336,-0.0019479516716064777,0.0015517839539114279,0.000351655309084383,-0.023469233684048296,-0.009179907593421585,-0.007912021421566707,0.006219130439958047,-0.0029403284344065674,0.03667727055023514,0.019433299760711314,0.030748093804014835,0.018318281164273094,-0.010057852793264939,-0.016964869099920194,-0.021150472778619443,0.026124757340551398,0.0,0.08305791509908256
76,0.051,0.024260092933889803,-0.02754406093871498,-0.025183370899626197,-0.0033568791648232346,0.007210859323887766,0.03603723950526452,0.006433315068742616,0.031018521807144747,-0.007935737361516187,0.0030100774663739246,-0.012174324027023347,-0.004452546952900405,-0.018949304308485085,0.002114881500596551,0.0048207337803743274,0.0002539415589151916,0.00992650994896888,0.0021148815005965506,-0.01894930430848508,-0.004452546952900405,-0.012174324027023347,0.003010077466373932,-0.007935737361516189,0.031018521807144747,0.00643331506874262,0.03603723950526452,0.007210859323887772,-0.0033568791648232307,-0.025183370899626193,-0.027544060938714986,0.024260092933889803,0.0,0.03597871319387942
77,0.006,0.022321751422335532,-0.03360330151118826,-0.03271493598933878,0.003506591701361105,-0.004440722800055495,0.037421191130734034,-0.0075124432732840765,0.019426374070855502,-0.01101821697743769,-0.001090443608536348,-0.012097157379976206,0.002152537252375214,-0.005110357575356545,0.0026801648450177433,0.015471510612705786,0.0022708250309261746,0.010205874301506617,0.0026801648450177403,-0.005110357575356542,0.002152537252375212,-0.012097157379976204,-0.0010904436085363489,-0.011018216977437684,0.019426374070855495,-0.007512443273284069,0.03742119113073403,-0.004440722800055487,0.0035065917013611036,-0.032714935989338785,-0.03360330151118827,0.022321751422335535,0.0,-0.012209727439849972
78,-0.027,0.02031561948535243,-0.03925464352355428,-0.03935412290673546,0.010200318159902338,-0.015757190221361968,0.034749976047581725,-0.020353783314713495,0.004118239187591081,-0.011444727871992107,-0.004868017615085561,-0.007708027097282245,0.007849855640568584,0.011241795456685477,0.00172730908603855,0.016136404266021087,0.002633293241463616,0.002162047142270717,0.0017273090860385457,0.011241795456685477,0.007849855640568584,-0.007708027097282247,-0.004868017615085568,-0.011444727871992107,0.004118239187591082,-0.02035378331471349,0.034749976047581725,-0.015757190221361964,0.010200318159902336,-0.03935412290673547,-0.03925464352355429,0.020315619485352432,0.0,-0.07614305432425449
79,-0.096,0.018247789679698305,-0.04442948733929367,-0.04491983193977826,0.016400275422802178,-0.025884557049549405,0.02831306185823969,-0.030202875699631277,-0.01197765587332876,-0.009112458528799027,-0.00720387376918016,-0.0005714139554269786,0.01023674090539768,0.02206538209464935,-0.00020395494959891787,0.006386267870652363,0.0010772690682722783,-0.007644993230354028,-0.00020395494959892126,0.02206538209464935,0.01023674090539768,-0.0005714139554269786,-0.007203873769180171,-0.009112458528799026,-0.01197765587332876,-0.030202875699631277,0.02831306185823969,-0.025884557049549405,0.01640027542280217,-0.04491983193977827,-0.04442948733929367,0.018247789679698305,0.0,-0.15866717457902793
80,-0.377,0.016124541936530342,-0.04906501736451255,-0.049260245054766394,0.021806340703425662,-0.03405857168055927,0.01880798809413771,-0.03561178698235548,-0.025782396902423597,-0.0045836082980807834,-0.007406222150486223,0.006768876473522249,0.008306598224720263,0.022037505512970217,-0.0020196917687318643,-0.007485801185504273,-0.0012636021816381906,-0.011217316137072273,-0.0020196917687318643,0.022037505512970217,0.008306598224720263,0.00676887647352225,-0.007406222150486237,-0.004583608298080783,-0.025782396902423597,-0.035611786982355474,0.0188079880941377,-0.03405857168055927,0.021806340703425662,-0.04926024505476641,-0.04906501736451256,0.016124541936530342,0.0,-0.24783809801743423
81,-0.379,0.013952324489460526,-0.05310496454416015,-0.05225696709653552,0.026156821330686177,-0.03966239027933266,0.00726477698403171,-0.03578534302450804,-0.03465533464397889,0.0010501321608504313,-0.0054151350231549334,0.011696438995308329,0.0028734054034161758,0.01117187504600192,-0.0026914045340356027,-0.0165262582542447,-0.0026838728985869244,-0.005641586882969885,-0.0026914045340356,0.011171875046001915,0.0028734054034161758,0.011696438995308329,-0.005415135023154946,0.0010501321608504322,-0.03465533464397889,-0.03578534302450803,0.00726477698403171,-0.03966239027933266,0.02615682133068616,-0.052256967096535524,-0.05310496454416015,0.013952324489460525,0.0,-0.3236632475077025
82,-0.32,0.011737734291482142,-0.05650028939213304,-0.053828255299657526,0.029241122567605762,-0.04227312628259772,-0.005065685436923455,-0.030698029028551097,-0.03689920318088268,0.006430735639612195,-0.0018202951049255214,0.012454871693437434,-0.003771557017211883,-0.0051879358813869915,-0.001838611642986143,-0.014900059141551182,-0.002148801295979472,0.00453502287093806,-0.001838611642986139,-0.0051879358813869915,-0.003771557017211882,0.012454871693437434,-0.0018202951049255268,0.0064307356396121965,-0.03689920318088268,-0.030698029028551097,-0.005065685436923452,-0.042273126282597724,0.02924112256760574,-0.05382825529965752,-0.05650028939213305,0.011737734291482145,0.0,-0.36855088571682965
83,-0.325,0.009487496980240324,-0.05920977726420573,-0.053931249017993836,0.030909941920184175,-0.04169376311021879,-0.01684720223857974,-0.02109774051577267,-0.03208478259735328,0.010261194231123564,0.0023136455637560328,0.008773835502979197,-0.00882598225497643,-0.018996388524507232,5.5635185634837206e-05,-0.003656812691167849,-4.8215129490088816e-05,0.011013187714592814,5.563518563484037e-05,-0.018996388524507232,-0.008825982254976428,0.008773835502979197,0.0023136455637560354,0.010261194231123563,-0.03208478259735328,-0.021097740515772682,-0.016847202238579734,-0.04169376311021878,0.030909941920184158,-0.053931249017993836,-0.059209777264205746,0.009487496980240328,0.0,-0.3744621123854443
84,-0.322,0.007208446452491591,-0.061200538647980834,-0.05256313885139288,0.031082496458273937,-0.03796802182427792,-0.026803063266409043,-0.008395833810450375,-0.021133002601800222,0.011618166324997056,0.0057623742267984375,0.0019654150481304357,-0.010158323248019381,-0.02346266841505478,0.0019183682993460067,0.00994667544832095,0.0020874982902997358,0.008509773146659398,0.0019183682993460067,-0.02346266841505478,-0.010158323248019381,0.0019654150481304366,0.005762374226798445,0.011618166324997056,-0.021133002601800222,-0.008395833810450377,-0.026803063266409043,-0.03796802182427793,0.03108249645827393,-0.05256313885139289,-0.06120053864798084,0.007208446452491591,0.0,-0.343714700825416
85,-0.327,0.004907504109784002,-0.062448408397016125,-0.04976124327880247,0.029750433293843404,-0.031377061762873006,-0.03385439649694546,0.005540360086365247,-0.006138781862603863,0.01017455040884858,0.00750451132584264,-0.005543566534452297,-0.0072067065101340515,-0.01639031814508562,0.0026944705159410005,0.01713021265134782,0.0027023596044725845,-0.0009336124153258322,0.0026944705159409974,-0.016390318145085618,-0.0072067065101340515,-0.005543566534452297,0.0075045113258426525,0.010174550408848577,-0.006138781862603863,0.005540360086365244,-0.03385439649694546,-0.03137706176287301,0.029750433293843394,-0.04976124327880248,-0.06244840839701613,0.004907504109784001,0.0,-0.28539834665408154
86,-0.211,0.002591657838388135,-0.0629382390629675,-0.04560199070744624,0.026978233921188498,-0.022418263132001376,-0.03723708056195214,0.018662055310952563,0.010029699930987793,0.006278333704822096,0.007024103477866347,-0.011076575038606424,-0.0012158848449356028,-0.0012574260840557449,0.00194433039680296,0.01325727924525506,0.0013484100632332999,-0.009615609516022711,0.001944330396802956,-0.001257426084055739,-0.0012158848449356013,-0.011076575038606424,0.00702410347786636,0.006278333704822094,0.010029699930987795,0.018662055310952545,-0.03723708056195212,-0.02241826313200138,0.02697823392118848,-0.04560199070744625,-0.0629382390629675,0.0025916578383881313,0.0,-0.21148400990944763
87,-0.126,0.0002679407873161466,-0.06266408476509248,-0.040198834705108544,0.022900092846101627,-0.011767692706002107,-0.03658454915523431,0.0290402069688988,0.02427964376707748,0.0008687089805634673,0.00446342883912363,-0.012661400736356646,0.005287698538334378,0.014493851502500989,9.285354055947579e-05,0.0008276091940675097,-0.000987927005427157,-0.010455793447173163,9.285354055947225e-05,0.01449385150250099,0.005287698538334378,-0.012661400736356646,0.00446342883912364,0.0008687089805634653,0.02427964376707749,0.029040206968898793,-0.03658454915523431,-0.01176769270600211,0.022900092846101613,-0.04019883470510855,-0.0626640847650925,0.0002679407873161422,0.0,-0.13498038385316902
88,-0.078,-0.0020565899911206085,-0.06162927336518805,-0.03369915928255669,0.017713421600928266,-0.00022908512491542226,-0.03196751417977787,0.03514910362379679,0.03388523946889786,-0.004750320213136261,0.0005808598381699416,-0.009733141431022526,0.009561359081087118,0.023117244522377334,-0.0018112188084853404,-0.012136230333955146,-0.0026045073809293036,-0.0027689694319761693,-0.0018112188084853408,0.023117244522377327,0.009561359081087116,-0.009733141431022526,0.0005808598381699455,-0.0047503202131362636,0.03388523946889786,0.03514910362379679,-0.03196751417977787,-0.00022908512491543004,0.017713421600928255,-0.033699159282556686,-0.06162927336518806,-0.0020565899911206076,0.0,-0.06924785566875155
89,-0.036,-0.004374874973347517,-0.05984636607185637,-0.026280258641928574,0.011669292598179337,0.011326810135896188,-0.023886303015852546,0.03609066498183326,0.03700907414422243,-0.009224272855121382,-0.003473737299220304,-0.0033355586645713703,0.009802813013207465,0.020371882285806,-0.0026893534794476563,-0.01726689950245378,-0.002323567383462651,0.007176030824837137,-0.0026893534794476546,0.020371882285805994,0.009802813013207463,-0.003335558664571371,-0.0034737372992203093,-0.00922427285512138,0.037009074144222436,0.03609066498183326,-0.023886303015852546,0.01132681013589618,0.01166929259817933,-0.026280258641928574,-0.05984636607185638,-0.004374874973347517,0.0,-0.02609481174548142
90,-0.012,-0.0066798736040677795,-0.05733700496444826,-0.018144501053069965,0.00506028540932075,0.022027939003618165,-0.01321664028598055,0.031726470351214224,0.03305360295733239,-0.01147469148695532,-0.00649954829099276,0.0042509652071683335,0.005910234628433151,0.007607897648269013,-0.002044144283108279,-0.011252875330296097,-0.0003497865515373044,0.011268766289334382,-0.0020441442831082746,0.007607897648269011,0.005910234628433151,0.0042509652071683335,-0.00649954829099277,-0.01147469148695532,0.03305360295733239,0.031726470351214224,-0.01321664028598055,0.02202793900361816,0.005060285409320746,-0.01814450105306997,-0.05733700496444827,-0.006679873604067783,0.0,-0.011851913119032843
91,-0.018,-0.008964585678197436,-0.05413165028753699,-0.009513808774667743,-0.0017936762032241765,0.031066751495995398,-0.0011147495038186727,0.02269810812629932,0.022775450898413915,-0.010959107076818145,-0.007600445376337118,0.010322256465662018,-0.00047480188253957854,-0.008897550479674467,-0.0002410602736028928,0.0020241693244308395,0.001878832148229182,0.006171490476335977,-0.00024106027360288893,-0.00889755047967447,-0.00047480188253957854,0.010322256465662018,-0.00760044537633713,-0.010959107076818141,0.022775450898413915,0.022698108126299323,-0.0011147495038186727,0.031066751495995394,-0.0017936762032241785,-0.009513808774667747,-0.05413165028753699,-0.00896458567819744,0.0,-0.02358324515109716
92,-0.032,-0.01122207260025815,-0.05026921070481178,-0.0006236045935411001,-0.008560810910742879,0.03776114267269365,0.011107941684202692,0.010332854680818572,0.008140681258861008,-0.007801802534490348,-0.0064503855728414656,0.012714237525924457,-0.0066596054273324505,-0.021027300903361232,0.0016985687056319673,0.013994740492870361,0.0027386229825965883,-0.003958817846189672,0.0016985687056319677,-0.021027300903361235,-0.006659605427332452,0.012714237525924457,-0.0064503855728414786,-0.007801802534490345,0.008140681258861002,0.010332854680818576,0.011107941684202692,0.03776114267269365,-0.008560810910742886,-0.0006236045935411001,-0.05026921070481179,-0.011222072600258159,0.0,-0.048944187809216874
93,-0.081,-0.013445478456663619,-0.0457965710006076,0.008283609895281492,-0.014913540434896596,0.04160592700209504,0.02212691503326685,-0.0035514510079571126,-0.008051284119598873,-0.0027638540055428956,-0.0033899719516516332,0.010574300206956032,-0.010035926956068657,-0.02281610271431035,0.0026760689648272227,0.016932590346580435,0.0016031831866313477,-0.010860593451121522,0.00267606896482722,-0.022816102714310345,-0.010035926956068657,0.010574300206956032,-0.0033899719516516406,-0.0027638540055428948,-0.008051284119598877,-0.003551451007957108,0.02212691503326685,0.04160592700209504,-0.014913540434896592,0.008283609895281496,-0.045796571000607605,-0.013445478456663622,0.0,-0.07131953900765113
94,-0.08,-0.015628050836903794,-0.040768022962135164,0.016964869099920184,-0.0205443467063373,0.04231096168194364,0.03074809380401484,-0.016913651258571156,-0.022703154151600874,0.0029403284344065653,0.000674419770782326,0.004665213117291917,-0.009179907593421584,-0.0133842468290588,0.0021377501704099374,0.008941522310383336,-0.0007002597336516256,-0.008905234767043493,0.0021377501704099326,-0.013384246829058798,-0.009179907593421584,0.004665213117291916,0.0006744197707823246,0.0029403284344065683,-0.022703154151600874,-0.016913651258571152,0.03074809380401484,0.04231096168194365,-0.02054434670633729,0.016964869099920184,-0.04076802296213517,-0.015628050836903797,0.0,-0.0780234607088303
95,-0.063,-0.017763161340393695,-0.03524460635072983,0.02518337089962619,-0.025180657964079027,0.039823041975595413,0.03603723950526453,-0.027789344084055576,-0.033012235935243495,0.007935737361516189,0.004539074536519152,-0.0029067629207794187,-0.004452546952900405,0.002629804712952936,0.0003885349145182167,-0.004820733780374329,-0.0024935266718263986,0.00031260552651958805,0.00038853491451821306,0.0026298047129529366,-0.004452546952900405,-0.0029067629207794187,0.004539074536519159,0.007935737361516187,-0.0330122359352435,-0.027789344084055572,0.03603723950526452,0.039823041975595413,-0.025180657964079013,0.02518337089962619,-0.03524460635072984,-0.017763161340393695,0.0,-0.06662667821005878
96,-0.04,-0.019844325706708126,-0.029293367961835654,0.03271493598933878,-0.02859804320071678,0.03432991625423142,0.037421191130734034,-0.03457967359276532,-0.03700654976574981,0.011018216977437689,0.007059431620866674,-0.009442639682123641,0.0021525372523752135,0.017350553061979284,-0.0015807601054458234,-0.015471510612705788,-0.002470128510498384,0.009275506793009087,-0.0015807601054458242,0.017350553061979284,0.0021525372523752135,-0.009442639682123641,0.007059431620866685,0.011018216977437687,-0.03700654976574981,-0.03457967359276532,0.037421191130734034,0.03432991625423143,-0.02859804320071677,0.03271493598933878,-0.029293367961835654,-0.01984432570670813,0.0,-0.04526328778695917
97,-0.035,-0.021865223508067428,-0.022986547767732627,0.03935412290673546,-0.030631076246886102,0.026246117753891202,0.03474997604758172,-0.03628638077578726,-0.03392204061149071,0.011444727871992109,0.007489059089847507,-0.012612740695090123,0.007849855640568585,0.023538528781693758,-0.002654657316713983,-0.01613640426602109,-0.0006471120386822775,0.010673958691787364,-0.002654657316713982,0.02353852878169375,0.007849855640568585,-0.012612740695090123,0.00748905908984752,0.011444727871992105,-0.03392204061149071,-0.03628638077578727,0.03474997604758172,0.026246117753891206,-0.030631076246886088,0.03935412290673546,-0.02298654776773263,-0.02186522350806744,0.0,-0.026682115271831792
98,-0.038,-0.023819717344269006,-0.01640070202213213,0.04491983193977826,-0.031181343594676468,0.016181682239604575,0.028313061858239695,-0.032658559426162956,-0.024348730899201493,0.009112458528799027,0.005700717964289702,-0.011287101302703759,0.01023674090539768,0.018150567215418658,-0.0022248637807047093,-0.006386267870652362,0.0016473595290126015,0.00336748245252341,-0.002224863780704705,0.018150567215418655,0.01023674090539768,-0.01128710130270376,0.005700717964289713,0.009112458528799026,-0.02434873089920149,-0.03265855942616295,0.02831306185823968,0.016181682239604575,-0.03118134359467646,0.04491983193977827,-0.01640070202213213,-0.023819717344269013,0.0,-0.019983341325762172
99,-0.018,-0.025701871481769927,-0.00961577397096268,0.049260245054766394,-0.030222208323410826,0.004896112266796817,0.018807988094137706,-0.024229542328456772,-0.010117857673691763,0.004583608298080784,0.002224045466335921,-0.005938238202433705,0.008306598224720265,0.0038363966350003394,-0.0005348295876679836,0.007485801185504274,0.002741643187548874,-0.006685275049557186,-0.0005348295876679795,0.0038363966350003346,0.008306598224720265,-0.005938238202433705,0.002224045466335927,0.004583608298080781,-0.01011785767369176,-0.024229542328456772,0.018807988094137706,0.004896112266796818,-0.030222208323410805,0.0492602450547664,-0.00961577397096268,-0.025701871481769934,0.0,-0.025348485733614878
100,-0.026,-0.027505969880314684,-0.0027141234496583515,0.052256967096535524,-0.027800099519317636,-0.0067589379190842545,0.007264776984031706,-0.012238495011127266,0.0060484168229573395,-0.0010501321608504318,-0.0019113029664687808,0.0015272764701376423,0.002873405403416175,-0.012364463095059465,0.0014581507887737014,0.016526258254244704,0.001838495837873188,-0.011285993568742183,0.0014581507887737025,-0.012364463095059463,0.0028734054034161758,0.0015272764701376434,-0.0019113029664687827,-0.0010501321608504352,0.0060484168229573395,-0.012238495011127268,0.00726477698403171,-0.006758937919084248,-0.02780009951931762,0.05225696709653552,-0.0027141234496583515,-0.027505969880314684,0.0,-0.034750300348681845
101,-0.033,-0.029226533552361517,0.004220472853675758,0.05382825529965751,-0.02403226477185491,-0.017903931618019953,-0.005065685436923456,0.0015517562895620504,0.02105771580314208,-0.0064307356396121965,-0.005480597652945972,0.008448402044182981,-0.0037715570172118826,-0.022484643327654024,0.0026251835615795304,0.014900059141551182,-0.0004040922573065369,-0.006682651455961547,0.0026251835615795287,-0.022484643327654017,-0.00377155701721188,0.00844840204418298,-0.0054805976529459805,-0.006430735639612195,0.021057715803142085,0.0015517562895620406,-0.005065685436923453,-0.017903931618019946,-0.024032264771854894,0.05382825529965751,0.004220472853675758,-0.02922653355236152,0.0,-0.03751501090128488
102,-0.025,-0.030858337202587575,0.011103838333770289,0.05393124901799384,-0.019101094542123907,-0.027697823032406994,-0.01684720223857974,0.015113881003212242,0.03203897532605482,-0.010261194231123564,-0.007426752058688129,0.012358142277888727,-0.00882598225497643,-0.021547173208660307,0.0023052205528212616,0.0036568126911678475,-0.002352277926748265,0.003370590021755416,0.0023052205528212573,-0.021547173208660307,-0.00882598225497643,0.012358142277888727,-0.007426752058688143,-0.010261194231123563,0.03203897532605482,0.01511388100321224,-0.01684720223857974,-0.027697823032406994,-0.019101094542123893,0.053931249017993864,0.011103838333770289,-0.03085833720258758,0.0,-0.02675337972863593
103,-0.001,-0.03239642509693899,0.017852418258150867,0.05256313885139288,-0.013245293145003414,-0.035401525946607594,-0.02680306326640904,0.02645408587457123,0.03689163771191928,-0.011618166324997055,-0.007173390793906868,0.011862892278549284,-0.010158323248019381,-0.010013088149662765,0.0006795000009380503,-0.009946675448320954,-0.0025867056235414224,0.010675015922290306,0.0006795000009380462,-0.010013088149662763,-0.010158323248019381,0.011862892278549284,-0.007173390793906882,-0.011618166324997053,0.03689163771191928,0.02645408587457123,-0.02680306326640904,-0.035401525946607594,-0.013245293145003409,0.05256313885139288,0.01785241825815087,-0.032396425096939,0.0,-0.0028695711416191136
104,0.04,-0.03383612611303241,0.024384294008404157,0.04976124327880247,-0.006748323733344698,-0.04043368812866928,-0.03385439649694547,0.033905226229550035,0.034687458143215166,-0.01017455040884858,-0.004795549630334743,0.007139181119948595,-0.0072067065101340515,0.0064453012927815035,-0.00133111311608058,-0.01713021265134782,-0.0009365824622788459,0.009273651482125151,-0.0013311131160805812,0.00644530129278151,-0.00720670651013405,0.007139181119948596,-0.004795549630334754,-0.010174550408848577,0.03468745814321516,0.03390522622955003,-0.03385439649694546,-0.04043368812866928,-0.006748323733344692,0.04976124327880248,0.02438429400840416,-0.03383612611303241,0.0,0.027091356239122732
105,0.031,-0.035173067926200056,0.030620177461235444,0.04560199070744624,7.531336941015825e-05,-0.042414562494797324,-0.03723708056195213,0.03637189602393635,0.02584806460450899,-0.006278333704822096,-0.000997452818352396,-0.00012925095205193422,-0.0012158848449356032,0.019733976763442983,-0.0025877372102495037,-0.01325727924525506,0.0013958901966861644,0.0003093507349964045,-0.0025877372102495015,0.019733976763442983,-0.0012158848449356032,-0.00012925095205193422,-0.0009974528183524,-0.006278333704822093,0.02584806460450899,0.03637189602393634,-0.03723708056195213,-0.04241456249479732,7.53133694101602e-05,0.04560199070744624,0.030620177461235455,-0.03517306792620007,0.0,0.052884058519665746
106,0.046,-0.03640319028809614,0.03648437343887897,0.04019883470510856,0.006895304760212529,-0.041194664343051426,-0.03658454915523431,0.03349146552951129,0.012064306487307424,-0.0008687089805634673,0.003096050799624948,-0.007351612249934633,0.005287698538334379,0.023317743336210565,-0.0023785764458837317,-0.0008276091940675087,0.0027113835581326017,-0.008907234660719764,-0.002378576445883728,0.023317743336210558,0.0052876985383343775,-0.007351612249934634,0.003096050799624952,-0.0008687089805634634,0.012064306487307424,0.03349146552951129,-0.03658454915523432,-0.04119466434305144,0.006895304760212525,0.04019883470510856,0.03648437343887898,-0.03640319028809615,0.0,0.06508549196819519
107,0.056,-0.037522757357537545,0.04190569854601651,0.033699159282556686,0.013381513514848089,-0.036866052066800443,-0.03196751417977787,0.025687392206906152,-0.004027180683215566,0.004750320213136263,0.006272624352252228,-0.011953532754216938,0.009561359081087118,0.015434151986392143,-0.0008221067950381446,0.012136230333955146,0.0020514916401357104,-0.01085970747467168,-0.0008221067950381403,0.015434151986392138,0.009561359081087116,-0.011953532754216933,0.00627262435225224,0.004750320213136262,-0.004027180683215569,0.02568739220690616,-0.03196751417977787,-0.036866052066800443,0.013381513514848084,0.033699159282556686,0.04190569854601651,-0.037522757357537545,0.0,0.058394165192636543
108,0.031,-0.038528369046130787,0.04681834523976903,0.02628025864192857,0.019219960203525285,-0.029755380060182104,-0.02388630301585255,0.014106967434325284,-0.01934832586388535,0.00922427285512138,0.007591490060446278,-0.012294683812032962,0.009802813013207465,-3.9751277731503634e-05,0.0012000328966031274,0.01726689950245378,-0.00010301964835562503,-0.003955768539540145,0.0012000328966031292,-3.9751277731505585e-05,0.009802813013207465,-0.012294683812032966,0.0075914900604462906,0.009224272855121379,-0.01934832586388535,0.014106967434325284,-0.02388630301585255,-0.029755380060182107,0.019219960203525278,0.026280258641928574,0.046818345239769035,-0.03852836904613079,0.0,0.03399076585278033
109,0.029,-0.03941697134422867,0.051162680644121945,0.01814450105306996,0.024128021766838398,-0.020399248071105915,-0.013216640285980547,0.0004526510616834213,-0.030968413401814148,0.01147469148695532,0.006662051096742629,-0.008253464049658342,0.005910234628433154,-0.015494105388960955,0.002542431986062157,0.011252875330296097,-0.002182475714119532,0.006174216313674208,0.002542431986062155,-0.015494105388960953,0.005910234628433154,-0.008253464049658342,0.006662051096742642,0.011474691486955318,-0.030968413401814148,0.0004526510616834213,-0.013216640285980547,-0.020399248071105915,0.02412802176683839,0.018144501053069962,0.051162680644121945,-0.039416971344228675,0.0,0.0007014582941675881
110,0.019,-0.04018586559585724,0.05488597041225911,0.009513808774667737,0.02786811251654859,-0.009503707238208732,-0.0011147495038186725,-0.013268210387988949,-0.036664686966861544,0.010959107076818141,0.00375957120352914,-0.001270343497503709,-0.0004748018825395778,-0.023328663295059057,0.0024447086804558517,-0.0020241693244308374,-0.0026718836343589654,0.011268945656614317,0.0024447086804558478,-0.02332866329505906,-0.00047480188253957973,-0.001270343497503709,0.0037595712035291486,0.01095910707681814,-0.036664686966861544,-0.01326821038798894,-0.0011147495038186686,-0.009503707238208734,0.02786811251654858,0.00951380877466774,0.05488597041225911,-0.04018586559585725,0.0,-0.026186606709293306
111,-0.001,-0.04083271669444526,0.05794301885009732,0.0006236045935410962,0.030259185001766557,0.0021090213518345793,0.01110794168420269,-0.025038487475742544,-0.035347531004618626,0.007801802534490346,-0.00025634774235034453,0.006165583841729954,-0.006659605427332453,-0.01969049298716646,0.0009622168778215902,-0.013994740492870361,-0.0012146840435115747,0.007173517442751611,0.0009622168778215857,-0.019690492987166453,-0.006659605427332453,0.006165583841729954,-0.0002563477423503426,0.0078018025344903435,-0.035347531004618626,-0.025038487475742534,0.01110794168420269,0.0021090213518345775,0.03025918500176654,0.0006236045935410923,0.05794301885009732,-0.04083271669444527,0.0,-0.029741520285973468
112,-0.067,-0.041355560174466156,0.060296717530788774,-0.008283609895281496,0.03118549401540772,0.013562594755887482,0.02212691503326686,-0.033127809808626216,-0.027268898587151424,0.002763854005542895,-0.004196346437769428,0.011403823535593537,-0.010035926956068659,-0.006368798527716637,-0.0010653082166597314,-0.016932590346580435,0.0011274766482949291,-0.0027721258262050326,-0.001065308216659733,-0.0063687985277166344,-0.010035926956068659,0.011403823535593537,-0.004196346437769434,0.0027638540055428913,-0.027268898587151424,-0.033127809808626216,0.022126915033266855,0.013562594755887478,0.0311854940154077,-0.008283609895281496,0.06029671753078878,-0.04135556017446617,0.0,0.0006970410210044645
113,-0.123,-0.04175280817745519,0.0619184957407546,-0.016964869099920184,0.030602199499602245,0.023992680517670565,0.03074809380401485,-0.03634695101928248,-0.013974116398634268,-0.002940328434406567,-0.006893550210740358,0.012577234538858626,-0.009179907593421585,0.010084986854989495,-0.002489405479494317,-0.008941522310383336,0.0026482114052581033,-0.01045701872095492,-0.0024894054794943154,0.010084986854989495,-0.009179907593421585,0.012577234538858624,-0.0068935502107403705,-0.002940328434406567,-0.013974116398634266,-0.03634695101928248,0.03074809380401484,0.023992680517670558,0.030602199499602228,-0.016964869099920187,0.06191849574075461,-0.0417528081774552,0.0,0.062013179458990646
